-- MySQL dump 10.13  Distrib 5.7.31, for Linux (x86_64)
--
-- Host: localhost    Database: p7_test
-- ------------------------------------------------------
-- Server version	5.7.31-0ubuntu0.18.04.1

/*!40101 SET @OLD_CHARACTER_SET_CLIENT=@@CHARACTER_SET_CLIENT */;
/*!40101 SET @OLD_CHARACTER_SET_RESULTS=@@CHARACTER_SET_RESULTS */;
/*!40101 SET @OLD_COLLATION_CONNECTION=@@COLLATION_CONNECTION */;
/*!40101 SET NAMES utf8 */;
/*!40103 SET @OLD_TIME_ZONE=@@TIME_ZONE */;
/*!40103 SET TIME_ZONE='+00:00' */;
/*!40014 SET @OLD_UNIQUE_CHECKS=@@UNIQUE_CHECKS, UNIQUE_CHECKS=0 */;
/*!40014 SET @OLD_FOREIGN_KEY_CHECKS=@@FOREIGN_KEY_CHECKS, FOREIGN_KEY_CHECKS=0 */;
/*!40101 SET @OLD_SQL_MODE=@@SQL_MODE, SQL_MODE='NO_AUTO_VALUE_ON_ZERO' */;
/*!40111 SET @OLD_SQL_NOTES=@@SQL_NOTES, SQL_NOTES=0 */;

--
-- Table structure for table `application_statuses`
--

DROP TABLE IF EXISTS `application_statuses`;
/*!40101 SET @saved_cs_client     = @@character_set_client */;
/*!40101 SET character_set_client = utf8 */;
CREATE TABLE `application_statuses` (
  `id` int(11) NOT NULL AUTO_INCREMENT,
  `created_by` varchar(255) DEFAULT NULL,
  `created_at` datetime(6) DEFAULT NULL,
  `created_from` varchar(255) DEFAULT NULL,
  `modified_by` varchar(255) DEFAULT NULL,
  `modified_at` datetime(6) DEFAULT NULL,
  `modified_from` varchar(255) DEFAULT NULL,
  `is_archived` tinyint(1) NOT NULL,
  `archived_by` varchar(255) DEFAULT NULL,
  `archived_at` datetime(6) DEFAULT NULL,
  `archived_from` varchar(255) DEFAULT NULL,
  `name` varchar(255) NOT NULL,
  PRIMARY KEY (`id`),
  UNIQUE KEY `status` (`name`)
) ENGINE=InnoDB AUTO_INCREMENT=4 DEFAULT CHARSET=utf8;
/*!40101 SET character_set_client = @saved_cs_client */;

--
-- Dumping data for table `application_statuses`
--

LOCK TABLES `application_statuses` WRITE;
/*!40000 ALTER TABLE `application_statuses` DISABLE KEYS */;
INSERT INTO `application_statuses` VALUES (1,'1',NULL,'127.0.0.1',NULL,NULL,NULL,0,NULL,NULL,NULL,'Application Status One'),(2,'1',NULL,'127.0.0.1',NULL,NULL,NULL,0,NULL,NULL,NULL,'Application Status Two'),(3,'1',NULL,'127.0.0.1',NULL,NULL,NULL,0,NULL,NULL,NULL,'Application Status Three');
/*!40000 ALTER TABLE `application_statuses` ENABLE KEYS */;
UNLOCK TABLES;

--
-- Table structure for table `auth_group`
--

DROP TABLE IF EXISTS `auth_group`;
/*!40101 SET @saved_cs_client     = @@character_set_client */;
/*!40101 SET character_set_client = utf8 */;
CREATE TABLE `auth_group` (
  `id` int(11) NOT NULL AUTO_INCREMENT,
  `name` varchar(150) NOT NULL,
  PRIMARY KEY (`id`),
  UNIQUE KEY `name` (`name`)
) ENGINE=InnoDB AUTO_INCREMENT=3 DEFAULT CHARSET=utf8;
/*!40101 SET character_set_client = @saved_cs_client */;

--
-- Dumping data for table `auth_group`
--

LOCK TABLES `auth_group` WRITE;
/*!40000 ALTER TABLE `auth_group` DISABLE KEYS */;
INSERT INTO `auth_group` VALUES (2,'Company'),(1,'Professional');
/*!40000 ALTER TABLE `auth_group` ENABLE KEYS */;
UNLOCK TABLES;

--
-- Table structure for table `auth_group_permissions`
--

DROP TABLE IF EXISTS `auth_group_permissions`;
/*!40101 SET @saved_cs_client     = @@character_set_client */;
/*!40101 SET character_set_client = utf8 */;
CREATE TABLE `auth_group_permissions` (
  `id` int(11) NOT NULL AUTO_INCREMENT,
  `group_id` int(11) NOT NULL,
  `permission_id` int(11) NOT NULL,
  PRIMARY KEY (`id`),
  UNIQUE KEY `auth_group_permissions_group_id_permission_id_0cd325b0_uniq` (`group_id`,`permission_id`),
  KEY `auth_group_permissio_permission_id_84c5c92e_fk_auth_perm` (`permission_id`),
  CONSTRAINT `auth_group_permissio_permission_id_84c5c92e_fk_auth_perm` FOREIGN KEY (`permission_id`) REFERENCES `auth_permission` (`id`),
  CONSTRAINT `auth_group_permissions_group_id_b120cbf9_fk_auth_group_id` FOREIGN KEY (`group_id`) REFERENCES `auth_group` (`id`)
) ENGINE=InnoDB DEFAULT CHARSET=utf8;
/*!40101 SET character_set_client = @saved_cs_client */;

--
-- Dumping data for table `auth_group_permissions`
--

LOCK TABLES `auth_group_permissions` WRITE;
/*!40000 ALTER TABLE `auth_group_permissions` DISABLE KEYS */;
/*!40000 ALTER TABLE `auth_group_permissions` ENABLE KEYS */;
UNLOCK TABLES;

--
-- Table structure for table `auth_permission`
--

DROP TABLE IF EXISTS `auth_permission`;
/*!40101 SET @saved_cs_client     = @@character_set_client */;
/*!40101 SET character_set_client = utf8 */;
CREATE TABLE `auth_permission` (
  `id` int(11) NOT NULL AUTO_INCREMENT,
  `name` varchar(255) NOT NULL,
  `content_type_id` int(11) NOT NULL,
  `codename` varchar(100) NOT NULL,
  PRIMARY KEY (`id`),
  UNIQUE KEY `auth_permission_content_type_id_codename_01ab375a_uniq` (`content_type_id`,`codename`),
  CONSTRAINT `auth_permission_content_type_id_2f476e4b_fk_django_co` FOREIGN KEY (`content_type_id`) REFERENCES `django_content_type` (`id`)
) ENGINE=InnoDB AUTO_INCREMENT=201 DEFAULT CHARSET=utf8;
/*!40101 SET character_set_client = @saved_cs_client */;

--
-- Dumping data for table `auth_permission`
--

LOCK TABLES `auth_permission` WRITE;
/*!40000 ALTER TABLE `auth_permission` DISABLE KEYS */;
INSERT INTO `auth_permission` VALUES (1,'Can add log entry',1,'add_logentry'),(2,'Can change log entry',1,'change_logentry'),(3,'Can delete log entry',1,'delete_logentry'),(4,'Can view log entry',1,'view_logentry'),(5,'Can add permission',2,'add_permission'),(6,'Can change permission',2,'change_permission'),(7,'Can delete permission',2,'delete_permission'),(8,'Can view permission',2,'view_permission'),(9,'Can add group',3,'add_group'),(10,'Can change group',3,'change_group'),(11,'Can delete group',3,'delete_group'),(12,'Can view group',3,'view_group'),(13,'Can add user',4,'add_user'),(14,'Can change user',4,'change_user'),(15,'Can delete user',4,'delete_user'),(16,'Can view user',4,'view_user'),(17,'Can add content type',5,'add_contenttype'),(18,'Can change content type',5,'change_contenttype'),(19,'Can delete content type',5,'delete_contenttype'),(20,'Can view content type',5,'view_contenttype'),(21,'Can add session',6,'add_session'),(22,'Can change session',6,'change_session'),(23,'Can delete session',6,'delete_session'),(24,'Can view session',6,'view_session'),(25,'Can add Company',7,'add_company'),(26,'Can change Company',7,'change_company'),(27,'Can delete Company',7,'delete_company'),(28,'Can view Company',7,'view_company'),(29,'Can add Experience',8,'add_experience'),(30,'Can change Experience',8,'change_experience'),(31,'Can delete Experience',8,'delete_experience'),(32,'Can view Experience',8,'view_experience'),(33,'Can add Gender',9,'add_gender'),(34,'Can change Gender',9,'change_gender'),(35,'Can delete Gender',9,'delete_gender'),(36,'Can view Gender',9,'view_gender'),(37,'Can add industry',10,'add_industry'),(38,'Can change industry',10,'change_industry'),(39,'Can delete industry',10,'delete_industry'),(40,'Can view industry',10,'view_industry'),(41,'Can add JobType',11,'add_jobtype'),(42,'Can change JobType',11,'change_jobtype'),(43,'Can delete JobType',11,'delete_jobtype'),(44,'Can view JobType',11,'view_jobtype'),(45,'Can add Qualification',12,'add_qualification'),(46,'Can change Qualification',12,'change_qualification'),(47,'Can delete Qualification',12,'delete_qualification'),(48,'Can view Qualification',12,'view_qualification'),(49,'Can add Job',13,'add_job'),(50,'Can change Job',13,'change_job'),(51,'Can delete Job',13,'delete_job'),(52,'Can view Job',13,'view_job'),(53,'Can add Currency',14,'add_currency'),(54,'Can change Currency',14,'change_currency'),(55,'Can delete Currency',14,'delete_currency'),(56,'Can view Currency',14,'view_currency'),(57,'Can add Skill',15,'add_skill'),(58,'Can change Skill',15,'change_skill'),(59,'Can delete Skill',15,'delete_skill'),(60,'Can view Skill',15,'view_skill'),(61,'Can add TrendingKeyword',16,'add_trendingkeywords'),(62,'Can change TrendingKeyword',16,'change_trendingkeywords'),(63,'Can delete TrendingKeyword',16,'delete_trendingkeywords'),(64,'Can view TrendingKeyword',16,'view_trendingkeywords'),(65,'Can add Favorite Job',17,'add_favouritejob'),(66,'Can change Favorite Job',17,'change_favouritejob'),(67,'Can delete Favorite Job',17,'delete_favouritejob'),(68,'Can view Favorite Job',17,'view_favouritejob'),(69,'Can add Job Category',18,'add_jobcategory'),(70,'Can change Job Category',18,'change_jobcategory'),(71,'Can delete Job Category',18,'delete_jobcategory'),(72,'Can view Job Category',18,'view_jobcategory'),(73,'Can add Gender Preference(Job)',19,'add_jobgender'),(74,'Can change Gender Preference(Job)',19,'change_jobgender'),(75,'Can delete Gender Preference(Job)',19,'delete_jobgender'),(76,'Can view Gender Preference(Job)',19,'view_jobgender'),(77,'Can add Job Source',20,'add_jobsource'),(78,'Can change Job Source',20,'change_jobsource'),(79,'Can delete Job Source',20,'delete_jobsource'),(80,'Can view Job Source',20,'view_jobsource'),(81,'Can add Job Application',21,'add_jobapplication'),(82,'Can change Job Application',21,'change_jobapplication'),(83,'Can delete Job Application',21,'delete_jobapplication'),(84,'Can view Job Application',21,'view_jobapplication'),(85,'Can add Employer Message',22,'add_employermessage'),(86,'Can change Employer Message',22,'change_employermessage'),(87,'Can delete Employer Message',22,'delete_employermessage'),(88,'Can view Employer Message',22,'view_employermessage'),(89,'Can add Notification',23,'add_notification'),(90,'Can change Notification',23,'change_notification'),(91,'Can delete Notification',23,'delete_notification'),(92,'Can view Notification',23,'view_notification'),(93,'Can add Professional',24,'add_professional'),(94,'Can change Professional',24,'change_professional'),(95,'Can delete Professional',24,'delete_professional'),(96,'Can view Professional',24,'view_professional'),(97,'Can add certificate name',25,'add_certificatename'),(98,'Can change certificate name',25,'change_certificatename'),(99,'Can delete certificate name',25,'delete_certificatename'),(100,'Can view certificate name',25,'view_certificatename'),(101,'Can add institute',26,'add_institute'),(102,'Can change institute',26,'change_institute'),(103,'Can delete institute',26,'delete_institute'),(104,'Can view institute',26,'view_institute'),(105,'Can add major',27,'add_major'),(106,'Can change major',27,'change_major'),(107,'Can delete major',27,'delete_major'),(108,'Can view major',27,'view_major'),(109,'Can add nationality',28,'add_nationality'),(110,'Can change nationality',28,'change_nationality'),(111,'Can delete nationality',28,'delete_nationality'),(112,'Can view nationality',28,'view_nationality'),(113,'Can add organization',29,'add_organization'),(114,'Can change organization',29,'change_organization'),(115,'Can delete organization',29,'delete_organization'),(116,'Can view organization',29,'view_organization'),(117,'Can add work experience',30,'add_workexperience'),(118,'Can change work experience',30,'change_workexperience'),(119,'Can delete work experience',30,'delete_workexperience'),(120,'Can view work experience',30,'view_workexperience'),(121,'Can add reference',31,'add_reference'),(122,'Can change reference',31,'change_reference'),(123,'Can delete reference',31,'delete_reference'),(124,'Can view reference',31,'view_reference'),(125,'Can add professional skill',32,'add_professionalskill'),(126,'Can change professional skill',32,'change_professionalskill'),(127,'Can delete professional skill',32,'delete_professionalskill'),(128,'Can view professional skill',32,'view_professionalskill'),(129,'Can add professional education',33,'add_professionaleducation'),(130,'Can change professional education',33,'change_professionaleducation'),(131,'Can delete professional education',33,'delete_professionaleducation'),(132,'Can view professional education',33,'view_professionaleducation'),(133,'Can add portfolio',34,'add_portfolio'),(134,'Can change portfolio',34,'change_portfolio'),(135,'Can delete portfolio',34,'delete_portfolio'),(136,'Can view portfolio',34,'view_portfolio'),(137,'Can add membership',35,'add_membership'),(138,'Can change membership',35,'change_membership'),(139,'Can delete membership',35,'delete_membership'),(140,'Can view membership',35,'view_membership'),(141,'Can add certification',36,'add_certification'),(142,'Can change certification',36,'change_certification'),(143,'Can delete certification',36,'delete_certification'),(144,'Can view certification',36,'view_certification'),(145,'Can add religion',37,'add_religion'),(146,'Can change religion',37,'change_religion'),(147,'Can delete religion',37,'delete_religion'),(148,'Can view religion',37,'view_religion'),(149,'Can add recent activity',38,'add_recentactivity'),(150,'Can change recent activity',38,'change_recentactivity'),(151,'Can delete recent activity',38,'delete_recentactivity'),(152,'Can view recent activity',38,'view_recentactivity'),(153,'Can add Password Reset Token',39,'add_resetpasswordtoken'),(154,'Can change Password Reset Token',39,'change_resetpasswordtoken'),(155,'Can delete Password Reset Token',39,'delete_resetpasswordtoken'),(156,'Can view Password Reset Token',39,'view_resetpasswordtoken'),(157,'Can add Token',40,'add_token'),(158,'Can change Token',40,'change_token'),(159,'Can delete Token',40,'delete_token'),(160,'Can view Token',40,'view_token'),(161,'Can add Testimonial',41,'add_testimonial'),(162,'Can change Testimonial',41,'change_testimonial'),(163,'Can delete Testimonial',41,'delete_testimonial'),(164,'Can view Testimonial',41,'view_testimonial'),(165,'Can add Setting',42,'add_settings'),(166,'Can change Setting',42,'change_settings'),(167,'Can delete Setting',42,'delete_settings'),(168,'Can view Setting',42,'view_settings'),(169,'Can add Career Advice',43,'add_careeradvice'),(170,'Can change Career Advice',43,'change_careeradvice'),(171,'Can delete Career Advice',43,'delete_careeradvice'),(172,'Can view Career Advice',43,'view_careeradvice'),(173,'Can add Application Status',44,'add_application_status'),(174,'Can change Application Status',44,'change_application_status'),(175,'Can delete Application Status',44,'delete_application_status'),(176,'Can view Application Status',44,'view_application_status'),(177,'Can add education level',45,'add_educationlevel'),(178,'Can change education level',45,'change_educationlevel'),(179,'Can delete education level',45,'delete_educationlevel'),(180,'Can view education level',45,'view_educationlevel'),(181,'Can add Application Status',44,'add_applicationstatus'),(182,'Can change Application Status',44,'change_applicationstatus'),(183,'Can delete Application Status',44,'delete_applicationstatus'),(184,'Can view Application Status',44,'view_applicationstatus'),(185,'Can add City',46,'add_city'),(186,'Can change City',46,'change_city'),(187,'Can delete City',46,'delete_city'),(188,'Can view City',46,'view_city'),(189,'Can add certifying organization',47,'add_certifyingorganization'),(190,'Can change certifying organization',47,'change_certifyingorganization'),(191,'Can delete certifying organization',47,'delete_certifyingorganization'),(192,'Can view certifying organization',47,'view_certifyingorganization'),(193,'Can add membership organization',48,'add_membershiporganization'),(194,'Can change membership organization',48,'change_membershiporganization'),(195,'Can delete membership organization',48,'delete_membershiporganization'),(196,'Can view membership organization',48,'view_membershiporganization'),(197,'Can add fcm cloud messaging',49,'add_fcmcloudmessaging'),(198,'Can change fcm cloud messaging',49,'change_fcmcloudmessaging'),(199,'Can delete fcm cloud messaging',49,'delete_fcmcloudmessaging'),(200,'Can view fcm cloud messaging',49,'view_fcmcloudmessaging');
/*!40000 ALTER TABLE `auth_permission` ENABLE KEYS */;
UNLOCK TABLES;

--
-- Table structure for table `auth_user`
--

DROP TABLE IF EXISTS `auth_user`;
/*!40101 SET @saved_cs_client     = @@character_set_client */;
/*!40101 SET character_set_client = utf8 */;
CREATE TABLE `auth_user` (
  `id` int(11) NOT NULL AUTO_INCREMENT,
  `password` varchar(128) NOT NULL,
  `last_login` datetime(6) DEFAULT NULL,
  `is_superuser` tinyint(1) NOT NULL,
  `username` varchar(150) NOT NULL,
  `first_name` varchar(30) NOT NULL,
  `last_name` varchar(150) NOT NULL,
  `email` varchar(254) NOT NULL,
  `is_staff` tinyint(1) NOT NULL,
  `is_active` tinyint(1) NOT NULL,
  `date_joined` datetime(6) NOT NULL,
  PRIMARY KEY (`id`),
  UNIQUE KEY `username` (`username`)
) ENGINE=InnoDB AUTO_INCREMENT=12 DEFAULT CHARSET=utf8;
/*!40101 SET character_set_client = @saved_cs_client */;

--
-- Dumping data for table `auth_user`
--

LOCK TABLES `auth_user` WRITE;
/*!40000 ALTER TABLE `auth_user` DISABLE KEYS */;
INSERT INTO `auth_user` VALUES (1,'pbkdf2_sha256$180000$0MEeB9a1aae3$Jcb3zmi/oKxB0NoWOUZv7KBHCLs0k8d7nldRx8nJNFA=','2020-09-15 06:25:26.204620',1,'admin','','','admin@ishraak.com',1,1,'2020-07-09 08:21:56.568052'),(2,'pbkdf2_sha256$180000$7sPBjmeajJRu$GkNz1nk0xIsBtrC/ZSBhs+rUuQCLKXpJeJyIVdXEXaY=',NULL,0,'test@ishraak.com','','','test@ishraak.com',1,1,'2020-07-09 08:26:00.000000'),(3,'pbkdf2_sha256$180000$Lzgjz2dXR9Mt$7+Vmd3NQHS3Pucq8wNLMtew6jGlglL8lUFZrskgti/I=',NULL,0,'example@ishraak.com','','','example@ishraak.com',1,1,'2020-07-14 03:43:29.000000'),(4,'pbkdf2_sha256$180000$isIhHSE6vq1Y$a7Wio8Sg6VnwgXpEcZd6Ol8Emo38OUzZO56R4cwLv20=',NULL,0,'pro_example@ishraak.com','','','pro_example@ishraak.com',1,1,'2020-07-14 03:46:15.000000'),(5,'pbkdf2_sha256$180000$2ApWsgz8Tjb0$w9hZ+CYKoXB55ycQcthXs8HE27ycMchkbgINqeyQ3FA=',NULL,0,'com_example@ishraak.com','','','com_example@ishraak.com',1,1,'2020-07-14 03:47:14.000000'),(6,'pbkdf2_sha256$180000$HNOYexefaXhi$Y50cZM3lQOGNhlRpZZeqJymUbVyAD9lm6CdWmxSJZto=',NULL,0,'pro_example_view@ishraak.com','','','pro_example_view@ishraak.com',1,1,'2020-07-18 03:58:33.000000'),(7,'pbkdf2_sha256$180000$90Z0aC1PM8t8$t6C/t+mI98f3IxL8RuoE9yPgKO4x2nljdxF6fxfxsrs=',NULL,0,'com_example_view@ishraak.com','Company Example','View','com_example_view@ishraak.com',0,1,'2020-08-11 03:57:34.000000'),(8,'pbkdf2_sha256$180000$Q0u85pNTzGyB$OJLIbk1VxHN6hu/xgl8wwiOv2mmzsu1JVm8Bxb0845k=',NULL,0,'pro_example_view_blank@ishraak.com','','','pro_example_view_blank@ishraak.com',0,1,'2020-08-11 07:34:22.000000'),(9,'pbkdf2_sha256$180000$JAEXSRajTYLD$EWJvTn3lTCn4eziknrqQOYVQo/5D7gWTqo7eGNV0uqw=',NULL,0,'com_example_view_blank@ishraak.com','','','com_example_view_blank@ishraak.com',1,1,'2020-08-11 07:36:08.000000'),(11,'pbkdf2_sha256$180000$HDRdax69uyyv$dNi6MbcX0wuFuCqp7wiYmU2FbpO4B9uo+gVX/LkYX+Y=',NULL,1,'staff@ishraak.com','','','staff@ishraak.com',1,1,'2020-08-24 13:09:57.000000');
/*!40000 ALTER TABLE `auth_user` ENABLE KEYS */;
UNLOCK TABLES;

--
-- Table structure for table `auth_user_groups`
--

DROP TABLE IF EXISTS `auth_user_groups`;
/*!40101 SET @saved_cs_client     = @@character_set_client */;
/*!40101 SET character_set_client = utf8 */;
CREATE TABLE `auth_user_groups` (
  `id` int(11) NOT NULL AUTO_INCREMENT,
  `user_id` int(11) NOT NULL,
  `group_id` int(11) NOT NULL,
  PRIMARY KEY (`id`),
  UNIQUE KEY `auth_user_groups_user_id_group_id_94350c0c_uniq` (`user_id`,`group_id`),
  KEY `auth_user_groups_group_id_97559544_fk_auth_group_id` (`group_id`),
  CONSTRAINT `auth_user_groups_group_id_97559544_fk_auth_group_id` FOREIGN KEY (`group_id`) REFERENCES `auth_group` (`id`),
  CONSTRAINT `auth_user_groups_user_id_6a12ed8b_fk_auth_user_id` FOREIGN KEY (`user_id`) REFERENCES `auth_user` (`id`)
) ENGINE=InnoDB AUTO_INCREMENT=14 DEFAULT CHARSET=utf8;
/*!40101 SET character_set_client = @saved_cs_client */;

--
-- Dumping data for table `auth_user_groups`
--

LOCK TABLES `auth_user_groups` WRITE;
/*!40000 ALTER TABLE `auth_user_groups` DISABLE KEYS */;
INSERT INTO `auth_user_groups` VALUES (1,2,1),(2,3,1),(3,3,2),(4,4,1),(6,5,2),(7,6,1),(8,7,2),(9,8,1),(10,9,2),(12,11,1),(13,11,2);
/*!40000 ALTER TABLE `auth_user_groups` ENABLE KEYS */;
UNLOCK TABLES;

--
-- Table structure for table `auth_user_user_permissions`
--

DROP TABLE IF EXISTS `auth_user_user_permissions`;
/*!40101 SET @saved_cs_client     = @@character_set_client */;
/*!40101 SET character_set_client = utf8 */;
CREATE TABLE `auth_user_user_permissions` (
  `id` int(11) NOT NULL AUTO_INCREMENT,
  `user_id` int(11) NOT NULL,
  `permission_id` int(11) NOT NULL,
  PRIMARY KEY (`id`),
  UNIQUE KEY `auth_user_user_permissions_user_id_permission_id_14a6b632_uniq` (`user_id`,`permission_id`),
  KEY `auth_user_user_permi_permission_id_1fbb5f2c_fk_auth_perm` (`permission_id`),
  CONSTRAINT `auth_user_user_permi_permission_id_1fbb5f2c_fk_auth_perm` FOREIGN KEY (`permission_id`) REFERENCES `auth_permission` (`id`),
  CONSTRAINT `auth_user_user_permissions_user_id_a95ead1b_fk_auth_user_id` FOREIGN KEY (`user_id`) REFERENCES `auth_user` (`id`)
) ENGINE=InnoDB DEFAULT CHARSET=utf8;
/*!40101 SET character_set_client = @saved_cs_client */;

--
-- Dumping data for table `auth_user_user_permissions`
--

LOCK TABLES `auth_user_user_permissions` WRITE;
/*!40000 ALTER TABLE `auth_user_user_permissions` DISABLE KEYS */;
/*!40000 ALTER TABLE `auth_user_user_permissions` ENABLE KEYS */;
UNLOCK TABLES;

--
-- Table structure for table `authtoken_token`
--

DROP TABLE IF EXISTS `authtoken_token`;
/*!40101 SET @saved_cs_client     = @@character_set_client */;
/*!40101 SET character_set_client = utf8 */;
CREATE TABLE `authtoken_token` (
  `key` varchar(40) NOT NULL,
  `created` datetime(6) NOT NULL,
  `user_id` int(11) NOT NULL,
  PRIMARY KEY (`key`),
  UNIQUE KEY `user_id` (`user_id`),
  CONSTRAINT `authtoken_token_user_id_35299eff_fk_auth_user_id` FOREIGN KEY (`user_id`) REFERENCES `auth_user` (`id`)
) ENGINE=InnoDB DEFAULT CHARSET=utf8;
/*!40101 SET character_set_client = @saved_cs_client */;

--
-- Dumping data for table `authtoken_token`
--

LOCK TABLES `authtoken_token` WRITE;
/*!40000 ALTER TABLE `authtoken_token` DISABLE KEYS */;
/*!40000 ALTER TABLE `authtoken_token` ENABLE KEYS */;
UNLOCK TABLES;

--
-- Table structure for table `cache_table`
--

DROP TABLE IF EXISTS `cache_table`;
/*!40101 SET @saved_cs_client     = @@character_set_client */;
/*!40101 SET character_set_client = utf8 */;
CREATE TABLE `cache_table` (
  `cache_key` varchar(255) NOT NULL,
  `value` longtext NOT NULL,
  `expires` datetime(6) NOT NULL,
  PRIMARY KEY (`cache_key`),
  KEY `cache_table_expires` (`expires`)
) ENGINE=InnoDB DEFAULT CHARSET=utf8;
/*!40101 SET character_set_client = @saved_cs_client */;

--
-- Dumping data for table `cache_table`
--

LOCK TABLES `cache_table` WRITE;
/*!40000 ALTER TABLE `cache_table` DISABLE KEYS */;
/*!40000 ALTER TABLE `cache_table` ENABLE KEYS */;
UNLOCK TABLES;

--
-- Table structure for table `career_advices`
--

DROP TABLE IF EXISTS `career_advices`;
/*!40101 SET @saved_cs_client     = @@character_set_client */;
/*!40101 SET character_set_client = utf8 */;
CREATE TABLE `career_advices` (
  `id` int(11) NOT NULL AUTO_INCREMENT,
  `title` varchar(50) NOT NULL,
  `description` longtext NOT NULL,
  `author` varchar(50) NOT NULL,
  `short_description` longtext NOT NULL,
  `archived_at` datetime(6) DEFAULT NULL,
  `archived_by` varchar(255) DEFAULT NULL,
  `archived_from` varchar(255) DEFAULT NULL,
  `created_at` datetime(6) DEFAULT NULL,
  `created_by` varchar(255) DEFAULT NULL,
  `created_from` varchar(255) DEFAULT NULL,
  `is_archived` tinyint(1) NOT NULL,
  `modified_at` datetime(6) DEFAULT NULL,
  `modified_by` varchar(255) DEFAULT NULL,
  `modified_from` varchar(255) DEFAULT NULL,
  `featured_image` varchar(100) DEFAULT NULL,
  `thumbnail_image` varchar(100) DEFAULT NULL,
  `posted_at` datetime(6) NOT NULL,
  PRIMARY KEY (`id`)
) ENGINE=InnoDB AUTO_INCREMENT=13 DEFAULT CHARSET=utf8;
/*!40101 SET character_set_client = @saved_cs_client */;

--
-- Dumping data for table `career_advices`
--

LOCK TABLES `career_advices` WRITE;
/*!40000 ALTER TABLE `career_advices` DISABLE KEYS */;
INSERT INTO `career_advices` VALUES (1,'Career Advice Example One','<p><strong>Career Advice Full&nbsp;</strong>Career Advice Full&nbsp;Description is here.&nbsp;</p>\r\n\r\n<p>Career Advice Full&nbsp;Description is here.&nbsp;Career Advice Full&nbsp;Description is here.&nbsp;Career Advice Full&nbsp;Description is here.&nbsp;Career Advice Full&nbsp;Description is here.&nbsp;Career Advice Full&nbsp;Description is here.&nbsp;Career Advice Full&nbsp;Description is here.&nbsp;Career Advice Full&nbsp;Description is here.&nbsp;Career Advice Full&nbsp;Description is here.&nbsp;Career Advice Full&nbsp;Description is here.&nbsp;Career Advice Full&nbsp;Description is here.&nbsp;Career Advice Full&nbsp;Description is here.&nbsp;Career Advice Full&nbsp;Description is here.&nbsp;Career Advice Full&nbsp;Description is here.&nbsp;Career Advice Full&nbsp;Description is here.&nbsp;Career Advice Full&nbsp;Description is here.&nbsp;Career Advice Full&nbsp;Description is here.&nbsp;Career Advice Full&nbsp;Description is here.&nbsp;Career Advice Full&nbsp;Description is here.&nbsp;Career Advice Full&nbsp;Description is here.&nbsp;Career Advice Full&nbsp;Description is here.&nbsp;Career Advice Full&nbsp;Description is here.&nbsp;Career Advice Full&nbsp;Description is here.&nbsp;Career Advice Full&nbsp;Description is here.&nbsp;</p>\r\n\r\n<hr />\r\n<p><strong>&nbsp;Career Advice Full&nbsp;Description is here.&nbsp;Career Advice Full&nbsp;Description is here.&nbsp;Career Advice Full&nbsp;Description is here.&nbsp;Career Advice Full&nbsp;Description is here.&nbsp;Career Advice Full&nbsp;Description is here.&nbsp;Career Advice Full&nbsp;Description is here.&nbsp;Career Advice Full&nbsp;Description is here.&nbsp;Career Advice Full&nbsp;Description is here.&nbsp;Career Advice Full&nbsp;Description is her</strong>e.&nbsp;Career Advice Full&nbsp;Description is here.&nbsp;Career Advice Full&nbsp;DCareer Advice Full&nbsp;Description is here.&nbsp;Career Advice Full&nbsp;Description is here.&nbsp;Career Advice Full&nbsp;Description is here.&nbsp;escription is here.&nbsp;Career Advice Full&nbsp;Description is here.&nbsp;Career Advice Full&nbsp;Description is here.&nbsp;Career Advice Full&nbsp;Description is here.&nbsp;Career Advice Full&nbsp;Description is here.&nbsp;Career Advice Full&nbsp;Description is here.&nbsp;Career Advice Full&nbsp;Description is here.&nbsp;Career Advice Full&nbsp;Description is here.&nbsp;Career Advice Full&nbsp;Description is here.&nbsp;Career Advice Full&nbsp;Description is here.&nbsp;Career Advice Full&nbsp;Description is here.&nbsp;Career Advice Full&nbsp;Description is here.&nbsp;Career Advice Full&nbsp;Description is here.&nbsp;Career Advice Full&nbsp;Description is here.&nbsp;Career Advice Full&nbsp;Description is here.&nbsp;Career Advice Full&nbsp;Description is here.&nbsp;Career Advice Full&nbsp;Description is here.&nbsp;Career Advice Full&nbsp;Description is here.&nbsp;Career Advice Full&nbsp;Description is here.&nbsp;Career Advice Full&nbsp;Description is here.&nbsp;</p>','Author Example One','Career Advice Short Description is here. Career Advice Short Description is here. Career Advice Short Description is here. Career Advice Short Description is here. Career Advice Short Description is here. Career Advice Short Description is here. Career Advice Short Description is here. Career Advice Short Description is here. Career Advice Short Description is here. Career Advice Short Description is here. Career Advice Short Description is here. Career Advice Short Description is here. Career Advice Short Description is here. Career Advice Short Description is here. Career Advice Short Description is here. Career Advice Short Description is here. Career Advice Short Description is here. Career Advice Short Description is here.',NULL,NULL,NULL,'2020-07-14 05:13:23.128065','1','127.0.0.1',0,'2020-09-12 08:22:14.180644','1','127.0.0.1','images/career_advice_featured_T4va9RD.jpg','images/career_advice_thumb_GODFqWj.jpeg','2020-08-23 12:59:52.000000'),(2,'Career Advice Example Two','<p><strong>Career Advice Full&nbsp;</strong>Career Advice Full&nbsp;Description is here.&nbsp;</p>\r\n\r\n<p>Career Advice Full&nbsp;Description is here.&nbsp;Career Advice Full&nbsp;Description is here.&nbsp;Career Advice Full&nbsp;Description is here.&nbsp;Career Advice Full&nbsp;Description is here.&nbsp;Career Advice Full&nbsp;Description is here.&nbsp;Career Advice Full&nbsp;Description is here.&nbsp;Career Advice Full&nbsp;Description is here.&nbsp;Career Advice Full&nbsp;Description is here.&nbsp;Career Advice Full&nbsp;Description is here.&nbsp;Career Advice Full&nbsp;Description is here.&nbsp;Career Advice Full&nbsp;Description is here.&nbsp;Career Advice Full&nbsp;Description is here.&nbsp;Career Advice Full&nbsp;Description is here.&nbsp;Career Advice Full&nbsp;Description is here.&nbsp;Career Advice Full&nbsp;Description is here.&nbsp;Career Advice Full&nbsp;Description is here.&nbsp;Career Advice Full&nbsp;Description is here.&nbsp;Career Advice Full&nbsp;Description is here.&nbsp;Career Advice Full&nbsp;Description is here.&nbsp;Career Advice Full&nbsp;Description is here.&nbsp;Career Advice Full&nbsp;Description is here.&nbsp;Career Advice Full&nbsp;Description is here.&nbsp;Career Advice Full&nbsp;Description is here.&nbsp;</p>\r\n\r\n<hr />\r\n<p><strong>&nbsp;Career Advice Full&nbsp;Description is here.&nbsp;Career Advice Full&nbsp;Description is here.&nbsp;Career Advice Full&nbsp;Description is here.&nbsp;Career Advice Full&nbsp;Description is here.&nbsp;Career Advice Full&nbsp;Description is here.&nbsp;Career Advice Full&nbsp;Description is here.&nbsp;Career Advice Full&nbsp;Description is here.&nbsp;Career Advice Full&nbsp;Description is here.&nbsp;Career Advice Full&nbsp;Description is her</strong>e.&nbsp;Career Advice Full&nbsp;Description is here.&nbsp;Career Advice Full&nbsp;DCareer Advice Full&nbsp;Description is here.&nbsp;Career Advice Full&nbsp;Description is here.&nbsp;Career Advice Full&nbsp;Description is here.&nbsp;escription is here.&nbsp;Career Advice Full&nbsp;Description is here.&nbsp;Career Advice Full&nbsp;Description is here.&nbsp;Career Advice Full&nbsp;Description is here.&nbsp;Career Advice Full&nbsp;Description is here.&nbsp;Career Advice Full&nbsp;Description is here.&nbsp;Career Advice Full&nbsp;Description is here.&nbsp;Career Advice Full&nbsp;Description is here.&nbsp;Career Advice Full&nbsp;Description is here.&nbsp;Career Advice Full&nbsp;Description is here.&nbsp;Career Advice Full&nbsp;Description is here.&nbsp;Career Advice Full&nbsp;Description is here.&nbsp;Career Advice Full&nbsp;Description is here.&nbsp;Career Advice Full&nbsp;Description is here.&nbsp;Career Advice Full&nbsp;Description is here.&nbsp;Career Advice Full&nbsp;Description is here.&nbsp;Career Advice Full&nbsp;Description is here.&nbsp;Career Advice Full&nbsp;Description is here.&nbsp;Career Advice Full&nbsp;Description is here.&nbsp;Career Advice Full&nbsp;Description is here.&nbsp;</p>','Author Example Two','Career Advice Short Description is here. Career Advice Short Description is here. Career Advice Short Description is here. Career Advice Short Description is here. Career Advice Short Description is here. Career Advice Short Description is here. Career Advice Short Description is here. Career Advice Short Description is here. Career Advice Short Description is here. Career Advice Short Description is here. Career Advice Short Description is here. Career Advice Short Description is here. Career Advice Short Description is here. Career Advice Short Description is here. Career Advice Short Description is here. Career Advice Short Description is here. Career Advice Short Description is here. Career Advice Short Description is here.',NULL,NULL,NULL,'2020-07-14 05:13:36.535997','1','127.0.0.1',0,'2020-09-12 08:21:57.012273','1','127.0.0.1','images/career_advice_featured_CONQ7d3.jpg','images/career_advice_thumb_ifiEBgM.jpeg','2020-08-23 12:59:52.000000'),(3,'Career Advice Example Three','<p><strong>Career Advice Full&nbsp;</strong>Career Advice Full&nbsp;Description is here.&nbsp;</p>\r\n\r\n<p>Career Advice Full&nbsp;Description is here.&nbsp;Career Advice Full&nbsp;Description is here.&nbsp;Career Advice Full&nbsp;Description is here.&nbsp;Career Advice Full&nbsp;Description is here.&nbsp;Career Advice Full&nbsp;Description is here.&nbsp;Career Advice Full&nbsp;Description is here.&nbsp;Career Advice Full&nbsp;Description is here.&nbsp;Career Advice Full&nbsp;Description is here.&nbsp;Career Advice Full&nbsp;Description is here.&nbsp;Career Advice Full&nbsp;Description is here.&nbsp;Career Advice Full&nbsp;Description is here.&nbsp;Career Advice Full&nbsp;Description is here.&nbsp;Career Advice Full&nbsp;Description is here.&nbsp;Career Advice Full&nbsp;Description is here.&nbsp;Career Advice Full&nbsp;Description is here.&nbsp;Career Advice Full&nbsp;Description is here.&nbsp;Career Advice Full&nbsp;Description is here.&nbsp;Career Advice Full&nbsp;Description is here.&nbsp;Career Advice Full&nbsp;Description is here.&nbsp;Career Advice Full&nbsp;Description is here.&nbsp;Career Advice Full&nbsp;Description is here.&nbsp;Career Advice Full&nbsp;Description is here.&nbsp;Career Advice Full&nbsp;Description is here.&nbsp;</p>\r\n\r\n<hr />\r\n<p><strong>&nbsp;Career Advice Full&nbsp;Description is here.&nbsp;Career Advice Full&nbsp;Description is here.&nbsp;Career Advice Full&nbsp;Description is here.&nbsp;Career Advice Full&nbsp;Description is here.&nbsp;Career Advice Full&nbsp;Description is here.&nbsp;Career Advice Full&nbsp;Description is here.&nbsp;Career Advice Full&nbsp;Description is here.&nbsp;Career Advice Full&nbsp;Description is here.&nbsp;Career Advice Full&nbsp;Description is her</strong>e.&nbsp;Career Advice Full&nbsp;Description is here.&nbsp;Career Advice Full&nbsp;DCareer Advice Full&nbsp;Description is here.&nbsp;Career Advice Full&nbsp;Description is here.&nbsp;Career Advice Full&nbsp;Description is here.&nbsp;escription is here.&nbsp;Career Advice Full&nbsp;Description is here.&nbsp;Career Advice Full&nbsp;Description is here.&nbsp;Career Advice Full&nbsp;Description is here.&nbsp;Career Advice Full&nbsp;Description is here.&nbsp;Career Advice Full&nbsp;Description is here.&nbsp;Career Advice Full&nbsp;Description is here.&nbsp;Career Advice Full&nbsp;Description is here.&nbsp;Career Advice Full&nbsp;Description is here.&nbsp;Career Advice Full&nbsp;Description is here.&nbsp;Career Advice Full&nbsp;Description is here.&nbsp;Career Advice Full&nbsp;Description is here.&nbsp;Career Advice Full&nbsp;Description is here.&nbsp;Career Advice Full&nbsp;Description is here.&nbsp;Career Advice Full&nbsp;Description is here.&nbsp;Career Advice Full&nbsp;Description is here.&nbsp;Career Advice Full&nbsp;Description is here.&nbsp;Career Advice Full&nbsp;Description is here.&nbsp;Career Advice Full&nbsp;Description is here.&nbsp;Career Advice Full&nbsp;Description is here.&nbsp;</p>','Author Example Three','Career Advice Short Description is here. Career Advice Short Description is here. Career Advice Short Description is here. Career Advice Short Description is here. Career Advice Short Description is here. Career Advice Short Description is here. Career Advice Short Description is here. Career Advice Short Description is here. Career Advice Short Description is here. Career Advice Short Description is here. Career Advice Short Description is here. Career Advice Short Description is here. Career Advice Short Description is here. Career Advice Short Description is here. Career Advice Short Description is here. Career Advice Short Description is here. Career Advice Short Description is here. Career Advice Short Description is here.',NULL,NULL,NULL,'2020-07-14 05:13:53.087646','1','127.0.0.1',0,'2020-09-12 08:21:39.576623','1','127.0.0.1','images/career_advice_featured_ycgzIY8.jpg','images/career_advice_thumb_pybYJGF.jpeg','2020-08-23 12:59:52.000000'),(4,'Career Advice Example Four','<p><strong>Career Advice Full&nbsp;</strong>Career Advice Full&nbsp;Description is here.&nbsp;</p>\r\n\r\n<p>Career Advice Full&nbsp;Description is here.&nbsp;Career Advice Full&nbsp;Description is here.&nbsp;Career Advice Full&nbsp;Description is here.&nbsp;Career Advice Full&nbsp;Description is here.&nbsp;Career Advice Full&nbsp;Description is here.&nbsp;Career Advice Full&nbsp;Description is here.&nbsp;Career Advice Full&nbsp;Description is here.&nbsp;Career Advice Full&nbsp;Description is here.&nbsp;Career Advice Full&nbsp;Description is here.&nbsp;Career Advice Full&nbsp;Description is here.&nbsp;Career Advice Full&nbsp;Description is here.&nbsp;Career Advice Full&nbsp;Description is here.&nbsp;Career Advice Full&nbsp;Description is here.&nbsp;Career Advice Full&nbsp;Description is here.&nbsp;Career Advice Full&nbsp;Description is here.&nbsp;Career Advice Full&nbsp;Description is here.&nbsp;Career Advice Full&nbsp;Description is here.&nbsp;Career Advice Full&nbsp;Description is here.&nbsp;Career Advice Full&nbsp;Description is here.&nbsp;Career Advice Full&nbsp;Description is here.&nbsp;Career Advice Full&nbsp;Description is here.&nbsp;Career Advice Full&nbsp;Description is here.&nbsp;Career Advice Full&nbsp;Description is here.&nbsp;</p>\r\n\r\n<hr />\r\n<p><strong>&nbsp;Career Advice Full&nbsp;Description is here.&nbsp;Career Advice Full&nbsp;Description is here.&nbsp;Career Advice Full&nbsp;Description is here.&nbsp;Career Advice Full&nbsp;Description is here.&nbsp;Career Advice Full&nbsp;Description is here.&nbsp;Career Advice Full&nbsp;Description is here.&nbsp;Career Advice Full&nbsp;Description is here.&nbsp;Career Advice Full&nbsp;Description is here.&nbsp;Career Advice Full&nbsp;Description is her</strong>e.&nbsp;Career Advice Full&nbsp;Description is here.&nbsp;Career Advice Full&nbsp;DCareer Advice Full&nbsp;Description is here.&nbsp;Career Advice Full&nbsp;Description is here.&nbsp;Career Advice Full&nbsp;Description is here.&nbsp;escription is here.&nbsp;Career Advice Full&nbsp;Description is here.&nbsp;Career Advice Full&nbsp;Description is here.&nbsp;Career Advice Full&nbsp;Description is here.&nbsp;Career Advice Full&nbsp;Description is here.&nbsp;Career Advice Full&nbsp;Description is here.&nbsp;Career Advice Full&nbsp;Description is here.&nbsp;Career Advice Full&nbsp;Description is here.&nbsp;Career Advice Full&nbsp;Description is here.&nbsp;Career Advice Full&nbsp;Description is here.&nbsp;Career Advice Full&nbsp;Description is here.&nbsp;Career Advice Full&nbsp;Description is here.&nbsp;Career Advice Full&nbsp;Description is here.&nbsp;Career Advice Full&nbsp;Description is here.&nbsp;Career Advice Full&nbsp;Description is here.&nbsp;Career Advice Full&nbsp;Description is here.&nbsp;Career Advice Full&nbsp;Description is here.&nbsp;Career Advice Full&nbsp;Description is here.&nbsp;Career Advice Full&nbsp;Description is here.&nbsp;Career Advice Full&nbsp;Description is here.&nbsp;</p>','Author Example Four','Career Advice Short Description is here. Career Advice Short Description is here. Career Advice Short Description is here. Career Advice Short Description is here. Career Advice Short Description is here. Career Advice Short Description is here. Career Advice Short Description is here. Career Advice Short Description is here. Career Advice Short Description is here. Career Advice Short Description is here. Career Advice Short Description is here. Career Advice Short Description is here. Career Advice Short Description is here. Career Advice Short Description is here. Career Advice Short Description is here. Career Advice Short Description is here. Career Advice Short Description is here. Career Advice Short Description is here.',NULL,NULL,NULL,'2020-07-14 05:14:01.917597','1','127.0.0.1',0,'2020-09-12 08:21:20.764652','1','127.0.0.1','images/career_advice_featured_CIEKLcs.jpg','images/career_advice_thumb_rmVyNbO.jpeg','2020-08-23 12:59:52.000000'),(5,'Career Advice Example Five','<p><strong>Career Advice Full&nbsp;</strong>Career Advice Full&nbsp;Description is here.&nbsp;</p>\r\n\r\n<p>Career Advice Full&nbsp;Description is here.&nbsp;Career Advice Full&nbsp;Description is here.&nbsp;Career Advice Full&nbsp;Description is here.&nbsp;Career Advice Full&nbsp;Description is here.&nbsp;Career Advice Full&nbsp;Description is here.&nbsp;Career Advice Full&nbsp;Description is here.&nbsp;Career Advice Full&nbsp;Description is here.&nbsp;Career Advice Full&nbsp;Description is here.&nbsp;Career Advice Full&nbsp;Description is here.&nbsp;Career Advice Full&nbsp;Description is here.&nbsp;Career Advice Full&nbsp;Description is here.&nbsp;Career Advice Full&nbsp;Description is here.&nbsp;Career Advice Full&nbsp;Description is here.&nbsp;Career Advice Full&nbsp;Description is here.&nbsp;Career Advice Full&nbsp;Description is here.&nbsp;Career Advice Full&nbsp;Description is here.&nbsp;Career Advice Full&nbsp;Description is here.&nbsp;Career Advice Full&nbsp;Description is here.&nbsp;Career Advice Full&nbsp;Description is here.&nbsp;Career Advice Full&nbsp;Description is here.&nbsp;Career Advice Full&nbsp;Description is here.&nbsp;Career Advice Full&nbsp;Description is here.&nbsp;Career Advice Full&nbsp;Description is here.&nbsp;</p>\r\n\r\n<hr />\r\n<p><strong>&nbsp;Career Advice Full&nbsp;Description is here.&nbsp;Career Advice Full&nbsp;Description is here.&nbsp;Career Advice Full&nbsp;Description is here.&nbsp;Career Advice Full&nbsp;Description is here.&nbsp;Career Advice Full&nbsp;Description is here.&nbsp;Career Advice Full&nbsp;Description is here.&nbsp;Career Advice Full&nbsp;Description is here.&nbsp;Career Advice Full&nbsp;Description is here.&nbsp;Career Advice Full&nbsp;Description is her</strong>e.&nbsp;Career Advice Full&nbsp;Description is here.&nbsp;Career Advice Full&nbsp;DCareer Advice Full&nbsp;Description is here.&nbsp;Career Advice Full&nbsp;Description is here.&nbsp;Career Advice Full&nbsp;Description is here.&nbsp;escription is here.&nbsp;Career Advice Full&nbsp;Description is here.&nbsp;Career Advice Full&nbsp;Description is here.&nbsp;Career Advice Full&nbsp;Description is here.&nbsp;Career Advice Full&nbsp;Description is here.&nbsp;Career Advice Full&nbsp;Description is here.&nbsp;Career Advice Full&nbsp;Description is here.&nbsp;Career Advice Full&nbsp;Description is here.&nbsp;Career Advice Full&nbsp;Description is here.&nbsp;Career Advice Full&nbsp;Description is here.&nbsp;Career Advice Full&nbsp;Description is here.&nbsp;Career Advice Full&nbsp;Description is here.&nbsp;Career Advice Full&nbsp;Description is here.&nbsp;Career Advice Full&nbsp;Description is here.&nbsp;Career Advice Full&nbsp;Description is here.&nbsp;Career Advice Full&nbsp;Description is here.&nbsp;Career Advice Full&nbsp;Description is here.&nbsp;Career Advice Full&nbsp;Description is here.&nbsp;Career Advice Full&nbsp;Description is here.&nbsp;Career Advice Full&nbsp;Description is here.&nbsp;</p>','Author Example Five','Career Advice Short Description is here. Career Advice Short Description is here. Career Advice Short Description is here. Career Advice Short Description is here. Career Advice Short Description is here. Career Advice Short Description is here. Career Advice Short Description is here. Career Advice Short Description is here. Career Advice Short Description is here. Career Advice Short Description is here. Career Advice Short Description is here. Career Advice Short Description is here. Career Advice Short Description is here. Career Advice Short Description is here. Career Advice Short Description is here. Career Advice Short Description is here. Career Advice Short Description is here. Career Advice Short Description is here.',NULL,NULL,NULL,'2020-07-14 05:14:35.363989','1','127.0.0.1',0,'2020-09-12 08:21:00.369008','1','127.0.0.1','images/career_advice_featured_zvh7kmT.jpg','images/career_advice_thumb_nvXnTsz.jpeg','2020-08-23 12:59:52.000000'),(6,'Career Advice Example Six','<p><strong>Career Advice Full&nbsp;</strong>Career Advice Full&nbsp;Description is here.&nbsp;</p>\r\n\r\n<p>Career Advice Full&nbsp;Description is here.&nbsp;Career Advice Full&nbsp;Description is here.&nbsp;Career Advice Full&nbsp;Description is here.&nbsp;Career Advice Full&nbsp;Description is here.&nbsp;Career Advice Full&nbsp;Description is here.&nbsp;Career Advice Full&nbsp;Description is here.&nbsp;Career Advice Full&nbsp;Description is here.&nbsp;Career Advice Full&nbsp;Description is here.&nbsp;Career Advice Full&nbsp;Description is here.&nbsp;Career Advice Full&nbsp;Description is here.&nbsp;Career Advice Full&nbsp;Description is here.&nbsp;Career Advice Full&nbsp;Description is here.&nbsp;Career Advice Full&nbsp;Description is here.&nbsp;Career Advice Full&nbsp;Description is here.&nbsp;Career Advice Full&nbsp;Description is here.&nbsp;Career Advice Full&nbsp;Description is here.&nbsp;Career Advice Full&nbsp;Description is here.&nbsp;Career Advice Full&nbsp;Description is here.&nbsp;Career Advice Full&nbsp;Description is here.&nbsp;Career Advice Full&nbsp;Description is here.&nbsp;Career Advice Full&nbsp;Description is here.&nbsp;Career Advice Full&nbsp;Description is here.&nbsp;Career Advice Full&nbsp;Description is here.&nbsp;</p>\r\n\r\n<hr />\r\n<p><strong>&nbsp;Career Advice Full&nbsp;Description is here.&nbsp;Career Advice Full&nbsp;Description is here.&nbsp;Career Advice Full&nbsp;Description is here.&nbsp;Career Advice Full&nbsp;Description is here.&nbsp;Career Advice Full&nbsp;Description is here.&nbsp;Career Advice Full&nbsp;Description is here.&nbsp;Career Advice Full&nbsp;Description is here.&nbsp;Career Advice Full&nbsp;Description is here.&nbsp;Career Advice Full&nbsp;Description is her</strong>e.&nbsp;Career Advice Full&nbsp;Description is here.&nbsp;Career Advice Full&nbsp;DCareer Advice Full&nbsp;Description is here.&nbsp;Career Advice Full&nbsp;Description is here.&nbsp;Career Advice Full&nbsp;Description is here.&nbsp;escription is here.&nbsp;Career Advice Full&nbsp;Description is here.&nbsp;Career Advice Full&nbsp;Description is here.&nbsp;Career Advice Full&nbsp;Description is here.&nbsp;Career Advice Full&nbsp;Description is here.&nbsp;Career Advice Full&nbsp;Description is here.&nbsp;Career Advice Full&nbsp;Description is here.&nbsp;Career Advice Full&nbsp;Description is here.&nbsp;Career Advice Full&nbsp;Description is here.&nbsp;Career Advice Full&nbsp;Description is here.&nbsp;Career Advice Full&nbsp;Description is here.&nbsp;Career Advice Full&nbsp;Description is here.&nbsp;Career Advice Full&nbsp;Description is here.&nbsp;Career Advice Full&nbsp;Description is here.&nbsp;Career Advice Full&nbsp;Description is here.&nbsp;Career Advice Full&nbsp;Description is here.&nbsp;Career Advice Full&nbsp;Description is here.&nbsp;Career Advice Full&nbsp;Description is here.&nbsp;Career Advice Full&nbsp;Description is here.&nbsp;Career Advice Full&nbsp;Description is here.&nbsp;</p>','Author Example Six','Career Advice Short Description is here. Career Advice Short Description is here. Career Advice Short Description is here. Career Advice Short Description is here. Career Advice Short Description is here. Career Advice Short Description is here. Career Advice Short Description is here. Career Advice Short Description is here. Career Advice Short Description is here. Career Advice Short Description is here. Career Advice Short Description is here. Career Advice Short Description is here. Career Advice Short Description is here. Career Advice Short Description is here. Career Advice Short Description is here. Career Advice Short Description is here. Career Advice Short Description is here. Career Advice Short Description is here.',NULL,NULL,NULL,'2020-07-14 05:14:48.851381','1','127.0.0.1',0,'2020-09-12 08:20:42.313666','1','127.0.0.1','images/career_advice_featured_yBXoCd5.jpg','images/career_advice_thumb_7D8MbKK.jpeg','2020-08-23 12:59:52.000000'),(7,'Career Advice Example Seven','<p><strong>Career Advice Full&nbsp;</strong>Career Advice Full&nbsp;Description is here.&nbsp;</p>\r\n\r\n<p>Career Advice Full&nbsp;Description is here.&nbsp;Career Advice Full&nbsp;Description is here.&nbsp;Career Advice Full&nbsp;Description is here.&nbsp;Career Advice Full&nbsp;Description is here.&nbsp;Career Advice Full&nbsp;Description is here.&nbsp;Career Advice Full&nbsp;Description is here.&nbsp;Career Advice Full&nbsp;Description is here.&nbsp;Career Advice Full&nbsp;Description is here.&nbsp;Career Advice Full&nbsp;Description is here.&nbsp;Career Advice Full&nbsp;Description is here.&nbsp;Career Advice Full&nbsp;Description is here.&nbsp;Career Advice Full&nbsp;Description is here.&nbsp;Career Advice Full&nbsp;Description is here.&nbsp;Career Advice Full&nbsp;Description is here.&nbsp;Career Advice Full&nbsp;Description is here.&nbsp;Career Advice Full&nbsp;Description is here.&nbsp;Career Advice Full&nbsp;Description is here.&nbsp;Career Advice Full&nbsp;Description is here.&nbsp;Career Advice Full&nbsp;Description is here.&nbsp;Career Advice Full&nbsp;Description is here.&nbsp;Career Advice Full&nbsp;Description is here.&nbsp;Career Advice Full&nbsp;Description is here.&nbsp;Career Advice Full&nbsp;Description is here.&nbsp;</p>\r\n\r\n<hr />\r\n<p><strong>&nbsp;Career Advice Full&nbsp;Description is here.&nbsp;Career Advice Full&nbsp;Description is here.&nbsp;Career Advice Full&nbsp;Description is here.&nbsp;Career Advice Full&nbsp;Description is here.&nbsp;Career Advice Full&nbsp;Description is here.&nbsp;Career Advice Full&nbsp;Description is here.&nbsp;Career Advice Full&nbsp;Description is here.&nbsp;Career Advice Full&nbsp;Description is here.&nbsp;Career Advice Full&nbsp;Description is her</strong>e.&nbsp;Career Advice Full&nbsp;Description is here.&nbsp;Career Advice Full&nbsp;DCareer Advice Full&nbsp;Description is here.&nbsp;Career Advice Full&nbsp;Description is here.&nbsp;Career Advice Full&nbsp;Description is here.&nbsp;escription is here.&nbsp;Career Advice Full&nbsp;Description is here.&nbsp;Career Advice Full&nbsp;Description is here.&nbsp;Career Advice Full&nbsp;Description is here.&nbsp;Career Advice Full&nbsp;Description is here.&nbsp;Career Advice Full&nbsp;Description is here.&nbsp;Career Advice Full&nbsp;Description is here.&nbsp;Career Advice Full&nbsp;Description is here.&nbsp;Career Advice Full&nbsp;Description is here.&nbsp;Career Advice Full&nbsp;Description is here.&nbsp;Career Advice Full&nbsp;Description is here.&nbsp;Career Advice Full&nbsp;Description is here.&nbsp;Career Advice Full&nbsp;Description is here.&nbsp;Career Advice Full&nbsp;Description is here.&nbsp;Career Advice Full&nbsp;Description is here.&nbsp;Career Advice Full&nbsp;Description is here.&nbsp;Career Advice Full&nbsp;Description is here.&nbsp;Career Advice Full&nbsp;Description is here.&nbsp;Career Advice Full&nbsp;Description is here.&nbsp;Career Advice Full&nbsp;Description is here.&nbsp;</p>','Author Example Seven','Career Advice Short Description is here. Career Advice Short Description is here. Career Advice Short Description is here. Career Advice Short Description is here. Career Advice Short Description is here. Career Advice Short Description is here. Career Advice Short Description is here. Career Advice Short Description is here. Career Advice Short Description is here. Career Advice Short Description is here. Career Advice Short Description is here. Career Advice Short Description is here. Career Advice Short Description is here. Career Advice Short Description is here. Career Advice Short Description is here. Career Advice Short Description is here. Career Advice Short Description is here. Career Advice Short Description is here.',NULL,NULL,NULL,'2020-07-14 05:15:01.796449','1','127.0.0.1',0,'2020-09-12 08:20:23.531324','1','127.0.0.1','images/career_advice_featured_ch5bPf5.jpg','images/career_advice_thumb_1WDQrXY.jpeg','2020-08-23 12:59:52.000000'),(8,'Career Advice Example Eight','<p><strong>Career Advice Full&nbsp;</strong>Career Advice Full&nbsp;Description is here.&nbsp;</p>\r\n\r\n<p>Career Advice Full&nbsp;Description is here.&nbsp;Career Advice Full&nbsp;Description is here.&nbsp;Career Advice Full&nbsp;Description is here.&nbsp;Career Advice Full&nbsp;Description is here.&nbsp;Career Advice Full&nbsp;Description is here.&nbsp;Career Advice Full&nbsp;Description is here.&nbsp;Career Advice Full&nbsp;Description is here.&nbsp;Career Advice Full&nbsp;Description is here.&nbsp;Career Advice Full&nbsp;Description is here.&nbsp;Career Advice Full&nbsp;Description is here.&nbsp;Career Advice Full&nbsp;Description is here.&nbsp;Career Advice Full&nbsp;Description is here.&nbsp;Career Advice Full&nbsp;Description is here.&nbsp;Career Advice Full&nbsp;Description is here.&nbsp;Career Advice Full&nbsp;Description is here.&nbsp;Career Advice Full&nbsp;Description is here.&nbsp;Career Advice Full&nbsp;Description is here.&nbsp;Career Advice Full&nbsp;Description is here.&nbsp;Career Advice Full&nbsp;Description is here.&nbsp;Career Advice Full&nbsp;Description is here.&nbsp;Career Advice Full&nbsp;Description is here.&nbsp;Career Advice Full&nbsp;Description is here.&nbsp;Career Advice Full&nbsp;Description is here.&nbsp;</p>\r\n\r\n<hr />\r\n<p><strong>&nbsp;Career Advice Full&nbsp;Description is here.&nbsp;Career Advice Full&nbsp;Description is here.&nbsp;Career Advice Full&nbsp;Description is here.&nbsp;Career Advice Full&nbsp;Description is here.&nbsp;Career Advice Full&nbsp;Description is here.&nbsp;Career Advice Full&nbsp;Description is here.&nbsp;Career Advice Full&nbsp;Description is here.&nbsp;Career Advice Full&nbsp;Description is here.&nbsp;Career Advice Full&nbsp;Description is her</strong>e.&nbsp;Career Advice Full&nbsp;Description is here.&nbsp;Career Advice Full&nbsp;DCareer Advice Full&nbsp;Description is here.&nbsp;Career Advice Full&nbsp;Description is here.&nbsp;Career Advice Full&nbsp;Description is here.&nbsp;escription is here.&nbsp;Career Advice Full&nbsp;Description is here.&nbsp;Career Advice Full&nbsp;Description is here.&nbsp;Career Advice Full&nbsp;Description is here.&nbsp;Career Advice Full&nbsp;Description is here.&nbsp;Career Advice Full&nbsp;Description is here.&nbsp;Career Advice Full&nbsp;Description is here.&nbsp;Career Advice Full&nbsp;Description is here.&nbsp;Career Advice Full&nbsp;Description is here.&nbsp;Career Advice Full&nbsp;Description is here.&nbsp;Career Advice Full&nbsp;Description is here.&nbsp;Career Advice Full&nbsp;Description is here.&nbsp;Career Advice Full&nbsp;Description is here.&nbsp;Career Advice Full&nbsp;Description is here.&nbsp;Career Advice Full&nbsp;Description is here.&nbsp;Career Advice Full&nbsp;Description is here.&nbsp;Career Advice Full&nbsp;Description is here.&nbsp;Career Advice Full&nbsp;Description is here.&nbsp;Career Advice Full&nbsp;Description is here.&nbsp;Career Advice Full&nbsp;Description is here.&nbsp;</p>','Author Example Eight','Career Advice Short Description is here. Career Advice Short Description is here. Career Advice Short Description is here. Career Advice Short Description is here. Career Advice Short Description is here. Career Advice Short Description is here. Career Advice Short Description is here. Career Advice Short Description is here. Career Advice Short Description is here. Career Advice Short Description is here. Career Advice Short Description is here. Career Advice Short Description is here. Career Advice Short Description is here. Career Advice Short Description is here. Career Advice Short Description is here. Career Advice Short Description is here. Career Advice Short Description is here. Career Advice Short Description is here.',NULL,NULL,NULL,'2020-07-14 05:15:19.418353','1','127.0.0.1',0,'2020-09-12 08:20:04.083839','1','127.0.0.1','images/career_advice_featured_7Cf9R4a.jpg','images/career_advice_thumb_1sxyzP5.jpeg','2020-08-23 12:59:52.000000'),(9,'Career Advice Example Nine','<p><strong>Career Advice Full&nbsp;</strong>Career Advice Full&nbsp;Description is here.&nbsp;</p>\r\n\r\n<p>Career Advice Full&nbsp;Description is here.&nbsp;Career Advice Full&nbsp;Description is here.&nbsp;Career Advice Full&nbsp;Description is here.&nbsp;Career Advice Full&nbsp;Description is here.&nbsp;Career Advice Full&nbsp;Description is here.&nbsp;Career Advice Full&nbsp;Description is here.&nbsp;Career Advice Full&nbsp;Description is here.&nbsp;Career Advice Full&nbsp;Description is here.&nbsp;Career Advice Full&nbsp;Description is here.&nbsp;Career Advice Full&nbsp;Description is here.&nbsp;Career Advice Full&nbsp;Description is here.&nbsp;Career Advice Full&nbsp;Description is here.&nbsp;Career Advice Full&nbsp;Description is here.&nbsp;Career Advice Full&nbsp;Description is here.&nbsp;Career Advice Full&nbsp;Description is here.&nbsp;Career Advice Full&nbsp;Description is here.&nbsp;Career Advice Full&nbsp;Description is here.&nbsp;Career Advice Full&nbsp;Description is here.&nbsp;Career Advice Full&nbsp;Description is here.&nbsp;Career Advice Full&nbsp;Description is here.&nbsp;Career Advice Full&nbsp;Description is here.&nbsp;Career Advice Full&nbsp;Description is here.&nbsp;Career Advice Full&nbsp;Description is here.&nbsp;</p>\r\n\r\n<hr />\r\n<p><strong>&nbsp;Career Advice Full&nbsp;Description is here.&nbsp;Career Advice Full&nbsp;Description is here.&nbsp;Career Advice Full&nbsp;Description is here.&nbsp;Career Advice Full&nbsp;Description is here.&nbsp;Career Advice Full&nbsp;Description is here.&nbsp;Career Advice Full&nbsp;Description is here.&nbsp;Career Advice Full&nbsp;Description is here.&nbsp;Career Advice Full&nbsp;Description is here.&nbsp;Career Advice Full&nbsp;Description is her</strong>e.&nbsp;Career Advice Full&nbsp;Description is here.&nbsp;Career Advice Full&nbsp;DCareer Advice Full&nbsp;Description is here.&nbsp;Career Advice Full&nbsp;Description is here.&nbsp;Career Advice Full&nbsp;Description is here.&nbsp;escription is here.&nbsp;Career Advice Full&nbsp;Description is here.&nbsp;Career Advice Full&nbsp;Description is here.&nbsp;Career Advice Full&nbsp;Description is here.&nbsp;Career Advice Full&nbsp;Description is here.&nbsp;Career Advice Full&nbsp;Description is here.&nbsp;Career Advice Full&nbsp;Description is here.&nbsp;Career Advice Full&nbsp;Description is here.&nbsp;Career Advice Full&nbsp;Description is here.&nbsp;Career Advice Full&nbsp;Description is here.&nbsp;Career Advice Full&nbsp;Description is here.&nbsp;Career Advice Full&nbsp;Description is here.&nbsp;Career Advice Full&nbsp;Description is here.&nbsp;Career Advice Full&nbsp;Description is here.&nbsp;Career Advice Full&nbsp;Description is here.&nbsp;Career Advice Full&nbsp;Description is here.&nbsp;Career Advice Full&nbsp;Description is here.&nbsp;Career Advice Full&nbsp;Description is here.&nbsp;Career Advice Full&nbsp;Description is here.&nbsp;Career Advice Full&nbsp;Description is here.&nbsp;</p>','Author Example Nine','Career Advice Short Description is here. Career Advice Short Description is here. Career Advice Short Description is here. Career Advice Short Description is here. Career Advice Short Description is here. Career Advice Short Description is here. Career Advice Short Description is here. Career Advice Short Description is here. Career Advice Short Description is here. Career Advice Short Description is here. Career Advice Short Description is here. Career Advice Short Description is here. Career Advice Short Description is here. Career Advice Short Description is here. Career Advice Short Description is here. Career Advice Short Description is here. Career Advice Short Description is here. Career Advice Short Description is here.',NULL,NULL,NULL,'2020-07-14 05:15:30.152159','1','127.0.0.1',0,'2020-09-12 08:19:47.053829','1','127.0.0.1','images/career_advice_featured_ihvTOZl.jpg','images/career_advice_thumb_sgauh9x.jpeg','2020-08-23 12:59:52.000000'),(10,'Career Advice Example Ten','<p><strong>Career Advice Full&nbsp;</strong>Career Advice Full&nbsp;Description is here.&nbsp;</p>\r\n\r\n<p>Career Advice Full&nbsp;Description is here.&nbsp;Career Advice Full&nbsp;Description is here.&nbsp;Career Advice Full&nbsp;Description is here.&nbsp;Career Advice Full&nbsp;Description is here.&nbsp;Career Advice Full&nbsp;Description is here.&nbsp;Career Advice Full&nbsp;Description is here.&nbsp;Career Advice Full&nbsp;Description is here.&nbsp;Career Advice Full&nbsp;Description is here.&nbsp;Career Advice Full&nbsp;Description is here.&nbsp;Career Advice Full&nbsp;Description is here.&nbsp;Career Advice Full&nbsp;Description is here.&nbsp;Career Advice Full&nbsp;Description is here.&nbsp;Career Advice Full&nbsp;Description is here.&nbsp;Career Advice Full&nbsp;Description is here.&nbsp;Career Advice Full&nbsp;Description is here.&nbsp;Career Advice Full&nbsp;Description is here.&nbsp;Career Advice Full&nbsp;Description is here.&nbsp;Career Advice Full&nbsp;Description is here.&nbsp;Career Advice Full&nbsp;Description is here.&nbsp;Career Advice Full&nbsp;Description is here.&nbsp;Career Advice Full&nbsp;Description is here.&nbsp;Career Advice Full&nbsp;Description is here.&nbsp;Career Advice Full&nbsp;Description is here.&nbsp;</p>\r\n\r\n<hr />\r\n<p><strong>&nbsp;Career Advice Full&nbsp;Description is here.&nbsp;Career Advice Full&nbsp;Description is here.&nbsp;Career Advice Full&nbsp;Description is here.&nbsp;Career Advice Full&nbsp;Description is here.&nbsp;Career Advice Full&nbsp;Description is here.&nbsp;Career Advice Full&nbsp;Description is here.&nbsp;Career Advice Full&nbsp;Description is here.&nbsp;Career Advice Full&nbsp;Description is here.&nbsp;Career Advice Full&nbsp;Description is her</strong>e.&nbsp;Career Advice Full&nbsp;Description is here.&nbsp;Career Advice Full&nbsp;DCareer Advice Full&nbsp;Description is here.&nbsp;Career Advice Full&nbsp;Description is here.&nbsp;Career Advice Full&nbsp;Description is here.&nbsp;escription is here.&nbsp;Career Advice Full&nbsp;Description is here.&nbsp;Career Advice Full&nbsp;Description is here.&nbsp;Career Advice Full&nbsp;Description is here.&nbsp;Career Advice Full&nbsp;Description is here.&nbsp;Career Advice Full&nbsp;Description is here.&nbsp;Career Advice Full&nbsp;Description is here.&nbsp;Career Advice Full&nbsp;Description is here.&nbsp;Career Advice Full&nbsp;Description is here.&nbsp;Career Advice Full&nbsp;Description is here.&nbsp;Career Advice Full&nbsp;Description is here.&nbsp;Career Advice Full&nbsp;Description is here.&nbsp;Career Advice Full&nbsp;Description is here.&nbsp;Career Advice Full&nbsp;Description is here.&nbsp;Career Advice Full&nbsp;Description is here.&nbsp;Career Advice Full&nbsp;Description is here.&nbsp;Career Advice Full&nbsp;Description is here.&nbsp;Career Advice Full&nbsp;Description is here.&nbsp;Career Advice Full&nbsp;Description is here.&nbsp;Career Advice Full&nbsp;Description is here.&nbsp;</p>','Author Example Ten','Career Advice Short Description is here. Career Advice Short Description is here. Career Advice Short Description is here. Career Advice Short Description is here. Career Advice Short Description is here. Career Advice Short Description is here. Career Advice Short Description is here. Career Advice Short Description is here. Career Advice Short Description is here. Career Advice Short Description is here. Career Advice Short Description is here. Career Advice Short Description is here. Career Advice Short Description is here. Career Advice Short Description is here. Career Advice Short Description is here. Career Advice Short Description is here. Career Advice Short Description is here. Career Advice Short Description is here.',NULL,NULL,NULL,'2020-07-14 05:15:46.300365','1','127.0.0.1',0,'2020-09-12 08:19:25.258697','1','127.0.0.1','images/career_advice_featured_mnNd9HG.jpg','images/career_advice_thumb_R2XkTDN.jpeg','2020-08-23 12:59:52.000000'),(11,'Career Advice Example Eleven','<p><strong>Career Advice Full&nbsp;</strong>Career Advice Full&nbsp;Description is here.&nbsp;</p>\r\n\r\n<p>Career Advice Full&nbsp;Description is here.&nbsp;Career Advice Full&nbsp;Description is here.&nbsp;Career Advice Full&nbsp;Description is here.&nbsp;Career Advice Full&nbsp;Description is here.&nbsp;Career Advice Full&nbsp;Description is here.&nbsp;Career Advice Full&nbsp;Description is here.&nbsp;Career Advice Full&nbsp;Description is here.&nbsp;Career Advice Full&nbsp;Description is here.&nbsp;Career Advice Full&nbsp;Description is here.&nbsp;Career Advice Full&nbsp;Description is here.&nbsp;Career Advice Full&nbsp;Description is here.&nbsp;Career Advice Full&nbsp;Description is here.&nbsp;Career Advice Full&nbsp;Description is here.&nbsp;Career Advice Full&nbsp;Description is here.&nbsp;Career Advice Full&nbsp;Description is here.&nbsp;Career Advice Full&nbsp;Description is here.&nbsp;Career Advice Full&nbsp;Description is here.&nbsp;Career Advice Full&nbsp;Description is here.&nbsp;Career Advice Full&nbsp;Description is here.&nbsp;Career Advice Full&nbsp;Description is here.&nbsp;Career Advice Full&nbsp;Description is here.&nbsp;Career Advice Full&nbsp;Description is here.&nbsp;Career Advice Full&nbsp;Description is here.&nbsp;</p>\r\n\r\n<hr />\r\n<p><strong>&nbsp;Career Advice Full&nbsp;Description is here.&nbsp;Career Advice Full&nbsp;Description is here.&nbsp;Career Advice Full&nbsp;Description is here.&nbsp;Career Advice Full&nbsp;Description is here.&nbsp;Career Advice Full&nbsp;Description is here.&nbsp;Career Advice Full&nbsp;Description is here.&nbsp;Career Advice Full&nbsp;Description is here.&nbsp;Career Advice Full&nbsp;Description is here.&nbsp;Career Advice Full&nbsp;Description is her</strong>e.&nbsp;Career Advice Full&nbsp;Description is here.&nbsp;Career Advice Full&nbsp;DCareer Advice Full&nbsp;Description is here.&nbsp;Career Advice Full&nbsp;Description is here.&nbsp;Career Advice Full&nbsp;Description is here.&nbsp;escription is here.&nbsp;Career Advice Full&nbsp;Description is here.&nbsp;Career Advice Full&nbsp;Description is here.&nbsp;Career Advice Full&nbsp;Description is here.&nbsp;Career Advice Full&nbsp;Description is here.&nbsp;Career Advice Full&nbsp;Description is here.&nbsp;Career Advice Full&nbsp;Description is here.&nbsp;Career Advice Full&nbsp;Description is here.&nbsp;Career Advice Full&nbsp;Description is here.&nbsp;Career Advice Full&nbsp;Description is here.&nbsp;Career Advice Full&nbsp;Description is here.&nbsp;Career Advice Full&nbsp;Description is here.&nbsp;Career Advice Full&nbsp;Description is here.&nbsp;Career Advice Full&nbsp;Description is here.&nbsp;Career Advice Full&nbsp;Description is here.&nbsp;Career Advice Full&nbsp;Description is here.&nbsp;Career Advice Full&nbsp;Description is here.&nbsp;Career Advice Full&nbsp;Description is here.&nbsp;Career Advice Full&nbsp;Description is here.&nbsp;Career Advice Full&nbsp;Description is here.&nbsp;</p>','Author Example Eleven','Career Advice Short Description is here. Career Advice Short Description is here. Career Advice Short Description is here. Career Advice Short Description is here. Career Advice Short Description is here. Career Advice Short Description is here. Career Advice Short Description is here. Career Advice Short Description is here. Career Advice Short Description is here. Career Advice Short Description is here. Career Advice Short Description is here. Career Advice Short Description is here. Career Advice Short Description is here. Career Advice Short Description is here. Career Advice Short Description is here. Career Advice Short Description is here. Career Advice Short Description is here. Career Advice Short Description is here.',NULL,NULL,NULL,'2020-07-14 05:16:27.181065','1','127.0.0.1',0,'2020-09-12 08:19:02.528283','1','127.0.0.1','images/career_advice_featured_mibrbtE.jpg','images/career_advice_thumb_BiDAvBx.jpeg','2020-08-23 12:59:52.000000'),(12,'Career Advice Example Twelve','<p><strong>Career Advice Full&nbsp;</strong>Career Advice Full&nbsp;Description is here.&nbsp;</p>\r\n\r\n<p>Career Advice Full&nbsp;Description is here.&nbsp;Career Advice Full&nbsp;Description is here.&nbsp;Career Advice Full&nbsp;Description is here.&nbsp;Career Advice Full&nbsp;Description is here.&nbsp;Career Advice Full&nbsp;Description is here.&nbsp;Career Advice Full&nbsp;Description is here.&nbsp;Career Advice Full&nbsp;Description is here.&nbsp;Career Advice Full&nbsp;Description is here.&nbsp;Career Advice Full&nbsp;Description is here.&nbsp;Career Advice Full&nbsp;Description is here.&nbsp;Career Advice Full&nbsp;Description is here.&nbsp;Career Advice Full&nbsp;Description is here.&nbsp;Career Advice Full&nbsp;Description is here.&nbsp;Career Advice Full&nbsp;Description is here.&nbsp;Career Advice Full&nbsp;Description is here.&nbsp;Career Advice Full&nbsp;Description is here.&nbsp;Career Advice Full&nbsp;Description is here.&nbsp;Career Advice Full&nbsp;Description is here.&nbsp;Career Advice Full&nbsp;Description is here.&nbsp;Career Advice Full&nbsp;Description is here.&nbsp;Career Advice Full&nbsp;Description is here.&nbsp;Career Advice Full&nbsp;Description is here.&nbsp;Career Advice Full&nbsp;Description is here.&nbsp;</p>\r\n\r\n<hr />\r\n<p><strong>&nbsp;Career Advice Full&nbsp;Description is here.&nbsp;Career Advice Full&nbsp;Description is here.&nbsp;Career Advice Full&nbsp;Description is here.&nbsp;Career Advice Full&nbsp;Description is here.&nbsp;Career Advice Full&nbsp;Description is here.&nbsp;Career Advice Full&nbsp;Description is here.&nbsp;Career Advice Full&nbsp;Description is here.&nbsp;Career Advice Full&nbsp;Description is here.&nbsp;Career Advice Full&nbsp;Description is her</strong>e.&nbsp;Career Advice Full&nbsp;Description is here.&nbsp;Career Advice Full&nbsp;DCareer Advice Full&nbsp;Description is here.&nbsp;Career Advice Full&nbsp;Description is here.&nbsp;Career Advice Full&nbsp;Description is here.&nbsp;escription is here.&nbsp;Career Advice Full&nbsp;Description is here.&nbsp;Career Advice Full&nbsp;Description is here.&nbsp;Career Advice Full&nbsp;Description is here.&nbsp;Career Advice Full&nbsp;Description is here.&nbsp;Career Advice Full&nbsp;Description is here.&nbsp;Career Advice Full&nbsp;Description is here.&nbsp;Career Advice Full&nbsp;Description is here.&nbsp;Career Advice Full&nbsp;Description is here.&nbsp;Career Advice Full&nbsp;Description is here.&nbsp;Career Advice Full&nbsp;Description is here.&nbsp;Career Advice Full&nbsp;Description is here.&nbsp;Career Advice Full&nbsp;Description is here.&nbsp;Career Advice Full&nbsp;Description is here.&nbsp;Career Advice Full&nbsp;Description is here.&nbsp;Career Advice Full&nbsp;Description is here.&nbsp;Career Advice Full&nbsp;Description is here.&nbsp;Career Advice Full&nbsp;Description is here.&nbsp;Career Advice Full&nbsp;Description is here.&nbsp;Career Advice Full&nbsp;Description is here.&nbsp;</p>','Author Example Twelve','Career Advice Short Description is here. Career Advice Short Description is here. Career Advice Short Description is here. Career Advice Short Description is here. Career Advice Short Description is here. Career Advice Short Description is here. Career Advice Short Description is here. Career Advice Short Description is here. Career Advice Short Description is here. Career Advice Short Description is here. Career Advice Short Description is here. Career Advice Short Description is here. Career Advice Short Description is here. Career Advice Short Description is here. Career Advice Short Description is here. Career Advice Short Description is here. Career Advice Short Description is here. Career Advice Short Description is here.',NULL,NULL,NULL,'2020-07-14 05:16:43.729351','1','127.0.0.1',0,'2020-09-12 08:09:15.445925','1','127.0.0.1','images/career_advice_featured.jpg','images/career_advice_thumb.jpeg','2020-08-23 12:59:52.000000');
/*!40000 ALTER TABLE `career_advices` ENABLE KEYS */;
UNLOCK TABLES;

--
-- Table structure for table `certificate_names`
--

DROP TABLE IF EXISTS `certificate_names`;
/*!40101 SET @saved_cs_client     = @@character_set_client */;
/*!40101 SET character_set_client = utf8 */;
CREATE TABLE `certificate_names` (
  `id` int(11) NOT NULL AUTO_INCREMENT,
  `name` varchar(255) NOT NULL,
  `archived_at` datetime(6) DEFAULT NULL,
  `archived_by` varchar(255) DEFAULT NULL,
  `archived_from` varchar(255) DEFAULT NULL,
  `created_at` datetime(6) DEFAULT NULL,
  `created_by` varchar(255) DEFAULT NULL,
  `created_from` varchar(255) DEFAULT NULL,
  `is_archived` tinyint(1) NOT NULL,
  `modified_at` datetime(6) DEFAULT NULL,
  `modified_by` varchar(255) DEFAULT NULL,
  `modified_from` varchar(255) DEFAULT NULL,
  PRIMARY KEY (`id`)
) ENGINE=InnoDB AUTO_INCREMENT=4 DEFAULT CHARSET=utf8;
/*!40101 SET character_set_client = @saved_cs_client */;

--
-- Dumping data for table `certificate_names`
--

LOCK TABLES `certificate_names` WRITE;
/*!40000 ALTER TABLE `certificate_names` DISABLE KEYS */;
INSERT INTO `certificate_names` VALUES (1,'Certificate Example One',NULL,NULL,NULL,'2020-08-11 07:05:03.163611','1','127.0.0.1',0,NULL,NULL,NULL),(2,'Certificate Example Two',NULL,NULL,NULL,'2020-08-11 07:05:09.328707','1','127.0.0.1',0,NULL,NULL,NULL),(3,'Certificate Example Three',NULL,NULL,NULL,'2020-08-11 07:05:15.193054','1','127.0.0.1',0,NULL,NULL,NULL);
/*!40000 ALTER TABLE `certificate_names` ENABLE KEYS */;
UNLOCK TABLES;

--
-- Table structure for table `certifications`
--

DROP TABLE IF EXISTS `certifications`;
/*!40101 SET @saved_cs_client     = @@character_set_client */;
/*!40101 SET character_set_client = utf8 */;
CREATE TABLE `certifications` (
  `id` int(11) NOT NULL AUTO_INCREMENT,
  `has_expiry_period` tinyint(1) NOT NULL,
  `issue_date` date DEFAULT NULL,
  `expiry_date` date DEFAULT NULL,
  `credential_id` varchar(255) DEFAULT NULL,
  `credential_url` varchar(255) DEFAULT NULL,
  `professional_id` char(32) NOT NULL,
  `is_archived` tinyint(1) NOT NULL,
  `certificate_name` varchar(255) NOT NULL,
  `created_by` varchar(255) DEFAULT NULL,
  `modified_by` varchar(255) DEFAULT NULL,
  `organization` varchar(255) DEFAULT NULL,
  `archived_at` datetime(6) DEFAULT NULL,
  `archived_by` varchar(255) DEFAULT NULL,
  `archived_from` varchar(255) DEFAULT NULL,
  `created_from` varchar(255) DEFAULT NULL,
  `modified_from` varchar(255) DEFAULT NULL,
  `created_at` datetime(6) DEFAULT NULL,
  `modified_at` datetime(6) DEFAULT NULL,
  `organization_key_id` int(11) DEFAULT NULL,
  PRIMARY KEY (`id`),
  KEY `certifications_professional_id_cd88b80f_fk_professionals_id` (`professional_id`),
  KEY `certifications_organization_key_id_5ae0d5c3_fk_certifyin` (`organization_key_id`),
  CONSTRAINT `certifications_organization_key_id_5ae0d5c3_fk_certifyin` FOREIGN KEY (`organization_key_id`) REFERENCES `certifying_organizations` (`id`),
  CONSTRAINT `certifications_professional_id_cd88b80f_fk_professionals_id` FOREIGN KEY (`professional_id`) REFERENCES `professionals` (`id`)
) ENGINE=InnoDB AUTO_INCREMENT=3 DEFAULT CHARSET=utf8;
/*!40101 SET character_set_client = @saved_cs_client */;

--
-- Dumping data for table `certifications`
--

LOCK TABLES `certifications` WRITE;
/*!40000 ALTER TABLE `certifications` DISABLE KEYS */;
INSERT INTO `certifications` VALUES (1,0,'2020-01-01',NULL,'credid123','credential.com','781d597065fe4136af3520c38eb8042b',0,'Example certification','6','6','Example organization',NULL,NULL,NULL,'127.0.0.1','127.0.0.1','2020-07-18 04:07:20.589791','2020-08-11 07:26:29.294884',1),(2,0,'2020-08-04',NULL,'33','werwe','5ec333621826464fafe0501d0cf39fc8',1,'Certificate','4','1','Organisation','2020-08-11 06:59:11.537135','4','127.0.0.1','127.0.0.1','127.0.0.1','2020-08-11 06:47:48.637118','2020-08-11 07:18:29.391819',2);
/*!40000 ALTER TABLE `certifications` ENABLE KEYS */;
UNLOCK TABLES;

--
-- Table structure for table `certifying_organizations`
--

DROP TABLE IF EXISTS `certifying_organizations`;
/*!40101 SET @saved_cs_client     = @@character_set_client */;
/*!40101 SET character_set_client = utf8 */;
CREATE TABLE `certifying_organizations` (
  `id` int(11) NOT NULL AUTO_INCREMENT,
  `created_by` varchar(255) DEFAULT NULL,
  `created_at` datetime(6) DEFAULT NULL,
  `created_from` varchar(255) DEFAULT NULL,
  `modified_by` varchar(255) DEFAULT NULL,
  `modified_at` datetime(6) DEFAULT NULL,
  `modified_from` varchar(255) DEFAULT NULL,
  `is_archived` tinyint(1) NOT NULL,
  `archived_by` varchar(255) DEFAULT NULL,
  `archived_at` datetime(6) DEFAULT NULL,
  `archived_from` varchar(255) DEFAULT NULL,
  `name` varchar(255) NOT NULL,
  `image` varchar(100) DEFAULT NULL,
  PRIMARY KEY (`id`)
) ENGINE=InnoDB AUTO_INCREMENT=4 DEFAULT CHARSET=utf8;
/*!40101 SET character_set_client = @saved_cs_client */;

--
-- Dumping data for table `certifying_organizations`
--

LOCK TABLES `certifying_organizations` WRITE;
/*!40000 ALTER TABLE `certifying_organizations` DISABLE KEYS */;
INSERT INTO `certifying_organizations` VALUES (1,'1','2020-08-11 07:06:15.192160','127.0.0.1','1','2020-08-11 07:06:41.199982','127.0.0.1',0,NULL,NULL,NULL,'Certification Organisation Example One','images/2.jpeg'),(2,'1','2020-08-11 07:06:20.856227','127.0.0.1','1','2020-08-11 07:06:54.742526','127.0.0.1',0,NULL,NULL,NULL,'Certification Organisation Example Two','images/6.jpeg'),(3,'1','2020-08-11 07:06:29.470564','127.0.0.1','1','2020-08-11 07:07:06.917703','127.0.0.1',0,NULL,NULL,NULL,'Certification Organisation Example Three','images/3.jpeg');
/*!40000 ALTER TABLE `certifying_organizations` ENABLE KEYS */;
UNLOCK TABLES;

--
-- Table structure for table `cities`
--

DROP TABLE IF EXISTS `cities`;
/*!40101 SET @saved_cs_client     = @@character_set_client */;
/*!40101 SET character_set_client = utf8 */;
CREATE TABLE `cities` (
  `created_by` varchar(255) DEFAULT NULL,
  `created_at` datetime(6) DEFAULT NULL,
  `created_from` varchar(255) DEFAULT NULL,
  `modified_by` varchar(255) DEFAULT NULL,
  `modified_at` datetime(6) DEFAULT NULL,
  `modified_from` varchar(255) DEFAULT NULL,
  `is_archived` tinyint(1) NOT NULL,
  `archived_by` varchar(255) DEFAULT NULL,
  `archived_at` datetime(6) DEFAULT NULL,
  `archived_from` varchar(255) DEFAULT NULL,
  `name` varchar(255) NOT NULL,
  PRIMARY KEY (`name`)
) ENGINE=InnoDB DEFAULT CHARSET=utf8;
/*!40101 SET character_set_client = @saved_cs_client */;

--
-- Dumping data for table `cities`
--

LOCK TABLES `cities` WRITE;
/*!40000 ALTER TABLE `cities` DISABLE KEYS */;
INSERT INTO `cities` VALUES (NULL,NULL,NULL,NULL,NULL,NULL,0,NULL,NULL,NULL,'Bangladesh,Barishal'),(NULL,NULL,NULL,NULL,NULL,NULL,0,NULL,NULL,NULL,'Bangladesh,Chattagram'),(NULL,NULL,NULL,NULL,NULL,NULL,0,NULL,NULL,NULL,'Bangladesh,Dhaka'),(NULL,NULL,NULL,NULL,NULL,NULL,0,NULL,NULL,NULL,'Bangladesh,Khulna'),(NULL,NULL,NULL,NULL,NULL,NULL,0,NULL,NULL,NULL,'Bangladesh,Mymensingh'),(NULL,NULL,NULL,NULL,NULL,NULL,0,NULL,NULL,NULL,'Bangladesh,Rajshahi'),(NULL,NULL,NULL,NULL,NULL,NULL,0,NULL,NULL,NULL,'Bangladesh,Rangpur'),(NULL,NULL,NULL,NULL,NULL,NULL,0,NULL,NULL,NULL,'Bangladesh,Sylhet');
/*!40000 ALTER TABLE `cities` ENABLE KEYS */;
UNLOCK TABLES;

--
-- Table structure for table `companies`
--

DROP TABLE IF EXISTS `companies`;
/*!40101 SET @saved_cs_client     = @@character_set_client */;
/*!40101 SET character_set_client = utf8 */;
CREATE TABLE `companies` (
  `name` varchar(255) NOT NULL,
  `web_address` varchar(255) DEFAULT NULL,
  `address` varchar(500) DEFAULT NULL,
  `basis_membership_no` varchar(50) DEFAULT NULL,
  `contact_person_email` varchar(100) DEFAULT NULL,
  `contact_person` varchar(50) DEFAULT NULL,
  `contact_person_designation` varchar(50) DEFAULT NULL,
  `contact_person_mobile_no` varchar(20) DEFAULT NULL,
  `email` varchar(100) DEFAULT NULL,
  `legal_structure_of_this_company` varchar(60) DEFAULT NULL,
  `no_of_it_resources` smallint(5) unsigned DEFAULT NULL,
  `organization_head` varchar(60) DEFAULT NULL,
  `organization_head_designation` varchar(30) DEFAULT NULL,
  `organization_head_number` varchar(15) DEFAULT NULL,
  `total_number_of_human_resources` smallint(5) unsigned DEFAULT NULL,
  `year_of_eastablishment` date DEFAULT NULL,
  `company_contact_no_one` varchar(50) DEFAULT NULL,
  `company_contact_no_three` varchar(50) DEFAULT NULL,
  `company_contact_no_two` varchar(50) DEFAULT NULL,
  `company_name_bdjobs` varchar(255) DEFAULT NULL,
  `company_name_facebook` varchar(255) DEFAULT NULL,
  `company_name_google` varchar(255) DEFAULT NULL,
  `company_profile` longtext,
  `profile_picture` varchar(100) DEFAULT NULL,
  `latitude` decimal(15,8) DEFAULT NULL,
  `longitude` decimal(15,8) DEFAULT NULL,
  `archived_at` datetime(6) DEFAULT NULL,
  `archived_by` varchar(255) DEFAULT NULL,
  `archived_from` varchar(255) DEFAULT NULL,
  `area` varchar(255) DEFAULT NULL,
  `city` varchar(255) DEFAULT NULL,
  `country` varchar(255) DEFAULT NULL,
  `created_at` datetime(6) DEFAULT NULL,
  `created_by` varchar(255) DEFAULT NULL,
  `created_from` varchar(255) DEFAULT NULL,
  `is_archived` tinyint(1) NOT NULL,
  `modified_at` datetime(6) DEFAULT NULL,
  `modified_by` varchar(255) DEFAULT NULL,
  `modified_from` varchar(255) DEFAULT NULL,
  `user_id` int(11) DEFAULT NULL,
  `slug` varchar(255) DEFAULT NULL,
  `featured` tinyint(1) NOT NULL,
  PRIMARY KEY (`name`),
  UNIQUE KEY `user_id` (`user_id`),
  UNIQUE KEY `slug` (`slug`),
  CONSTRAINT `companies_user_id_2a32fa62_fk_auth_user_id` FOREIGN KEY (`user_id`) REFERENCES `auth_user` (`id`)
) ENGINE=InnoDB DEFAULT CHARSET=utf8;
/*!40101 SET character_set_client = @saved_cs_client */;

--
-- Dumping data for table `companies`
--

LOCK TABLES `companies` WRITE;
/*!40000 ALTER TABLE `companies` DISABLE KEYS */;
INSERT INTO `companies` VALUES ('Blank Company Example',NULL,NULL,NULL,NULL,NULL,NULL,NULL,NULL,NULL,NULL,NULL,NULL,NULL,NULL,NULL,NULL,NULL,NULL,NULL,NULL,NULL,'','',NULL,NULL,NULL,NULL,NULL,NULL,'Bangladesh,Dhaka','Bangladesh','2020-08-11 07:38:20.302086','1','127.0.0.1',0,'2020-08-11 07:42:58.706984','1','127.0.0.1',NULL,NULL,0),('Company Example',NULL,NULL,NULL,NULL,NULL,NULL,NULL,NULL,NULL,NULL,NULL,NULL,NULL,NULL,NULL,NULL,NULL,NULL,NULL,NULL,NULL,'','',NULL,NULL,NULL,NULL,NULL,NULL,'Bangladesh,Dhaka','Bangladesh','2020-07-14 04:02:57.819897','1','127.0.0.1',0,'2020-08-12 06:15:34.413403','1','127.0.0.1',5,NULL,0),('Company Example Two',NULL,NULL,NULL,NULL,NULL,NULL,NULL,NULL,NULL,NULL,NULL,NULL,NULL,NULL,NULL,NULL,NULL,NULL,NULL,NULL,NULL,'','',NULL,NULL,NULL,NULL,NULL,NULL,'Dhaka, Bangladesh','Bangladesh','2020-07-14 04:50:52.444592','1','127.0.0.1',0,NULL,NULL,NULL,NULL,NULL,0),('Company Example View','companyview.com','Dhaka, Gulsan','4','contact_person@ishraak.com','CompanyViewContactPerson','ContactPersonDesignation','01700000000','com_example_view@ishraak.com','CompanyLegality',21,'CompanyHead','CompanyHeadDesignation','01999999999',25,'2020-08-02','01911111111','01911111113','01911111112','bdjobs.com/company','fb/company','bdgoogle','Company Example Profile','images/portfolio.png',23.80325218,90.40694038,NULL,NULL,NULL,'Niketon','Bangladesh,Dhaka','Bangladesh','2020-08-11 03:55:34.390839','1','127.0.0.1',0,'2020-08-11 07:43:35.941293','1','127.0.0.1',7,NULL,0),('Featured Company Eight','companyone.com','Dhaka, Gulsan','4','contact_examle@ishraak.com','Contact Person N Example','Contact Person D Example','01700000000','company_featured@ishraak.com',NULL,13,'Organization Head N Example','Organization Head D Example','019111111189',34,'2020-07-29','01911111111','01911111113','01911111112','bdjobs.com/company','fb/company',NULL,'Company  Profile here.','images/company_two_LGRH9xr.png',23.81079081,90.33552925,NULL,NULL,NULL,'Badda','Bangladesh, Dhaka','Bangladesh','2020-07-29 04:17:59.879615','1','127.0.0.1',0,'2020-07-29 04:22:01.302305','1','127.0.0.1',NULL,NULL,1),('Featured Company Five','companyone.com','Dhaka, Gulsan','4','contact_examle@ishraak.com','Contact Person N Example','Contact Person D Example','01700000000','company_featured@ishraak.com',NULL,13,'Organization Head N Example','Organization Head D Example','019111111189',34,'2020-07-29','01911111111','01911111113','01911111112','bdjobs.com/company','fb/company',NULL,'Company  Profile here.','images/company_two_xPyFjTl.png',23.81079081,90.33552925,NULL,NULL,NULL,'Badda','Bangladesh, Dhaka','Bangladesh','2020-07-29 04:17:16.780605','1','127.0.0.1',0,'2020-07-29 04:21:46.430850','1','127.0.0.1',NULL,NULL,1),('Featured Company Four','companyone.com','Dhaka, Gulsan','4','contact_examle@ishraak.com','Contact Person N Example','Contact Person D Example','01700000000','company_featured@ishraak.com',NULL,13,'Organization Head N Example','Organization Head D Example','019111111189',34,'2020-07-29','01911111111','01911111113','01911111112','bdjobs.com/company','fb/company',NULL,'Company  Profile here.','images/company_one_zaq7BLq.png',23.81079081,90.33552925,NULL,NULL,NULL,'Badda','Bangladesh, Dhaka','Bangladesh','2020-07-29 04:16:59.805601','1','127.0.0.1',0,'2020-07-29 04:21:30.488783','1','127.0.0.1',NULL,NULL,1),('Featured Company Nine','companyone.com','Dhaka, Gulsan','4','contact_examle@ishraak.com','Contact Person N Example','Contact Person D Example','01700000000','company_featured@ishraak.com',NULL,13,'Organization Head N Example','Organization Head D Example','019111111189',34,'2020-07-29','01911111111','01911111113','01911111112','bdjobs.com/company','fb/company',NULL,'Company  Profile here.','images/company_three_AlbChVy.png',23.81079081,90.33552925,NULL,NULL,NULL,'Badda','Bangladesh, Dhaka','Bangladesh','2020-07-29 04:18:10.747292','1','127.0.0.1',0,'2020-07-29 04:21:13.799794','1','127.0.0.1',NULL,NULL,1),('Featured Company One','companyone.com','Dhaka, Gulsan','4','contact_examle@ishraak.com','Contact Person N Example','Contact Person D Example','01700000000','company_featured@ishraak.com',NULL,13,'Organization Head N Example','Organization Head D Example','019111111189',34,'2020-07-29','01911111111','01911111113','01911111112','bdjobs.com/company','fb/company',NULL,'Company Profile here.','images/company_one.png',23.81079081,90.33552925,NULL,NULL,NULL,'Niketon','Bangladesh, Dhaka','Bangladesh','2020-07-29 04:15:50.025498','1','127.0.0.1',0,NULL,NULL,NULL,NULL,NULL,1),('Featured Company Seven','companyone.com','Dhaka, Gulsan','4','contact_examle@ishraak.com','Contact Person N Example','Contact Person D Example','01700000000','company_featured@ishraak.com',NULL,13,'Organization Head N Example','Organization Head D Example','019111111189',34,'2020-07-29','01911111111','01911111113','01911111112','bdjobs.com/company','fb/company',NULL,'Company  Profile here.','images/company_one_DecE6YO.png',23.81079081,90.33552925,NULL,NULL,NULL,'Badda','Bangladesh, Dhaka','Bangladesh','2020-07-29 04:17:41.454161','1','127.0.0.1',0,'2020-07-29 04:20:53.805920','1','127.0.0.1',NULL,NULL,1),('Featured Company Six','companyone.com','Dhaka, Gulsan','4','contact_examle@ishraak.com','Contact Person N Example','Contact Person D Example','01700000000','company_featured@ishraak.com',NULL,13,'Organization Head N Example','Organization Head D Example','019111111189',34,'2020-07-29','01911111111','01911111113','01911111112','bdjobs.com/company','fb/company',NULL,'Company  Profile here.','images/company_three_zwLxJIO.png',23.81079081,90.33552925,NULL,NULL,NULL,'Badda','Bangladesh, Dhaka','Bangladesh','2020-07-29 04:17:27.148048','1','127.0.0.1',0,'2020-07-29 04:20:42.228665','1','127.0.0.1',NULL,NULL,1),('Featured Company Ten','companyone.com','Dhaka, Gulsan','4','contact_examle@ishraak.com','Contact Person N Example','Contact Person D Example','01700000000','company_featured@ishraak.com',NULL,13,'Organization Head N Example','Organization Head D Example','019111111189',34,'2020-07-29','01911111111','01911111113','01911111112','bdjobs.com/company','fb/company',NULL,'Company  Profile here.','images/company_one_UBScaVC.png',23.81079081,90.33552925,NULL,NULL,NULL,'Badda','Bangladesh, Dhaka','Bangladesh','2020-07-29 04:18:22.938358','1','127.0.0.1',0,'2020-07-29 04:20:27.475506','1','127.0.0.1',NULL,NULL,1),('Featured Company Three','companyone.com','Dhaka, Gulsan','4','contact_examle@ishraak.com','Contact Person N Example','Contact Person D Example','01700000000','company_featured@ishraak.com',NULL,13,'Organization Head N Example','Organization Head D Example','019111111189',34,'2020-07-29','01911111111','01911111113','01911111112','bdjobs.com/company','fb/company',NULL,'Company  Profile here.','images/company_three.png',23.81079081,90.33552925,NULL,NULL,NULL,'Badda','Bangladesh, Dhaka','Bangladesh','2020-07-29 04:16:48.664454','1','127.0.0.1',0,'2020-07-29 04:20:08.939768','1','127.0.0.1',NULL,NULL,1),('Featured Company Two','companyone.com','Dhaka, Gulsan','4','contact_examle@ishraak.com','Contact Person N Example','Contact Person D Example','01700000000','company_featured@ishraak.com',NULL,13,'Organization Head N Example','Organization Head D Example','019111111189',34,'2020-07-29','01911111111','01911111113','01911111112','bdjobs.com/company','fb/company',NULL,'Company  Profile here.','images/company_two.png',23.81079081,90.33552925,NULL,NULL,NULL,'Badda','Bangladesh, Dhaka','Bangladesh','2020-07-29 04:16:37.043118','1','127.0.0.1',0,'2020-07-29 04:19:10.367336','1','127.0.0.1',NULL,NULL,1);
/*!40000 ALTER TABLE `companies` ENABLE KEYS */;
UNLOCK TABLES;

--
-- Table structure for table `currencies`
--

DROP TABLE IF EXISTS `currencies`;
/*!40101 SET @saved_cs_client     = @@character_set_client */;
/*!40101 SET character_set_client = utf8 */;
CREATE TABLE `currencies` (
  `name` varchar(255) NOT NULL,
  `archived_at` datetime(6) DEFAULT NULL,
  `archived_by` varchar(255) DEFAULT NULL,
  `archived_from` varchar(255) DEFAULT NULL,
  `created_at` datetime(6) DEFAULT NULL,
  `created_by` varchar(255) DEFAULT NULL,
  `created_from` varchar(255) DEFAULT NULL,
  `is_archived` tinyint(1) NOT NULL,
  `modified_at` datetime(6) DEFAULT NULL,
  `modified_by` varchar(255) DEFAULT NULL,
  `modified_from` varchar(255) DEFAULT NULL,
  PRIMARY KEY (`name`)
) ENGINE=InnoDB DEFAULT CHARSET=utf8;
/*!40101 SET character_set_client = @saved_cs_client */;

--
-- Dumping data for table `currencies`
--

LOCK TABLES `currencies` WRITE;
/*!40000 ALTER TABLE `currencies` DISABLE KEYS */;
INSERT INTO `currencies` VALUES ('BDT',NULL,NULL,NULL,'2020-07-14 04:15:22.359150','1','127.0.0.1',0,'2020-07-14 04:16:22.804347','1','127.0.0.1'),('USD',NULL,NULL,NULL,'2020-07-14 04:16:34.888411','1','127.0.0.1',0,NULL,NULL,NULL);
/*!40000 ALTER TABLE `currencies` ENABLE KEYS */;
UNLOCK TABLES;

--
-- Table structure for table `django_admin_log`
--

DROP TABLE IF EXISTS `django_admin_log`;
/*!40101 SET @saved_cs_client     = @@character_set_client */;
/*!40101 SET character_set_client = utf8 */;
CREATE TABLE `django_admin_log` (
  `id` int(11) NOT NULL AUTO_INCREMENT,
  `action_time` datetime(6) NOT NULL,
  `object_id` longtext,
  `object_repr` varchar(200) NOT NULL,
  `action_flag` smallint(5) unsigned NOT NULL,
  `change_message` longtext NOT NULL,
  `content_type_id` int(11) DEFAULT NULL,
  `user_id` int(11) NOT NULL,
  PRIMARY KEY (`id`),
  KEY `django_admin_log_content_type_id_c4bce8eb_fk_django_co` (`content_type_id`),
  KEY `django_admin_log_user_id_c564eba6_fk_auth_user_id` (`user_id`),
  CONSTRAINT `django_admin_log_content_type_id_c4bce8eb_fk_django_co` FOREIGN KEY (`content_type_id`) REFERENCES `django_content_type` (`id`),
  CONSTRAINT `django_admin_log_user_id_c564eba6_fk_auth_user_id` FOREIGN KEY (`user_id`) REFERENCES `auth_user` (`id`)
) ENGINE=InnoDB AUTO_INCREMENT=277 DEFAULT CHARSET=utf8;
/*!40101 SET character_set_client = @saved_cs_client */;

--
-- Dumping data for table `django_admin_log`
--

LOCK TABLES `django_admin_log` WRITE;
/*!40000 ALTER TABLE `django_admin_log` DISABLE KEYS */;
INSERT INTO `django_admin_log` VALUES (1,'2020-07-09 11:32:37.967844','2','test@ishraak.com',2,'[{\"changed\": {\"fields\": [\"Active\", \"Staff status\"]}}]',4,1),(2,'2020-07-09 11:32:59.022751','1','Professional',1,'[{\"added\": {}}]',3,1),(3,'2020-07-09 11:33:06.369053','2','Company',1,'[{\"added\": {}}]',3,1),(4,'2020-07-09 11:33:20.650310','2','test@ishraak.com',2,'[{\"changed\": {\"fields\": [\"Groups\"]}}]',4,1),(5,'2020-07-14 03:45:12.665224','3','example@ishraak.com',2,'[{\"changed\": {\"fields\": [\"Active\", \"Staff status\", \"Groups\"]}}]',4,1),(6,'2020-07-14 03:47:45.419769','5','com_example@ishraak.com',2,'[{\"changed\": {\"fields\": [\"Active\", \"Groups\"]}}]',4,1),(7,'2020-07-14 03:47:59.981679','4','prof_example@ishraak.com',2,'[{\"changed\": {\"fields\": [\"Active\"]}}]',4,1),(8,'2020-07-14 03:48:40.441867','5','com_example@ishraak.com',2,'[{\"changed\": {\"fields\": [\"Staff status\"]}}]',4,1),(9,'2020-07-14 03:48:56.976567','4','prof_example@ishraak.com',2,'[{\"changed\": {\"fields\": [\"Staff status\"]}}]',4,1),(10,'2020-07-14 04:02:57.830783','Company Example','Company Example',1,'[{\"added\": {}}]',7,1),(11,'2020-07-14 04:08:51.735759','Male','Male',1,'[{\"added\": {}}]',9,1),(12,'2020-07-14 04:09:02.295734','Female','Female',1,'[{\"added\": {}}]',9,1),(13,'2020-07-14 04:09:27.431005','Male','Male',1,'[{\"added\": {}}]',19,1),(14,'2020-07-14 04:09:34.103259','Female','Female',1,'[{\"added\": {}}]',19,1),(15,'2020-07-14 04:09:39.764756','Any','Any',1,'[{\"added\": {}}]',19,1),(16,'2020-07-14 04:11:34.850962','Job Category Example One','Job Category Example One',1,'[{\"added\": {}}]',18,1),(17,'2020-07-14 04:11:44.987596','Job Category Example Two','Job Category Example Two',1,'[{\"added\": {}}]',18,1),(18,'2020-07-14 04:11:57.853980','Job Category Example Three','Job Category Example Three',1,'[{\"added\": {}}]',18,1),(19,'2020-07-14 04:12:06.424541','Job Category Example Four','Job Category Example Four',1,'[{\"added\": {}}]',18,1),(20,'2020-07-14 04:12:14.356153','Job Category Example Five','Job Category Example Five',1,'[{\"added\": {}}]',18,1),(21,'2020-07-14 04:12:58.840255','Qualification Example One','Qualification Example One',1,'[{\"added\": {}}]',12,1),(22,'2020-07-14 04:13:11.335324','Qualification Example Two','Qualification Example Two',1,'[{\"added\": {}}]',12,1),(23,'2020-07-14 04:13:21.822372','Qualification Example Three','Qualification Example Three',1,'[{\"added\": {}}]',12,1),(24,'2020-07-14 04:13:30.398399','Qualification Example Four','Qualification Example Four',1,'[{\"added\": {}}]',12,1),(25,'2020-07-14 04:13:38.986211','Qualification Example Five','Qualification Example Five',1,'[{\"added\": {}}]',12,1),(26,'2020-07-14 04:14:20.732442','Experience Example One','Experience Example One',1,'[{\"added\": {}}]',8,1),(27,'2020-07-14 04:14:27.722578','Experience Example Two','Experience Example Two',1,'[{\"added\": {}}]',8,1),(28,'2020-07-14 04:14:36.011464','Experience Example Three','Experience Example Three',1,'[{\"added\": {}}]',8,1),(29,'2020-07-14 04:14:44.178645','Experience Example Four','Experience Example Four',1,'[{\"added\": {}}]',8,1),(30,'2020-07-14 04:14:53.261287','Experience Example Five','Experience Example Five',1,'[{\"added\": {}}]',8,1),(31,'2020-07-14 04:15:22.365883','Currency Example One','Currency Example One',1,'[{\"added\": {}}]',14,1),(32,'2020-07-14 04:16:22.806025','BDT','BDT',2,'[{\"changed\": {\"fields\": [\"Name\"]}}]',14,1),(33,'2020-07-14 04:16:34.891829','USD','USD',1,'[{\"added\": {}}]',14,1),(34,'2020-07-14 04:16:47.472967','Currency Example One','Currency Example One',3,'',14,1),(35,'2020-07-14 04:18:49.501154','Job Source One','Job Source One',1,'[{\"added\": {}}]',20,1),(36,'2020-07-14 04:19:14.958243','Job Source Two','Job Source Two',1,'[{\"added\": {}}]',20,1),(37,'2020-07-14 04:19:34.010680','Job Source Three','Job Source Three',1,'[{\"added\": {}}]',20,1),(38,'2020-07-14 04:26:28.273837','1','Python',1,'[{\"added\": {}}]',15,1),(39,'2020-07-14 04:26:39.475091','2','Django',1,'[{\"added\": {}}]',15,1),(40,'2020-07-14 04:26:52.979672','3','CSS',1,'[{\"added\": {}}]',15,1),(41,'2020-07-14 04:27:01.220689','4','HTML',1,'[{\"added\": {}}]',15,1),(42,'2020-07-14 04:27:16.702282','5','AWS',1,'[{\"added\": {}}]',15,1),(43,'2020-07-14 04:27:27.832356','6','Java',1,'[{\"added\": {}}]',15,1),(44,'2020-07-14 04:27:40.827437','7','PHP',1,'[{\"added\": {}}]',15,1),(45,'2020-07-14 04:28:04.979726','2cfddc8e-a608-4ed3-b75d-d2907b147709','Job Post Example One',1,'[{\"added\": {}}]',13,1),(46,'2020-07-14 04:34:21.381496','2cfddc8e-a608-4ed3-b75d-d2907b147709','Job Post Example Two',2,'[{\"changed\": {\"fields\": [\"Title\", \"Job gender\", \"Salary min\", \"Salary max\", \"Job skills\"]}}]',13,1),(47,'2020-07-14 04:34:48.379354','2cfddc8e-a608-4ed3-b75d-d2907b147709','Job Post Example Two',2,'[]',13,1),(48,'2020-07-14 04:38:57.870758','2cfddc8e-a608-4ed3-b75d-d2907b147709','Job Post Example One',2,'[{\"changed\": {\"fields\": [\"Title\", \"Job category\", \"Job gender\", \"Salary min\", \"Salary max\", \"Job skills\", \"Job source 1\"]}}]',13,1),(49,'2020-07-14 04:39:24.744764','2cfddc8e-a608-4ed3-b75d-d2907b147709','Job Post Example One',2,'[{\"changed\": {\"fields\": [\"Featured\"]}}]',13,1),(50,'2020-07-14 04:39:56.956603','957a5292-657e-42a0-bebf-a355bcea91ba','Job Post Example Two',1,'[{\"added\": {}}]',13,1),(51,'2020-07-14 04:41:26.763796','1e824e4b-9da9-4234-8b9a-fe2bdd54500b','Job Post Example Three',1,'[{\"added\": {}}]',13,1),(52,'2020-07-14 04:41:49.293306','957a5292-657e-42a0-bebf-a355bcea91ba','Job Post Example Two',2,'[{\"changed\": {\"fields\": [\"Post date\"]}}]',13,1),(53,'2020-07-14 04:42:29.122061','07112483-15e9-42ad-bf1c-75fa9c64ad66','Job Post Example Four',1,'[{\"added\": {}}]',13,1),(54,'2020-07-14 04:43:42.586786','18b882dd-66d1-4885-a9a5-11a86c34dcb5','Job Post Example Five',1,'[{\"added\": {}}]',13,1),(55,'2020-07-14 04:44:13.136618','db8b4285-f8c8-4240-925e-420743e869dd','Job Post Example Six',1,'[{\"added\": {}}]',13,1),(56,'2020-07-14 04:44:44.217983','287ddec6-026f-4e70-b597-de18b9438b1f','Job Post Example Seven',1,'[{\"added\": {}}]',13,1),(57,'2020-07-14 04:45:13.727177','5a418791-a498-4e90-add3-1841f34744a5','Job Post Example Eight',1,'[{\"added\": {}}]',13,1),(58,'2020-07-14 04:46:24.874656','e89067bb-3352-4f17-a8d1-d8df9601b714','Job Post Example Nine',1,'[{\"added\": {}}]',13,1),(59,'2020-07-14 04:47:20.233297','7769cb04-2df8-44b5-8df8-487db5860fe4','Job Post Example Ten',1,'[{\"added\": {}}]',13,1),(60,'2020-07-14 04:48:14.535612','10ffa864-9678-4a65-a186-336ab97b7bd6','Job Post Example Eleven',1,'[{\"added\": {}}]',13,1),(61,'2020-07-14 04:49:05.242492','9db7d9a7-6153-4068-83fa-b4b405f9024e','Job Post Example Twelve',1,'[{\"added\": {}}]',13,1),(62,'2020-07-14 04:49:45.277504','8677deca-5854-41de-87e9-bf316066eca2','Job Post Example Thirteen',1,'[{\"added\": {}}]',13,1),(63,'2020-07-14 04:50:52.452229','Company Example Two','Company Example Two',1,'[{\"added\": {}}]',7,1),(64,'2020-07-14 04:51:05.545441','0c3533d6-cb68-4d70-ae84-73db347e8097','Job Post Example Fourteen',1,'[{\"added\": {}}]',13,1),(65,'2020-07-14 04:51:16.545647','ab635de0-45d7-4b63-8041-0aca0eb8081c','Job Post Example Fourteen',1,'[{\"added\": {}}]',13,1),(66,'2020-07-14 04:51:31.251751','116f5561-c71b-40ee-aaf9-e86372f1f7c9','Job Post Example Fourteen',1,'[{\"added\": {}}]',13,1),(67,'2020-07-14 04:51:47.526497','d6a93c0c-e39b-457b-8e93-bc57dbe87367','Job Post Example Fourteen',1,'[{\"added\": {}}]',13,1),(68,'2020-07-14 04:52:39.674096','f8b30e6c-bc21-4fe5-9c3c-add8673fb865','Job Post Example Fifteen',1,'[{\"added\": {}}]',13,1),(69,'2020-07-14 04:53:13.256290','6a8dc51a-9ad3-4a55-a2d1-b4d989c55bc8','Job Post Example Sixteen',1,'[{\"added\": {}}]',13,1),(70,'2020-07-14 04:54:30.187675','4dec763b-0d44-439b-9619-010569cc8209','Job Post Example Seventeen',1,'[{\"added\": {}}]',13,1),(71,'2020-07-14 04:55:13.963966','db463589-adc8-4da4-b562-aaa5cba03869','Job Post Example Eighteen',1,'[{\"added\": {}}]',13,1),(72,'2020-07-14 04:56:08.295201','4cc9d99a-7b06-48d9-9345-a6bfca26ff17','Job Post Example Nineteen',1,'[{\"added\": {}}]',13,1),(73,'2020-07-14 04:57:01.003813','3e245a0f-f1d8-45a0-aade-343265c23e46','Job Post Example Twenty',1,'[{\"added\": {}}]',13,1),(74,'2020-07-14 04:58:45.393121','1272cf8f-06e4-4cd2-ad6e-5b430f8ac2f9','Job Post Example Twenty One',1,'[{\"added\": {}}]',13,1),(75,'2020-07-14 04:59:03.455223','7a1918ea-e5c2-4047-95f9-8aedc11cc8f0','Job Post Example Twenty Two',1,'[{\"added\": {}}]',13,1),(76,'2020-07-14 04:59:22.769662','b927b49f-8648-4f5c-87c9-45fa48c6ccb6','Job Post Example Twenty Three',1,'[{\"added\": {}}]',13,1),(77,'2020-07-14 04:59:42.618746','15c98cfb-7354-4582-9846-f0b22452b850','Job Post Example Twenty Four',1,'[{\"added\": {}}]',13,1),(78,'2020-07-14 05:00:46.620157','6d8981f4-5dda-40de-9034-db67834dfd65','Job Post Example Twenty Five',1,'[{\"added\": {}}]',13,1),(79,'2020-07-14 05:02:53.258443','1','Major object (1)',1,'[{\"added\": {}}]',27,1),(80,'2020-07-14 05:03:00.884722','2','Major object (2)',1,'[{\"added\": {}}]',27,1),(81,'2020-07-14 05:03:24.675382','1','Nationality object (1)',1,'[{\"added\": {}}]',28,1),(82,'2020-07-14 05:03:34.924399','2','Nationality object (2)',1,'[{\"added\": {}}]',28,1),(83,'2020-07-14 05:03:48.005435','1','Religion object (1)',1,'[{\"added\": {}}]',37,1),(84,'2020-07-14 05:03:56.468053','2','Religion object (2)',1,'[{\"added\": {}}]',37,1),(85,'2020-07-14 05:09:04.375378','1','http://facebook.com/example',1,'[{\"added\": {}}]',42,1),(86,'2020-07-14 05:10:00.369645','1','Example One',1,'[{\"added\": {}}]',41,1),(87,'2020-07-14 05:10:38.524233','2','Example Two',1,'[{\"added\": {}}]',41,1),(88,'2020-07-14 05:10:47.830228','3','Example Three',1,'[{\"added\": {}}]',41,1),(89,'2020-07-14 05:13:23.136449','1','Career Advice Example One',1,'[{\"added\": {}}]',43,1),(90,'2020-07-14 05:13:36.539540','2','Career Advice Example Two',1,'[{\"added\": {}}]',43,1),(91,'2020-07-14 05:13:53.096827','3','Career Advice Example Three',1,'[{\"added\": {}}]',43,1),(92,'2020-07-14 05:14:01.929136','4','Career Advice Example Four',1,'[{\"added\": {}}]',43,1),(93,'2020-07-14 05:14:24.024865','4','Career Advice Example Four',2,'[{\"changed\": {\"fields\": [\"Author\"]}}]',43,1),(94,'2020-07-14 05:14:35.372237','5','Career Advice Example Five',1,'[{\"added\": {}}]',43,1),(95,'2020-07-14 05:14:48.856248','6','Career Advice Example Six',1,'[{\"added\": {}}]',43,1),(96,'2020-07-14 05:15:01.806481','7','Career Advice Example Seven',1,'[{\"added\": {}}]',43,1),(97,'2020-07-14 05:15:19.425384','8','Career Advice Example Eight',1,'[{\"added\": {}}]',43,1),(98,'2020-07-14 05:15:30.162277','9','Career Advice Example Nine',1,'[{\"added\": {}}]',43,1),(99,'2020-07-14 05:15:46.304502','10','Career Advice Example Ten',1,'[{\"added\": {}}]',43,1),(100,'2020-07-14 05:16:27.197671','11','Career Advice Example Eleven',1,'[{\"added\": {}}]',43,1),(101,'2020-07-14 05:16:43.735776','12','Career Advice Example Twelve',1,'[{\"added\": {}}]',43,1),(102,'2020-07-14 06:17:01.724641','4','pro_example@ishraak.com',2,'[{\"changed\": {\"fields\": [\"Username\", \"Email address\"]}}]',4,1),(103,'2020-07-18 03:59:08.638393','6','pro_example_view@ishraak.com',2,'[{\"changed\": {\"fields\": [\"Active\", \"Staff status\"]}}]',4,1),(104,'2020-07-18 04:03:20.533868','1','Institute object (1)',1,'[{\"added\": {}}]',26,1),(105,'2020-07-18 04:03:30.910835','2','Institute object (2)',1,'[{\"added\": {}}]',26,1),(106,'2020-07-18 04:03:36.856575','3','Institute object (3)',1,'[{\"added\": {}}]',26,1),(107,'2020-07-18 04:03:42.976723','4','Institute object (4)',1,'[{\"added\": {}}]',26,1),(108,'2020-07-18 04:03:52.217596','5','Institute object (5)',1,'[{\"added\": {}}]',26,1),(109,'2020-07-18 04:03:57.808200','6','Institute object (6)',1,'[{\"added\": {}}]',26,1),(110,'2020-07-18 04:10:22.237453','Example Industry One','Example Industry One',1,'[{\"added\": {}}]',10,1),(111,'2020-07-18 04:10:27.670202','Example Industry Two','Example Industry Two',1,'[{\"added\": {}}]',10,1),(112,'2020-07-18 04:10:33.564197','Example Industry Three','Example Industry Three',1,'[{\"added\": {}}]',10,1),(113,'2020-07-18 04:10:55.317073','Example Industry Five','Example Industry Five',1,'[{\"added\": {}}]',10,1),(114,'2020-07-18 04:23:28.321337','957a5292-657e-42a0-bebf-a355bcea91ba','Job Post Example Two',2,'[{\"changed\": {\"fields\": [\"Job skills\", \"Post date\"]}}]',13,1),(115,'2020-07-18 04:23:55.666141','e89067bb-3352-4f17-a8d1-d8df9601b714','Job Post Example Nine',2,'[{\"changed\": {\"fields\": [\"Job skills\", \"Post date\"]}}]',13,1),(116,'2020-07-18 04:24:18.310896','db8b4285-f8c8-4240-925e-420743e869dd','Job Post Example Six',2,'[{\"changed\": {\"fields\": [\"Job skills\", \"Post date\"]}}]',13,1),(117,'2020-07-18 04:24:34.628592','b927b49f-8648-4f5c-87c9-45fa48c6ccb6','Job Post Example Twenty Three',2,'[{\"changed\": {\"fields\": [\"Post date\"]}}]',13,1),(118,'2020-07-18 04:24:54.416174','9db7d9a7-6153-4068-83fa-b4b405f9024e','Job Post Example Twelve',2,'[{\"changed\": {\"fields\": [\"Job skills\", \"Post date\"]}}]',13,1),(119,'2020-07-18 04:25:14.276736','8677deca-5854-41de-87e9-bf316066eca2','Job Post Example Thirteen',2,'[{\"changed\": {\"fields\": [\"Job skills\", \"Post date\"]}}]',13,1),(120,'2020-07-18 04:25:30.426767','7a1918ea-e5c2-4047-95f9-8aedc11cc8f0','Job Post Example Twenty Two',2,'[{\"changed\": {\"fields\": [\"Post date\"]}}]',13,1),(121,'2020-07-18 04:25:45.961931','7769cb04-2df8-44b5-8df8-487db5860fe4','Job Post Example Ten',2,'[{\"changed\": {\"fields\": [\"Post date\"]}}]',13,1),(122,'2020-07-18 04:25:59.101912','5a418791-a498-4e90-add3-1841f34744a5','Job Post Example Eight',2,'[{\"changed\": {\"fields\": [\"Post date\"]}}]',13,1),(123,'2020-07-18 04:26:12.249365','6a8dc51a-9ad3-4a55-a2d1-b4d989c55bc8','Job Post Example Sixteen',2,'[{\"changed\": {\"fields\": [\"Post date\"]}}]',13,1),(124,'2020-07-18 04:26:27.483737','6d8981f4-5dda-40de-9034-db67834dfd65','Job Post Example Twenty Five',2,'[{\"changed\": {\"fields\": [\"Post date\"]}}]',13,1),(125,'2020-07-18 04:26:40.318118','db463589-adc8-4da4-b562-aaa5cba03869','Job Post Example Eighteen',2,'[{\"changed\": {\"fields\": [\"Post date\"]}}]',13,1),(126,'2020-07-25 05:40:37.280676','1','EducationLevel object (1)',1,'[{\"added\": {}}]',45,1),(127,'2020-07-25 05:40:47.299086','2','EducationLevel object (2)',1,'[{\"added\": {}}]',45,1),(128,'2020-07-25 05:41:00.476680','3','EducationLevel object (3)',1,'[{\"added\": {}}]',45,1),(129,'2020-07-25 05:41:14.984485','4','EducationLevel object (4)',1,'[{\"added\": {}}]',45,1),(130,'2020-07-25 05:41:25.326093','5','EducationLevel object (5)',1,'[{\"added\": {}}]',45,1),(131,'2020-07-29 03:59:41.568199','1','Example One',2,'[{\"changed\": {\"fields\": [\"Profile Picture\"]}}]',41,1),(132,'2020-07-29 04:00:54.042206','2','Example Two',2,'[{\"changed\": {\"fields\": [\"Profile Picture\"]}}]',41,1),(133,'2020-07-29 04:01:04.096823','3','Example Three',2,'[{\"changed\": {\"fields\": [\"Profile Picture\"]}}]',41,1),(134,'2020-07-29 04:04:29.535547','10','Career Advice Example Ten',2,'[{\"changed\": {\"fields\": [\"Thumbnail image\", \"Featured image\"]}}]',43,1),(135,'2020-07-29 04:04:47.496103','11','Career Advice Example Eleven',2,'[{\"changed\": {\"fields\": [\"Thumbnail image\", \"Featured image\"]}}]',43,1),(136,'2020-07-29 04:05:04.420361','12','Career Advice Example Twelve',2,'[{\"changed\": {\"fields\": [\"Thumbnail image\", \"Featured image\"]}}]',43,1),(137,'2020-07-29 04:15:50.031354','Featured Company One','Featured Company One',1,'[{\"added\": {}}]',7,1),(138,'2020-07-29 04:16:37.050056','Featured Company Two','Featured Company Two',1,'[{\"added\": {}}]',7,1),(139,'2020-07-29 04:16:48.667358','Featured Company Three','Featured Company Three',1,'[{\"added\": {}}]',7,1),(140,'2020-07-29 04:16:59.807997','Featured Company Four','Featured Company Four',1,'[{\"added\": {}}]',7,1),(141,'2020-07-29 04:17:16.783158','Featured Company Five','Featured Company Five',1,'[{\"added\": {}}]',7,1),(142,'2020-07-29 04:17:27.158215','Featured Company Six','Featured Company Six',1,'[{\"added\": {}}]',7,1),(143,'2020-07-29 04:17:41.462771','Featured Company Seven','Featured Company Seven',1,'[{\"added\": {}}]',7,1),(144,'2020-07-29 04:17:59.885803','Featured Company Eight','Featured Company Eight',1,'[{\"added\": {}}]',7,1),(145,'2020-07-29 04:18:10.755266','Featured Company Nine','Featured Company Nine',1,'[{\"added\": {}}]',7,1),(146,'2020-07-29 04:18:22.940832','Featured Company Ten','Featured Company Ten',1,'[{\"added\": {}}]',7,1),(147,'2020-07-29 04:19:10.371547','Featured Company Two','Featured Company Two',2,'[{\"changed\": {\"fields\": [\"Profile picture\"]}}]',7,1),(148,'2020-07-29 04:20:09.088122','Featured Company Three','Featured Company Three',2,'[{\"changed\": {\"fields\": [\"Profile picture\"]}}]',7,1),(149,'2020-07-29 04:20:27.478618','Featured Company Ten','Featured Company Ten',2,'[{\"changed\": {\"fields\": [\"Profile picture\"]}}]',7,1),(150,'2020-07-29 04:20:42.238529','Featured Company Six','Featured Company Six',2,'[{\"changed\": {\"fields\": [\"Profile picture\"]}}]',7,1),(151,'2020-07-29 04:20:53.814364','Featured Company Seven','Featured Company Seven',2,'[{\"changed\": {\"fields\": [\"Profile picture\"]}}]',7,1),(152,'2020-07-29 04:21:13.802630','Featured Company Nine','Featured Company Nine',2,'[{\"changed\": {\"fields\": [\"Profile picture\"]}}]',7,1),(153,'2020-07-29 04:21:30.492454','Featured Company Four','Featured Company Four',2,'[{\"changed\": {\"fields\": [\"Profile picture\"]}}]',7,1),(154,'2020-07-29 04:21:46.437691','Featured Company Five','Featured Company Five',2,'[{\"changed\": {\"fields\": [\"Profile picture\"]}}]',7,1),(155,'2020-07-29 04:22:01.304937','Featured Company Eight','Featured Company Eight',2,'[{\"changed\": {\"fields\": [\"Profile picture\"]}}]',7,1),(156,'2020-08-11 03:55:34.395801','Company_Example_View','Company_Example_View',1,'[{\"added\": {}}]',7,1),(157,'2020-08-11 03:57:34.955069','7','com_example_view@ishraak.com',1,'[{\"added\": {}}]',4,1),(158,'2020-08-11 03:58:35.057919','7','com_example_view@ishraak.com',2,'[{\"changed\": {\"fields\": [\"First name\", \"Last name\", \"Email address\", \"Groups\"]}}]',4,1),(159,'2020-08-11 03:59:00.747821','Company_Example_View','Company_Example_View',2,'[{\"changed\": {\"fields\": [\"User\"]}}]',7,1),(160,'2020-08-11 04:45:59.865390','3e245a0f-f1d8-45a0-aade-343265c23e46','Job Post Example Twenty',2,'[{\"changed\": {\"fields\": [\"Company\", \"Description\", \"Responsibilities\", \"Education\", \"Additional requirements\", \"Other benefits\", \"job_city\", \"Company profile\", \"company_city\"]}}]',13,1),(161,'2020-08-11 04:46:15.473100','f8b30e6c-bc21-4fe5-9c3c-add8673fb865','Job Post Example Fifteen',2,'[{\"changed\": {\"fields\": [\"Description\", \"Responsibilities\", \"Education\", \"Additional requirements\", \"Other benefits\", \"job_city\", \"Company profile\", \"company_city\"]}}]',13,1),(162,'2020-08-11 04:46:35.266168','f8b30e6c-bc21-4fe5-9c3c-add8673fb865','Job Post Example Fifteen',2,'[{\"changed\": {\"fields\": [\"Company\"]}}]',13,1),(163,'2020-08-11 04:47:03.489785','d6a93c0c-e39b-457b-8e93-bc57dbe87367','Job Post Example Fourteen',2,'[{\"changed\": {\"fields\": [\"Company\", \"Description\", \"Responsibilities\", \"Education\", \"Additional requirements\", \"Other benefits\", \"job_city\", \"Company profile\", \"company_city\"]}}]',13,1),(164,'2020-08-11 04:47:18.057947','ab635de0-45d7-4b63-8041-0aca0eb8081c','Job Post Example Fourteen',2,'[{\"changed\": {\"fields\": [\"Description\", \"Responsibilities\", \"Education\", \"Additional requirements\", \"Other benefits\", \"job_city\", \"Company profile\", \"company_city\"]}}]',13,1),(165,'2020-08-11 04:47:32.295474','4dec763b-0d44-439b-9619-010569cc8209','Job Post Example Seventeen',2,'[{\"changed\": {\"fields\": [\"Description\", \"Responsibilities\", \"Education\", \"Additional requirements\", \"Other benefits\", \"job_city\", \"Company profile\", \"company_city\"]}}]',13,1),(166,'2020-08-11 04:47:48.134649','4cc9d99a-7b06-48d9-9345-a6bfca26ff17','Job Post Example Nineteen',2,'[{\"changed\": {\"fields\": [\"Description\", \"Responsibilities\", \"Education\", \"Additional requirements\", \"Other benefits\", \"job_city\", \"Company profile\", \"company_city\"]}}]',13,1),(167,'2020-08-11 04:49:03.639164','ab635de0-45d7-4b63-8041-0aca0eb8081c','Job Post Example Fourteen',2,'[{\"changed\": {\"fields\": [\"Company\"]}}]',13,1),(168,'2020-08-11 04:49:13.342613','4dec763b-0d44-439b-9619-010569cc8209','Job Post Example Seventeen',2,'[{\"changed\": {\"fields\": [\"Company\"]}}]',13,1),(169,'2020-08-11 04:49:26.833905','4cc9d99a-7b06-48d9-9345-a6bfca26ff17','Job Post Example Nineteen',2,'[{\"changed\": {\"fields\": [\"Company\"]}}]',13,1),(170,'2020-08-11 04:54:50.581295','d6a93c0c-e39b-457b-8e93-bc57dbe87367','Job Post Example Fourteen Single',2,'[{\"changed\": {\"fields\": [\"Title\"]}}]',13,1),(171,'2020-08-11 04:55:26.779167','116f5561-c71b-40ee-aaf9-e86372f1f7c9','Job Post Example Fourteen Double',2,'[{\"changed\": {\"fields\": [\"Title\", \"Description\", \"Responsibilities\", \"Education\", \"Additional requirements\", \"Other benefits\", \"job_city\", \"Company profile\", \"company_city\"]}}]',13,1),(172,'2020-08-11 04:55:45.236589','0c3533d6-cb68-4d70-ae84-73db347e8097','Job Post Example Fourteen',2,'[{\"changed\": {\"fields\": [\"Description\", \"Responsibilities\", \"Education\", \"Additional requirements\", \"Other benefits\", \"job_city\", \"Company profile\", \"company_city\"]}}]',13,1),(173,'2020-08-11 04:56:55.010826','Company Example View','Company Example View',2,'[{\"changed\": {\"fields\": [\"Name\", \"User\"]}}]',7,1),(174,'2020-08-11 04:58:59.521425','ab635de0-45d7-4b63-8041-0aca0eb8081c','Job Post Example Fourteen',2,'[{\"changed\": {\"fields\": [\"Company\"]}}]',13,1),(175,'2020-08-11 04:59:12.471599','d6a93c0c-e39b-457b-8e93-bc57dbe87367','Job Post Example Fourteen Single',2,'[{\"changed\": {\"fields\": [\"Company\"]}}]',13,1),(176,'2020-08-11 04:59:23.104483','f8b30e6c-bc21-4fe5-9c3c-add8673fb865','Job Post Example Fifteen',2,'[{\"changed\": {\"fields\": [\"Company\"]}}]',13,1),(177,'2020-08-11 04:59:33.913675','4cc9d99a-7b06-48d9-9345-a6bfca26ff17','Job Post Example Nineteen',2,'[{\"changed\": {\"fields\": [\"Company\"]}}]',13,1),(178,'2020-08-11 04:59:44.451976','4dec763b-0d44-439b-9619-010569cc8209','Job Post Example Seventeen',2,'[{\"changed\": {\"fields\": [\"Company\"]}}]',13,1),(179,'2020-08-11 04:59:55.325184','3e245a0f-f1d8-45a0-aade-343265c23e46','Job Post Example Twenty',2,'[{\"changed\": {\"fields\": [\"Company\"]}}]',13,1),(180,'2020-08-11 05:00:33.827331','Company_Example_View','Company_Example_View',3,'',7,1),(181,'2020-08-11 05:01:18.714693','Company Example View','Company Example View',2,'[{\"changed\": {\"fields\": [\"User\"]}}]',7,1),(182,'2020-08-11 05:31:11.963037','1','Application Status One',1,'[{\"added\": {}}]',44,1),(183,'2020-08-11 05:31:19.485825','2','Application Status Two',1,'[{\"added\": {}}]',44,1),(184,'2020-08-11 05:31:25.749455','3','Application Status Three',1,'[{\"added\": {}}]',44,1),(185,'2020-08-11 05:48:40.695944','97f614ff-ef5e-4565-9625-bb220dbd2a56','Job Post Example Company Two',2,'[{\"changed\": {\"fields\": [\"Status\", \"company_city\"]}}]',13,1),(186,'2020-08-11 06:07:16.371184','2077571f-56dd-4ea2-8d16-7d5976f9155a','Job Post Example Company Four',2,'[{\"changed\": {\"fields\": [\"Status\", \"company_city\"]}}]',13,1),(187,'2020-08-11 06:07:31.160582','34b2ad7d-2593-4a7d-9e20-79d0752f2baa','Job Post Example Company Six',2,'[{\"changed\": {\"fields\": [\"Status\", \"company_city\"]}}]',13,1),(188,'2020-08-11 06:07:53.148445','4b13cd0e-fce6-464d-a936-b15b0638b040','Job Post Example Company Three',2,'[{\"changed\": {\"fields\": [\"Status\", \"company_city\"]}}]',13,1),(189,'2020-08-11 06:08:10.135312','66d2e72f-3fc0-4af6-9a2d-5e75da4d0e06','Job Post Example Company Five',2,'[{\"changed\": {\"fields\": [\"Status\", \"company_city\"]}}]',13,1),(190,'2020-08-11 06:08:27.747201','683b3e17-d3f1-4a06-a92c-a37c52c31eaa','Job Post Example Company Ten',2,'[{\"changed\": {\"fields\": [\"Status\", \"company_city\"]}}]',13,1),(191,'2020-08-11 06:08:44.838444','7a6b75ab-e3c0-4e45-9821-19ccbec1ecde','Job Post Example Nineteen Seven',2,'[{\"changed\": {\"fields\": [\"Status\", \"company_city\"]}}]',13,1),(192,'2020-08-11 06:09:07.852314','7b76fa70-103c-4585-8fbf-89fd283887d1','Job Post Example Company Eight',2,'[{\"changed\": {\"fields\": [\"Status\", \"company_city\"]}}]',13,1),(193,'2020-08-11 06:09:37.379723','87379728-1cdc-4fda-b5e4-3aec31872b16','Job Post Example Company Nine',2,'[{\"changed\": {\"fields\": [\"Status\", \"company_city\"]}}]',13,1),(194,'2020-08-11 07:05:03.168618','1','CertificateName object (1)',1,'[{\"added\": {}}]',25,1),(195,'2020-08-11 07:05:09.331319','2','CertificateName object (2)',1,'[{\"added\": {}}]',25,1),(196,'2020-08-11 07:05:15.196592','3','CertificateName object (3)',1,'[{\"added\": {}}]',25,1),(197,'2020-08-11 07:06:15.195390','1','CertifyingOrganization object (1)',1,'[{\"added\": {}}]',47,1),(198,'2020-08-11 07:06:20.867438','2','CertifyingOrganization object (2)',1,'[{\"added\": {}}]',47,1),(199,'2020-08-11 07:06:29.475221','3','CertifyingOrganization object (3)',1,'[{\"added\": {}}]',47,1),(200,'2020-08-11 07:06:41.203128','1','CertifyingOrganization object (1)',2,'[{\"changed\": {\"fields\": [\"Image\"]}}]',47,1),(201,'2020-08-11 07:06:54.750344','2','CertifyingOrganization object (2)',2,'[{\"changed\": {\"fields\": [\"Image\"]}}]',47,1),(202,'2020-08-11 07:07:06.927076','3','CertifyingOrganization object (3)',2,'[{\"changed\": {\"fields\": [\"Image\"]}}]',47,1),(203,'2020-08-11 07:07:36.221350','6','Institute object (6)',2,'[{\"changed\": {\"fields\": [\"Image\"]}}]',26,1),(204,'2020-08-11 07:08:05.325771','5','Institute object (5)',2,'[{\"changed\": {\"fields\": [\"Image\"]}}]',26,1),(205,'2020-08-11 07:08:14.908573','4','Institute object (4)',2,'[{\"changed\": {\"fields\": [\"Image\"]}}]',26,1),(206,'2020-08-11 07:08:30.747788','3','Institute object (3)',2,'[{\"changed\": {\"fields\": [\"Image\"]}}]',26,1),(207,'2020-08-11 07:08:41.301899','2','Institute object (2)',2,'[{\"changed\": {\"fields\": [\"Image\"]}}]',26,1),(208,'2020-08-11 07:08:49.357121','1','Institute object (1)',2,'[{\"changed\": {\"fields\": [\"Image\"]}}]',26,1),(209,'2020-08-11 07:08:49.482969','1','Institute object (1)',2,'[{\"changed\": {\"fields\": [\"Image\"]}}]',26,1),(210,'2020-08-11 07:09:23.612998','1','Major object (1)',2,'[{\"changed\": {\"fields\": [\"Name\"]}}]',27,1),(211,'2020-08-11 07:10:01.972922','1','MembershipOrganization object (1)',1,'[{\"added\": {}}]',48,1),(212,'2020-08-11 07:10:12.240186','2','MembershipOrganization object (2)',1,'[{\"added\": {}}]',48,1),(213,'2020-08-11 07:10:21.689949','3','MembershipOrganization object (3)',1,'[{\"added\": {}}]',48,1),(214,'2020-08-11 07:10:32.630940','4','MembershipOrganization object (4)',1,'[{\"added\": {}}]',48,1),(215,'2020-08-11 07:11:33.486962','1','Organization object (1)',1,'[{\"added\": {}}]',29,1),(216,'2020-08-11 07:11:39.538583','2','Organization object (2)',1,'[{\"added\": {}}]',29,1),(217,'2020-08-11 07:13:04.971115','1','WorkExperience object (1)',2,'[{\"changed\": {\"fields\": [\"Company\", \"Description\"]}}]',30,1),(218,'2020-08-11 07:13:42.123516','2','WorkExperience object (2)',2,'[{\"changed\": {\"fields\": [\"Designation\"]}}]',30,1),(219,'2020-08-11 07:14:56.818831','1','ProfessionalEducation object (1)',2,'[{\"changed\": {\"fields\": [\"Education level\", \"Institution\", \"Description\"]}}]',33,1),(220,'2020-08-11 07:16:27.600224','1','Membership object (1)',2,'[{\"changed\": {\"fields\": [\"Organization key\", \"Description\"]}}]',35,1),(221,'2020-08-11 07:17:09.574140','1','MembershipOrganization object (1)',2,'[{\"changed\": {\"fields\": [\"Image\"]}}]',48,1),(222,'2020-08-11 07:17:25.033025','2','MembershipOrganization object (2)',2,'[{\"changed\": {\"fields\": [\"Image\"]}}]',48,1),(223,'2020-08-11 07:17:33.564945','3','MembershipOrganization object (3)',2,'[{\"changed\": {\"fields\": [\"Image\"]}}]',48,1),(224,'2020-08-11 07:17:42.022363','4','MembershipOrganization object (4)',2,'[{\"changed\": {\"fields\": [\"Image\"]}}]',48,1),(225,'2020-08-11 07:18:29.394157','2','Certification object (2)',2,'[{\"changed\": {\"fields\": [\"Organization key\"]}}]',36,1),(226,'2020-08-11 07:18:37.512367','1','Certification object (1)',2,'[{\"changed\": {\"fields\": [\"Organization key\"]}}]',36,1),(227,'2020-08-11 07:35:02.335917','8','pro_example_view_blank@ishraak.com',2,'[{\"changed\": {\"fields\": [\"Active\"]}}]',4,1),(228,'2020-08-11 07:36:08.496985','9','com_example_view_blank@ishraak.com',1,'[{\"added\": {}}]',4,1),(229,'2020-08-11 07:36:26.185683','9','com_example_view_blank@ishraak.com',2,'[{\"changed\": {\"fields\": [\"Groups\"]}}]',4,1),(230,'2020-08-11 07:38:20.309773','Blank Company Example','Blank Company Example',1,'[{\"added\": {}}]',7,1),(231,'2020-08-11 07:39:03.764619','Blank Company Example','Blank Company Example',2,'[{\"changed\": {\"fields\": [\"User\"]}}]',7,1),(232,'2020-08-11 07:40:17.261947','9','com_example_view_blank@ishraak.com',2,'[{\"changed\": {\"fields\": [\"Staff status\"]}}]',4,1),(233,'2020-08-11 07:41:11.416425','9','com_example_view_blank@ishraak.com',2,'[{\"changed\": {\"fields\": [\"Groups\"]}}]',4,1),(234,'2020-08-11 07:41:27.623903','9','com_example_view_blank@ishraak.com',2,'[{\"changed\": {\"fields\": [\"Groups\"]}}]',4,1),(235,'2020-08-11 07:42:15.829804','Blank Company Example','Blank Company Example',2,'[]',7,1),(236,'2020-08-11 07:42:58.709173','Blank Company Example','Blank Company Example',2,'[{\"changed\": {\"fields\": [\"User\"]}}]',7,1),(237,'2020-08-11 07:43:15.203254','Company Example View','Company Example View',2,'[{\"changed\": {\"fields\": [\"User\"]}}]',7,1),(238,'2020-08-11 07:43:35.943220','Company Example View','Company Example View',2,'[{\"changed\": {\"fields\": [\"User\"]}}]',7,1),(239,'2020-08-12 06:15:34.428462','Company Example','Company Example',2,'[{\"changed\": {\"fields\": [\"city\"]}}]',7,1),(240,'2020-08-12 06:52:08.524745','11','How you are doing?',3,'',22,1),(241,'2020-08-12 06:52:31.722397','3','Example Title Notification',3,'',23,1),(242,'2020-08-12 06:52:31.725963','2','Example Title Notification',3,'',23,1),(243,'2020-08-12 06:52:31.729320','1','Example Title Notification',3,'',23,1),(244,'2020-08-12 07:22:18.583467','12','How you are doing?',3,'',22,1),(245,'2020-08-12 07:22:31.429287','6','Example Title Notification',3,'',23,1),(246,'2020-08-12 07:22:31.434718','5','Example Title Notification',3,'',23,1),(247,'2020-08-12 07:22:31.439521','4','Example Title Notification',3,'',23,1),(248,'2020-08-24 04:30:34.303726','8','No Job Skill',1,'[{\"added\": {}}]',15,1),(249,'2020-08-24 04:31:54.322057','8','NoSkill',2,'[{\"changed\": {\"fields\": [\"Name\"]}}]',15,1),(250,'2020-08-24 13:11:12.118004','11','staff@ishraak.com',2,'[{\"changed\": {\"fields\": [\"Active\", \"Staff status\", \"Superuser status\", \"Groups\"]}}]',4,1),(251,'2020-08-26 07:38:48.543799','52873105-0c7d-4809-a0f3-61db7136a87e','Job Post Example Draft',1,'[{\"added\": {}}]',13,1),(252,'2020-09-02 07:13:13.824315','1','http://facebook.com/example',2,'[{\"changed\": {\"fields\": [\"Minimum profile completeness\"]}}]',42,1),(253,'2020-09-12 08:09:15.450968','12','Career Advice Example Twelve',2,'[{\"changed\": {\"fields\": [\"Thumbnail image\", \"Featured image\"]}}]',43,1),(254,'2020-09-12 08:19:02.545678','11','Career Advice Example Eleven',2,'[{\"changed\": {\"fields\": [\"Thumbnail image\", \"Featured image\"]}}]',43,1),(255,'2020-09-12 08:19:25.261536','10','Career Advice Example Ten',2,'[{\"changed\": {\"fields\": [\"Thumbnail image\", \"Featured image\"]}}]',43,1),(256,'2020-09-12 08:19:47.056621','9','Career Advice Example Nine',2,'[{\"changed\": {\"fields\": [\"Thumbnail image\", \"Featured image\"]}}]',43,1),(257,'2020-09-12 08:20:04.086869','8','Career Advice Example Eight',2,'[{\"changed\": {\"fields\": [\"Thumbnail image\", \"Featured image\"]}}]',43,1),(258,'2020-09-12 08:20:23.535914','7','Career Advice Example Seven',2,'[{\"changed\": {\"fields\": [\"Thumbnail image\", \"Featured image\"]}}]',43,1),(259,'2020-09-12 08:20:42.317505','6','Career Advice Example Six',2,'[{\"changed\": {\"fields\": [\"Thumbnail image\", \"Featured image\"]}}]',43,1),(260,'2020-09-12 08:21:00.371650','5','Career Advice Example Five',2,'[{\"changed\": {\"fields\": [\"Thumbnail image\", \"Featured image\"]}}]',43,1),(261,'2020-09-12 08:21:20.769751','4','Career Advice Example Four',2,'[{\"changed\": {\"fields\": [\"Thumbnail image\", \"Featured image\"]}}]',43,1),(262,'2020-09-12 08:21:39.579394','3','Career Advice Example Three',2,'[{\"changed\": {\"fields\": [\"Thumbnail image\", \"Featured image\"]}}]',43,1),(263,'2020-09-12 08:21:57.015020','2','Career Advice Example Two',2,'[{\"changed\": {\"fields\": [\"Thumbnail image\", \"Featured image\"]}}]',43,1),(264,'2020-09-12 08:22:14.186860','1','Career Advice Example One',2,'[{\"changed\": {\"fields\": [\"Thumbnail image\", \"Featured image\"]}}]',43,1),(265,'2020-09-14 07:10:10.368590','97f614ff-ef5e-4565-9625-bb220dbd2a56','Job Post Example Company Two',2,'[{\"changed\": {\"fields\": [\"Company\", \"Post date\"]}}]',13,1),(266,'2020-09-14 07:10:25.317998','87379728-1cdc-4fda-b5e4-3aec31872b16','Job Post Example Company Nine',2,'[{\"changed\": {\"fields\": [\"Company\", \"Post date\"]}}]',13,1),(267,'2020-09-14 07:10:42.520967','7b76fa70-103c-4585-8fbf-89fd283887d1','Job Post Example Company Eight',2,'[{\"changed\": {\"fields\": [\"Company\", \"Post date\"]}}]',13,1),(268,'2020-09-14 07:11:00.623044','7a6b75ab-e3c0-4e45-9821-19ccbec1ecde','Job Post Example Nineteen Seven',2,'[{\"changed\": {\"fields\": [\"Company\", \"Post date\"]}}]',13,1),(269,'2020-09-14 07:11:23.385042','683b3e17-d3f1-4a06-a92c-a37c52c31eaa','Job Post Example Company Ten',2,'[{\"changed\": {\"fields\": [\"Post date\"]}}]',13,1),(270,'2020-09-14 07:11:34.833818','66d2e72f-3fc0-4af6-9a2d-5e75da4d0e06','Job Post Example Company Five',2,'[{\"changed\": {\"fields\": [\"Post date\"]}}]',13,1),(271,'2020-09-14 07:11:46.901673','52873105-0c7d-4809-a0f3-61db7136a87e','Job Post Example Draft',2,'[{\"changed\": {\"fields\": [\"Post date\"]}}]',13,1),(272,'2020-09-14 07:11:58.862324','4b13cd0e-fce6-464d-a936-b15b0638b040','Job Post Example Company Three',2,'[{\"changed\": {\"fields\": [\"Post date\"]}}]',13,1),(273,'2020-09-14 07:12:10.845012','34b2ad7d-2593-4a7d-9e20-79d0752f2baa','Job Post Example Company Six',2,'[{\"changed\": {\"fields\": [\"Post date\"]}}]',13,1),(274,'2020-09-14 07:12:23.561054','2077571f-56dd-4ea2-8d16-7d5976f9155a','Job Post Example Company Four',2,'[{\"changed\": {\"fields\": [\"Post date\"]}}]',13,1),(275,'2020-09-14 08:15:04.662535','1','http://facebook.com/example',2,'[{\"changed\": {\"fields\": [\"Sender email host\", \"Sender email port\", \"No reply sender host user\", \"No reply sender host password\"]}}]',42,1),(276,'2020-09-15 06:28:07.616651','1','http://facebook.com/example',2,'[{\"changed\": {\"fields\": [\"Sender email host\", \"Sender email port\", \"No reply sender host user\", \"No reply sender host password\"]}}]',42,1);
/*!40000 ALTER TABLE `django_admin_log` ENABLE KEYS */;
UNLOCK TABLES;

--
-- Table structure for table `django_content_type`
--

DROP TABLE IF EXISTS `django_content_type`;
/*!40101 SET @saved_cs_client     = @@character_set_client */;
/*!40101 SET character_set_client = utf8 */;
CREATE TABLE `django_content_type` (
  `id` int(11) NOT NULL AUTO_INCREMENT,
  `app_label` varchar(100) NOT NULL,
  `model` varchar(100) NOT NULL,
  PRIMARY KEY (`id`),
  UNIQUE KEY `django_content_type_app_label_model_76bd3d3b_uniq` (`app_label`,`model`)
) ENGINE=InnoDB AUTO_INCREMENT=50 DEFAULT CHARSET=utf8;
/*!40101 SET character_set_client = @saved_cs_client */;

--
-- Dumping data for table `django_content_type`
--

LOCK TABLES `django_content_type` WRITE;
/*!40000 ALTER TABLE `django_content_type` DISABLE KEYS */;
INSERT INTO `django_content_type` VALUES (1,'admin','logentry'),(3,'auth','group'),(2,'auth','permission'),(4,'auth','user'),(40,'authtoken','token'),(43,'career_advice','careeradvice'),(5,'contenttypes','contenttype'),(39,'django_rest_passwordreset','resetpasswordtoken'),(44,'job','applicationstatus'),(46,'job','city'),(7,'job','company'),(14,'job','currency'),(8,'job','experience'),(17,'job','favouritejob'),(9,'job','gender'),(10,'job','industry'),(13,'job','job'),(21,'job','jobapplication'),(18,'job','jobcategory'),(19,'job','jobgender'),(20,'job','jobsource'),(11,'job','jobtype'),(12,'job','qualification'),(15,'job','skill'),(16,'job','trendingkeywords'),(22,'messaging','employermessage'),(49,'messaging','fcmcloudmessaging'),(23,'messaging','notification'),(25,'pro','certificatename'),(36,'pro','certification'),(47,'pro','certifyingorganization'),(45,'pro','educationlevel'),(26,'pro','institute'),(27,'pro','major'),(35,'pro','membership'),(48,'pro','membershiporganization'),(28,'pro','nationality'),(29,'pro','organization'),(34,'pro','portfolio'),(24,'pro','professional'),(33,'pro','professionaleducation'),(32,'pro','professionalskill'),(38,'pro','recentactivity'),(31,'pro','reference'),(37,'pro','religion'),(30,'pro','workexperience'),(6,'sessions','session'),(42,'settings','settings'),(41,'testimonial','testimonial');
/*!40000 ALTER TABLE `django_content_type` ENABLE KEYS */;
UNLOCK TABLES;

--
-- Table structure for table `django_migrations`
--

DROP TABLE IF EXISTS `django_migrations`;
/*!40101 SET @saved_cs_client     = @@character_set_client */;
/*!40101 SET character_set_client = utf8 */;
CREATE TABLE `django_migrations` (
  `id` int(11) NOT NULL AUTO_INCREMENT,
  `app` varchar(255) NOT NULL,
  `name` varchar(255) NOT NULL,
  `applied` datetime(6) NOT NULL,
  PRIMARY KEY (`id`)
) ENGINE=InnoDB AUTO_INCREMENT=284 DEFAULT CHARSET=utf8;
/*!40101 SET character_set_client = @saved_cs_client */;

--
-- Dumping data for table `django_migrations`
--

LOCK TABLES `django_migrations` WRITE;
/*!40000 ALTER TABLE `django_migrations` DISABLE KEYS */;
INSERT INTO `django_migrations` VALUES (1,'contenttypes','0001_initial','2020-07-09 07:56:38.279826'),(2,'auth','0001_initial','2020-07-09 07:56:38.484485'),(3,'admin','0001_initial','2020-07-09 07:56:38.923624'),(4,'admin','0002_logentry_remove_auto_add','2020-07-09 07:56:39.034563'),(5,'admin','0003_logentry_add_action_flag_choices','2020-07-09 07:56:39.058518'),(6,'contenttypes','0002_remove_content_type_name','2020-07-09 07:56:39.156396'),(7,'auth','0002_alter_permission_name_max_length','2020-07-09 07:56:39.219987'),(8,'auth','0003_alter_user_email_max_length','2020-07-09 07:56:39.298437'),(9,'auth','0004_alter_user_username_opts','2020-07-09 07:56:39.326885'),(10,'auth','0005_alter_user_last_login_null','2020-07-09 07:56:39.383438'),(11,'auth','0006_require_contenttypes_0002','2020-07-09 07:56:39.387390'),(12,'auth','0007_alter_validators_add_error_messages','2020-07-09 07:56:39.409583'),(13,'auth','0008_alter_user_username_max_length','2020-07-09 07:56:39.467803'),(14,'auth','0009_alter_user_last_name_max_length','2020-07-09 07:56:39.538996'),(15,'auth','0010_alter_group_name_max_length','2020-07-09 07:56:39.604703'),(16,'auth','0011_update_proxy_permissions','2020-07-09 07:56:39.639531'),(17,'authtoken','0001_initial','2020-07-09 07:56:39.688413'),(18,'authtoken','0002_auto_20160226_1747','2020-07-09 07:56:39.849177'),(19,'career_advice','0001_initial','2020-07-09 07:56:39.873100'),(20,'career_advice','0002_auto_20200324_0628','2020-07-09 07:56:39.893021'),(21,'career_advice','0003_careeradvice_short_description','2020-07-09 07:56:39.931342'),(22,'career_advice','0004_auto_20200408_0830','2020-07-09 07:56:40.046981'),(23,'career_advice','0004_auto_20200406_0429','2020-07-09 07:56:40.067229'),(24,'career_advice','0005_merge_20200412_1030','2020-07-09 07:56:40.072526'),(25,'career_advice','0005_merge_20200412_0918','2020-07-09 07:56:40.077395'),(26,'career_advice','0006_merge_20200414_0719','2020-07-09 07:56:40.081848'),(27,'career_advice','0007_auto_20200418_1623','2020-07-09 07:56:40.103410'),(28,'career_advice','0008_auto_20200614_1758','2020-07-09 07:56:40.116330'),(29,'career_advice','0009_auto_20200615_1427','2020-07-09 07:56:40.535513'),(30,'career_advice','0010_auto_20200701_1814','2020-07-09 07:56:40.604679'),(31,'django_rest_passwordreset','0001_initial','2020-07-09 07:56:40.638342'),(32,'django_rest_passwordreset','0002_pk_migration','2020-07-09 07:56:40.835724'),(33,'django_rest_passwordreset','0003_allow_blank_and_null_fields','2020-07-09 07:56:40.883249'),(34,'pro','0001_initial','2020-07-09 07:56:40.924996'),(35,'job','0001_initial','2020-07-09 07:56:41.155465'),(36,'job','0002_auto_20200212_1056','2020-07-09 07:56:41.634586'),(37,'job','0003_auto_20200212_1121','2020-07-09 07:56:41.653674'),(38,'job','0004_auto_20200215_0633','2020-07-09 07:56:42.235532'),(39,'job','0005_auto_20200215_0638','2020-07-09 07:56:42.265871'),(40,'pro','0002_auto_20200217_0457','2020-07-09 07:56:42.363540'),(41,'pro','0003_auto_20200219_1150','2020-07-09 07:56:42.719015'),(42,'pro','0004_auto_20200222_0646','2020-07-09 07:56:42.839559'),(43,'pro','0005_auto_20200222_0648','2020-07-09 07:56:42.861777'),(44,'pro','0004_auto_20200222_0412','2020-07-09 07:56:42.891076'),(45,'pro','0005_auto_20200222_0559','2020-07-09 07:56:42.908174'),(46,'pro','0006_merge_20200222_1117','2020-07-09 07:56:42.911694'),(47,'pro','0007_auto_20200222_1157','2020-07-09 07:56:43.025012'),(48,'pro','0006_merge_20200222_1122','2020-07-09 07:56:43.029233'),(49,'pro','0008_merge_20200222_1202','2020-07-09 07:56:43.033019'),(50,'pro','0009_professional_signup_verification_code','2020-07-09 07:56:43.090030'),(51,'pro','0010_auto_20200302_1032','2020-07-09 07:56:43.109892'),(52,'pro','0011_auto_20200302_1033','2020-07-09 07:56:43.171053'),(53,'pro','0010_professional_created_date','2020-07-09 07:56:43.229139'),(54,'pro','0012_merge_20200303_0544','2020-07-09 07:56:43.233405'),(55,'pro','0013_auto_20200303_0544','2020-07-09 07:56:43.262924'),(56,'pro','0014_auto_20200303_0620','2020-07-09 07:56:43.315854'),(57,'pro','0015_auto_20200303_0624','2020-07-09 07:56:43.361920'),(58,'pro','0016_remove_professional_created_date','2020-07-09 07:56:43.418766'),(59,'pro','0017_auto_20200322_0556','2020-07-09 07:56:43.493358'),(60,'pro','0018_auto_20200323_1139','2020-07-09 07:56:43.542730'),(61,'pro','0017_auto_20200323_0700','2020-07-09 07:56:43.616239'),(62,'pro','0019_merge_20200324_0643','2020-07-09 07:56:43.622759'),(63,'pro','0019_merge_20200324_0618','2020-07-09 07:56:43.640859'),(64,'pro','0020_merge_20200325_0949','2020-07-09 07:56:43.644797'),(65,'pro','0019_merge_20200328_0647','2020-07-09 07:56:43.648233'),(66,'pro','0021_merge_20200330_0338','2020-07-09 07:56:43.651581'),(67,'job','0006_auto_20200217_1020','2020-07-09 07:56:43.675874'),(68,'job','0007_auto_20200217_1023','2020-07-09 07:56:43.962376'),(69,'job','0008_company_company_profile','2020-07-09 07:56:44.006747'),(70,'job','0009_auto_20200218_0711','2020-07-09 07:56:44.020392'),(71,'job','0010_auto_20200218_0823','2020-07-09 07:56:44.103618'),(72,'job','0011_currency','2020-07-09 07:56:44.131326'),(73,'job','0012_auto_20200302_0539','2020-07-09 07:56:44.291552'),(74,'job','0013_job_salary','2020-07-09 07:56:44.361598'),(75,'job','0014_skill','2020-07-09 07:56:44.392404'),(76,'job','0015_skill_job','2020-07-09 07:56:44.395622'),(77,'job','0015_auto_20200322_0625','2020-07-09 07:56:44.400406'),(78,'job','0016_merge_20200323_1053','2020-07-09 07:56:44.403804'),(79,'job','0017_auto_20200323_1053','2020-07-09 07:56:44.438597'),(80,'job','0018_job_terms_and_condition','2020-07-09 07:56:44.612328'),(81,'job','0015_trendingkeywords','2020-07-09 07:56:44.641809'),(82,'job','0015_job_raw_content','2020-07-09 07:56:44.707015'),(83,'job','0016_merge_20200323_1126','2020-07-09 07:56:44.712204'),(84,'job','0016_merge_20200323_0837','2020-07-09 07:56:44.717378'),(85,'job','0014_career_advice','2020-07-09 07:56:44.753310'),(86,'job','0015_delete_career_advice','2020-07-09 07:56:44.766384'),(87,'job','0019_merge_20200324_0643','2020-07-09 07:56:44.772486'),(88,'job','0019_merge_20200324_0617','2020-07-09 07:56:44.776148'),(89,'job','0020_merge_20200325_0948','2020-07-09 07:56:44.779977'),(90,'job','0021_remove_trendingkeywords_count','2020-07-09 07:56:44.806401'),(91,'job','0022_company_profile_picture','2020-07-09 07:56:44.842718'),(92,'job','0020_job_job_skills','2020-07-09 07:56:44.887059'),(93,'job','0023_merge_20200328_0453','2020-07-09 07:56:44.987627'),(94,'job','0024_delete_job_skill_detail','2020-07-09 07:56:45.003556'),(95,'job','0023_bookmarkjob','2020-07-09 07:56:45.047437'),(96,'job','0025_merge_20200329_0210','2020-07-09 07:56:45.144109'),(97,'job','0026_auto_20200329_0654','2020-07-09 07:56:45.395456'),(98,'job','0019_merge_20200328_0647','2020-07-09 07:56:45.400619'),(99,'job','0027_merge_20200330_0338','2020-07-09 07:56:45.405550'),(100,'job','0016_merge_20200323_0955','2020-07-09 07:56:45.410241'),(101,'job','0017_merge_20200323_1128','2020-07-09 07:56:45.414914'),(102,'job','0028_merge_20200401_0840','2020-07-09 07:56:45.420046'),(103,'job','0027_auto_20200330_1022','2020-07-09 07:56:45.475380'),(104,'job','0028_auto_20200405_0426','2020-07-09 07:56:45.581740'),(105,'job','0029_merge_20200405_1001','2020-07-09 07:56:45.586185'),(106,'pro','0022_auto_20200413_0615','2020-07-09 07:56:47.213494'),(107,'pro','0023_remove_professional_created_date','2020-07-09 07:56:47.976988'),(108,'pro','0024_auto_20200418_0400','2020-07-09 07:56:48.596299'),(109,'pro','0025_auto_20200418_0834','2020-07-09 07:56:48.818801'),(110,'pro','0026_auto_20200418_0902','2020-07-09 07:56:48.963505'),(111,'pro','0022_professional_job_alert_status','2020-07-09 07:56:49.086118'),(112,'pro','0027_merge_20200418_1829','2020-07-09 07:56:49.092488'),(113,'pro','0028_workexperience_currently_working_here','2020-07-09 07:56:49.180472'),(114,'pro','0029_professional_current_location','2020-07-09 07:56:49.272483'),(115,'job','0030_remove_job_company_name','2020-07-09 07:56:49.388301'),(116,'job','0031_job_company_name','2020-07-09 07:56:49.507244'),(117,'job','0032_auto_20200409_0441','2020-07-09 07:56:49.618943'),(118,'job','0033_auto_20200409_0500','2020-07-09 07:56:49.730416'),(119,'job','0034_auto_20200410_0548','2020-07-09 07:56:49.932393'),(120,'job','0035_auto_20200410_0553','2020-07-09 07:59:57.268556'),(121,'job','0036_auto_20200410_0554','2020-07-09 07:59:57.326017'),(122,'job','0037_auto_20200410_0600','2020-07-09 07:59:57.361887'),(123,'job','0038_auto_20200410_0623','2020-07-09 07:59:57.462896'),(124,'job','0039_auto_20200411_0409','2020-07-09 07:59:57.562393'),(125,'job','0030_auto_20200411_1200','2020-07-09 07:59:57.727283'),(126,'job','0031_auto_20200412_0516','2020-07-09 07:59:57.815814'),(127,'job','0040_merge_20200412_1030','2020-07-09 07:59:57.822649'),(128,'job','0041_job_slug','2020-07-09 07:59:57.896401'),(129,'job','0041_job_entry_date','2020-07-09 07:59:58.016436'),(130,'job','0042_merge_20200414_0653','2020-07-09 07:59:58.021857'),(131,'job','0042_merge_20200413_1421','2020-07-09 07:59:58.027395'),(132,'job','0043_merge_20200415_0418','2020-07-09 07:59:58.033433'),(133,'job','0030_auto_20200415_1100','2020-07-09 07:59:58.091080'),(134,'job','0031_auto_20200415_1125','2020-07-09 07:59:58.161699'),(135,'job','0031_auto_20200415_1109','2020-07-09 07:59:58.249114'),(136,'job','0032_merge_20200415_1150','2020-07-09 07:59:58.255187'),(137,'job','0033_auto_20200415_1150','2020-07-09 07:59:58.352713'),(138,'job','0034_auto_20200415_1153','2020-07-09 07:59:58.391664'),(139,'job','0044_merge_20200415_1212','2020-07-09 07:59:58.395204'),(140,'job','0045_auto_20200415_1212','2020-07-09 07:59:58.410689'),(141,'job','0046_auto_20200415_1724','2020-07-09 07:59:58.443355'),(142,'job','0047_auto_20200415_1725','2020-07-09 07:59:58.459604'),(143,'job','0046_auto_20200415_1642','2020-07-09 07:59:58.473592'),(144,'job','0048_merge_20200415_2120','2020-07-09 07:59:58.476910'),(145,'job','0046_auto_20200418_1118','2020-07-09 07:59:58.491369'),(146,'job','0047_auto_20200418_1743','2020-07-09 07:59:58.510784'),(147,'job','0048_auto_20200419_1106','2020-07-09 07:59:58.533582'),(148,'job','0048_auto_20200419_1013','2020-07-09 07:59:58.578708'),(149,'job','0046_auto_20200418_1744','2020-07-09 07:59:58.596992'),(150,'job','0046_auto_20200418_1623','2020-07-09 07:59:58.612539'),(151,'job','0049_merge_20200419_1806','2020-07-09 07:59:58.619345'),(152,'job','0050_auto_20200419_1806','2020-07-09 07:59:58.648614'),(153,'job','0051_auto_20200419_1810','2020-07-09 07:59:58.667915'),(154,'job','0048_auto_20200419_1650','2020-07-09 07:59:58.749297'),(155,'job','0041_applyonline','2020-07-09 07:59:58.835727'),(156,'job','0042_auto_20200414_0750','2020-07-09 07:59:59.586364'),(157,'job','0043_auto_20200415_0241','2020-07-09 07:59:59.624175'),(158,'job','0046_merge_20200416_1650','2020-07-09 07:59:59.627269'),(159,'job','0052_merge_20200419_1935','2020-07-09 07:59:59.630552'),(160,'job','0053_auto_20200419_1935','2020-07-09 07:59:59.643015'),(161,'job','0054_auto_20200420_0911','2020-07-09 07:59:59.659342'),(162,'job','0048_merge_20200419_0916','2020-07-09 07:59:59.662702'),(163,'job','0049_merge_20200419_1505','2020-07-09 07:59:59.666087'),(164,'job','0055_merge_20200421_1049','2020-07-09 07:59:59.669646'),(165,'job','0056_auto_20200421_1049','2020-07-09 07:59:59.684737'),(166,'job','0057_auto_20200421_1126','2020-07-09 07:59:59.776015'),(167,'job','0058_auto_20200421_1127','2020-07-09 07:59:59.806642'),(168,'job','0059_auto_20200421_1129','2020-07-09 07:59:59.822626'),(169,'job','0060_auto_20200421_1129','2020-07-09 07:59:59.839267'),(170,'job','0050_auto_20200419_1701','2020-07-09 08:00:00.029380'),(171,'job','0061_merge_20200422_1133','2020-07-09 08:00:00.032914'),(172,'job','0061_merge_20200422_0957','2020-07-09 08:00:00.036161'),(173,'job','0062_merge_20200422_1252','2020-07-09 08:00:00.039449'),(174,'job','0061_merge_20200422_1111','2020-07-09 08:00:00.042741'),(175,'job','0062_auto_20200422_1111','2020-07-09 08:00:00.080858'),(176,'job','0063_merge_20200422_1302','2020-07-09 08:00:00.084322'),(177,'job','0064_auto_20200422_1305','2020-07-09 08:00:00.269648'),(178,'job','0049_merge_20200419_1127','2020-07-09 08:00:00.273892'),(179,'job','0050_auto_20200419_1815','2020-07-09 08:00:00.286947'),(180,'job','0065_merge_20200425_1556','2020-07-09 08:00:00.292837'),(181,'job','0066_auto_20200426_1145','2020-07-09 08:00:00.316967'),(182,'pro','0030_auto_20200426_1145','2020-07-09 08:00:05.125913'),(183,'pro','0031_auto_20200426_1228','2020-07-09 08:00:05.241769'),(184,'pro','0032_auto_20200426_1538','2020-07-09 08:00:05.305058'),(185,'pro','0033_auto_20200428_1117','2020-07-09 08:00:05.386599'),(186,'pro','0034_prorecentactivity','2020-07-09 08:00:05.446725'),(187,'pro','0035_auto_20200516_1412','2020-07-09 08:00:05.635394'),(188,'pro','0034_auto_20200517_1752','2020-07-09 08:00:05.810563'),(189,'pro','0036_merge_20200518_1516','2020-07-09 08:00:05.814620'),(190,'pro','0036_merge_20200518_1011','2020-07-09 08:00:05.818441'),(191,'pro','0037_merge_20200519_0551','2020-07-09 08:00:05.822070'),(192,'pro','0036_merge_20200517_2310','2020-07-09 08:00:05.825316'),(193,'pro','0038_merge_20200519_1625','2020-07-09 08:00:05.826780'),(194,'job','0067_auto_20200426_1228','2020-07-09 08:00:05.846472'),(195,'job','0068_auto_20200426_1252','2020-07-09 08:00:05.865121'),(196,'job','0065_auto_20200429_1057','2020-07-09 08:00:05.892232'),(197,'job','0069_merge_20200501_1022','2020-07-09 08:00:05.895993'),(198,'job','0070_auto_20200502_1307','2020-07-09 08:00:05.912909'),(199,'job','0071_auto_20200503_1727','2020-07-09 08:00:09.171005'),(200,'job','0072_auto_20200504_1025','2020-07-09 08:00:09.645582'),(201,'job','0073_auto_20200512_1256','2020-07-09 08:00:10.949424'),(202,'job','0074_auto_20200512_2122','2020-07-09 08:00:11.281669'),(203,'job','0075_auto_20200518_1428','2020-07-09 08:00:11.387441'),(204,'pro','0037_auto_20200520_1337','2020-07-09 08:00:11.492001'),(205,'pro','0039_merge_20200521_1417','2020-07-09 08:00:11.497565'),(206,'pro','0038_professional_blood_group','2020-07-09 08:00:11.627720'),(207,'pro','0040_merge_20200521_1950','2020-07-09 08:00:11.633404'),(208,'pro','0041_auto_20200608_1527','2020-07-09 08:00:11.737010'),(209,'job','0076_auto_20200521_0957','2020-07-09 08:00:11.905120'),(210,'job','0077_auto_20200531_1231','2020-07-09 08:00:12.062153'),(211,'job','0078_auto_20200531_1714','2020-07-09 08:00:12.181329'),(212,'job','0079_auto_20200602_1754','2020-07-09 08:00:12.229704'),(213,'job','0080_auto_20200603_1242','2020-07-09 08:00:12.335406'),(214,'job','0081_auto_20200608_1527','2020-07-09 08:00:12.463335'),(215,'job','0082_jobapplication_pro','2020-07-09 08:00:12.573534'),(216,'job','0083_auto_20200609_2009','2020-07-09 08:00:13.611700'),(217,'job','0084_auto_20200613_1527','2020-07-09 08:00:13.768945'),(218,'job','0085_auto_20200615_1427','2020-07-09 08:00:23.146568'),(219,'job','0086_auto_20200622_1502','2020-07-09 08:00:23.337678'),(220,'job','0087_auto_20200622_1503','2020-07-09 08:00:23.462746'),(221,'job','0088_auto_20200623_0947','2020-07-09 08:00:23.648074'),(222,'job','0089_remove_favouritejob_user','2020-07-09 08:00:23.742881'),(223,'job','0090_auto_20200628_2031','2020-07-09 08:00:24.236887'),(224,'messaging','0001_initial','2020-07-09 08:00:24.319349'),(225,'messaging','0002_auto_20200615_1427','2020-07-09 08:00:24.397132'),(226,'pro','0042_auto_20200615_1427','2020-07-09 08:00:37.625769'),(227,'pro','0043_auto_20200620_1658','2020-07-09 08:00:37.784814'),(228,'pro','0044_auto_20200621_0953','2020-07-09 08:00:37.831183'),(229,'pro','0045_auto_20200621_1255','2020-07-09 08:00:37.883211'),(230,'pro','0046_auto_20200629_1824','2020-07-09 08:00:37.969861'),(231,'pro','0047_auto_20200704_1142','2020-07-09 08:00:38.089904'),(232,'sessions','0001_initial','2020-07-09 08:00:38.124858'),(233,'settings','0001_initial','2020-07-09 08:00:38.174406'),(234,'settings','0002_auto_20200328_0635','2020-07-09 08:00:38.181798'),(235,'settings','0003_auto_20200401_1508','2020-07-09 08:00:38.278552'),(236,'settings','0004_auto_20200409_0319','2020-07-09 08:00:38.335766'),(237,'settings','0005_auto_20200410_0548','2020-07-09 08:00:38.392790'),(238,'settings','0006_auto_20200418_1744','2020-07-09 08:00:38.461835'),(239,'settings','0007_auto_20200520_1337','2020-07-09 08:00:38.706851'),(240,'settings','0008_auto_20200520_1414','2020-07-09 08:00:38.725431'),(241,'settings','0009_settings_zoom','2020-07-09 08:00:38.778569'),(242,'settings','0010_auto_20200520_1600','2020-07-09 08:00:38.828498'),(243,'settings','0011_auto_20200520_1604','2020-07-09 08:00:38.878127'),(244,'settings','0012_auto_20200615_1427','2020-07-09 08:00:39.241477'),(245,'settings','0013_auto_20200625_0452','2020-07-09 08:00:39.254966'),(246,'testimonial','0001_initial','2020-07-09 08:00:39.287501'),(247,'testimonial','0002_auto_20200323_0557','2020-07-09 08:00:39.311631'),(248,'testimonial','0003_auto_20200615_1427','2020-07-09 08:00:39.705960'),(249,'messaging','0003_auto_20200711_1802','2020-07-14 03:31:07.912629'),(250,'pro','0048_auto_20200711_1045','2020-07-14 03:31:07.948981'),(251,'job','0091_auto_20200714_1846','2020-07-18 03:57:19.759139'),(252,'job','0092_auto_20200718_2003','2020-07-25 05:05:00.793165'),(253,'pro','0049_auto_20200720_1711','2020-07-25 05:05:01.075567'),(254,'career_advice','0011_auto_20200725_1632','2020-07-29 03:53:42.793412'),(255,'job','0093_company_featured','2020-07-29 03:53:42.948749'),(256,'pro','0050_auto_20200728_1635','2020-07-29 03:53:43.207766'),(257,'job','0094_auto_20200729_1259','2020-08-11 03:46:40.894453'),(258,'job','0095_auto_20200729_1318','2020-08-11 03:46:40.942669'),(259,'job','0096_auto_20200808_1711','2020-08-11 03:46:41.099899'),(260,'job','0097_city','2020-08-11 03:46:41.179261'),(261,'job','0098_auto_20200809_1156','2020-08-11 03:46:41.300845'),(262,'job','0099_auto_20200809_1327','2020-08-11 03:46:41.309086'),(263,'job','0100_job_locked_by','2020-08-11 03:46:41.507595'),(264,'pro','0051_auto_20200808_1621','2020-08-11 03:46:41.791140'),(265,'pro','0052_auto_20200809_1229','2020-08-11 03:46:41.936286'),(266,'career_advice','0012_careeradvice_posted_at','2020-08-23 12:59:52.818933'),(267,'job','0101_auto_20200819_1932','2020-08-23 12:59:53.706750'),(268,'settings','0014_auto_20200823_1328','2020-08-23 12:59:53.780564'),(269,'job','0102_auto_20200826_1552','2020-08-31 03:24:30.892546'),(270,'job','0103_auto_20200829_1323','2020-09-01 07:28:37.098373'),(271,'job','0104_auto_20200829_1324','2020-09-01 07:28:37.148862'),(272,'settings','0015_settings_minimum_profile_completeness','2020-09-01 12:35:45.093781'),(273,'settings','0016_auto_20200901_1700','2020-09-01 12:35:45.102220'),(274,'job','0105_job_salary_option','2020-09-12 07:55:29.465086'),(275,'pro','0053_auto_20200906_1805','2020-09-12 07:55:29.517356'),(276,'job','0106_auto_20200913_1300','2020-09-14 07:06:31.893062'),(277,'pro','0054_auto_20200908_1613','2020-09-14 07:06:32.046439'),(278,'settings','0017_auto_20200913_1300','2020-09-14 07:06:32.482601'),(279,'settings','0018_auto_20200913_1315','2020-09-14 07:06:32.531596'),(280,'settings','0019_auto_20200913_1501','2020-09-14 07:06:32.571437'),(281,'job','0107_jobapplication_is_approved','2020-09-15 06:25:46.612113'),(282,'messaging','0004_fcmcloudmessaging','2020-09-15 11:33:27.472330'),(283,'messaging','0005_auto_20200914_2016','2020-09-15 11:33:27.704608');
/*!40000 ALTER TABLE `django_migrations` ENABLE KEYS */;
UNLOCK TABLES;

--
-- Table structure for table `django_rest_passwordreset_resetpasswordtoken`
--

DROP TABLE IF EXISTS `django_rest_passwordreset_resetpasswordtoken`;
/*!40101 SET @saved_cs_client     = @@character_set_client */;
/*!40101 SET character_set_client = utf8 */;
CREATE TABLE `django_rest_passwordreset_resetpasswordtoken` (
  `created_at` datetime(6) NOT NULL,
  `key` varchar(64) NOT NULL,
  `ip_address` char(39) DEFAULT NULL,
  `user_agent` varchar(256) NOT NULL,
  `user_id` int(11) NOT NULL,
  `id` int(11) NOT NULL AUTO_INCREMENT,
  PRIMARY KEY (`id`),
  UNIQUE KEY `django_rest_passwordreset_resetpasswordtoken_key_f1b65873_uniq` (`key`),
  KEY `django_rest_password_user_id_e8015b11_fk_auth_user` (`user_id`),
  CONSTRAINT `django_rest_password_user_id_e8015b11_fk_auth_user` FOREIGN KEY (`user_id`) REFERENCES `auth_user` (`id`)
) ENGINE=InnoDB DEFAULT CHARSET=utf8;
/*!40101 SET character_set_client = @saved_cs_client */;

--
-- Dumping data for table `django_rest_passwordreset_resetpasswordtoken`
--

LOCK TABLES `django_rest_passwordreset_resetpasswordtoken` WRITE;
/*!40000 ALTER TABLE `django_rest_passwordreset_resetpasswordtoken` DISABLE KEYS */;
/*!40000 ALTER TABLE `django_rest_passwordreset_resetpasswordtoken` ENABLE KEYS */;
UNLOCK TABLES;

--
-- Table structure for table `django_session`
--

DROP TABLE IF EXISTS `django_session`;
/*!40101 SET @saved_cs_client     = @@character_set_client */;
/*!40101 SET character_set_client = utf8 */;
CREATE TABLE `django_session` (
  `session_key` varchar(40) NOT NULL,
  `session_data` longtext NOT NULL,
  `expire_date` datetime(6) NOT NULL,
  PRIMARY KEY (`session_key`),
  KEY `django_session_expire_date_a5c62663` (`expire_date`)
) ENGINE=InnoDB DEFAULT CHARSET=utf8;
/*!40101 SET character_set_client = @saved_cs_client */;

--
-- Dumping data for table `django_session`
--

LOCK TABLES `django_session` WRITE;
/*!40000 ALTER TABLE `django_session` DISABLE KEYS */;
INSERT INTO `django_session` VALUES ('08rmw63zy6in8a4tnyxvx39pw5iqqsxy','ZTYwZmNhYWY0ODM5NTVjNDkxNmYyY2E3M2FjYWUwODAzODUzYzk5MTp7Il9hdXRoX3VzZXJfaWQiOiIxIiwiX2F1dGhfdXNlcl9iYWNrZW5kIjoiZGphbmdvLmNvbnRyaWIuYXV0aC5iYWNrZW5kcy5Nb2RlbEJhY2tlbmQiLCJfYXV0aF91c2VyX2hhc2giOiJlZDAyZDBmMTRjZjM1ZDVjNjkyYWY0MThjNWZjNzc5ZDkxYmJmNDI2In0=','2020-09-14 08:47:44.430541'),('126vrmdkyjv0zbfs9rasvcrqnr4b9i40','ZTYwZmNhYWY0ODM5NTVjNDkxNmYyY2E3M2FjYWUwODAzODUzYzk5MTp7Il9hdXRoX3VzZXJfaWQiOiIxIiwiX2F1dGhfdXNlcl9iYWNrZW5kIjoiZGphbmdvLmNvbnRyaWIuYXV0aC5iYWNrZW5kcy5Nb2RlbEJhY2tlbmQiLCJfYXV0aF91c2VyX2hhc2giOiJlZDAyZDBmMTRjZjM1ZDVjNjkyYWY0MThjNWZjNzc5ZDkxYmJmNDI2In0=','2020-08-12 07:54:27.119481'),('26gy6rtxjaeb364nqo7cjg18ut8x31rc','ZTYwZmNhYWY0ODM5NTVjNDkxNmYyY2E3M2FjYWUwODAzODUzYzk5MTp7Il9hdXRoX3VzZXJfaWQiOiIxIiwiX2F1dGhfdXNlcl9iYWNrZW5kIjoiZGphbmdvLmNvbnRyaWIuYXV0aC5iYWNrZW5kcy5Nb2RlbEJhY2tlbmQiLCJfYXV0aF91c2VyX2hhc2giOiJlZDAyZDBmMTRjZjM1ZDVjNjkyYWY0MThjNWZjNzc5ZDkxYmJmNDI2In0=','2020-08-26 09:15:55.535545'),('5cqaa2nuja0parhnfq8nux5kybug7vrs','ZTYwZmNhYWY0ODM5NTVjNDkxNmYyY2E3M2FjYWUwODAzODUzYzk5MTp7Il9hdXRoX3VzZXJfaWQiOiIxIiwiX2F1dGhfdXNlcl9iYWNrZW5kIjoiZGphbmdvLmNvbnRyaWIuYXV0aC5iYWNrZW5kcy5Nb2RlbEJhY2tlbmQiLCJfYXV0aF91c2VyX2hhc2giOiJlZDAyZDBmMTRjZjM1ZDVjNjkyYWY0MThjNWZjNzc5ZDkxYmJmNDI2In0=','2020-08-11 07:04:35.517319'),('5o1lqd3q5hmlxpetf8hfqd35vsdf15ky','ZTYwZmNhYWY0ODM5NTVjNDkxNmYyY2E3M2FjYWUwODAzODUzYzk5MTp7Il9hdXRoX3VzZXJfaWQiOiIxIiwiX2F1dGhfdXNlcl9iYWNrZW5kIjoiZGphbmdvLmNvbnRyaWIuYXV0aC5iYWNrZW5kcy5Nb2RlbEJhY2tlbmQiLCJfYXV0aF91c2VyX2hhc2giOiJlZDAyZDBmMTRjZjM1ZDVjNjkyYWY0MThjNWZjNzc5ZDkxYmJmNDI2In0=','2020-09-02 08:52:42.975107'),('8wunmr7ouspzuia8q43aypfnuhcuf9jk','ZTYwZmNhYWY0ODM5NTVjNDkxNmYyY2E3M2FjYWUwODAzODUzYzk5MTp7Il9hdXRoX3VzZXJfaWQiOiIxIiwiX2F1dGhfdXNlcl9iYWNrZW5kIjoiZGphbmdvLmNvbnRyaWIuYXV0aC5iYWNrZW5kcy5Nb2RlbEJhY2tlbmQiLCJfYXV0aF91c2VyX2hhc2giOiJlZDAyZDBmMTRjZjM1ZDVjNjkyYWY0MThjNWZjNzc5ZDkxYmJmNDI2In0=','2020-07-29 05:36:35.107586'),('a5ewa5mpi4giguxdj8syteqhtx9sa7pj','ZTYwZmNhYWY0ODM5NTVjNDkxNmYyY2E3M2FjYWUwODAzODUzYzk5MTp7Il9hdXRoX3VzZXJfaWQiOiIxIiwiX2F1dGhfdXNlcl9iYWNrZW5kIjoiZGphbmdvLmNvbnRyaWIuYXV0aC5iYWNrZW5kcy5Nb2RlbEJhY2tlbmQiLCJfYXV0aF91c2VyX2hhc2giOiJlZDAyZDBmMTRjZjM1ZDVjNjkyYWY0MThjNWZjNzc5ZDkxYmJmNDI2In0=','2020-07-14 07:55:43.923144'),('ar8g1cl0jm7ri3te4yxb1tjxwtac60nx','ZTYwZmNhYWY0ODM5NTVjNDkxNmYyY2E3M2FjYWUwODAzODUzYzk5MTp7Il9hdXRoX3VzZXJfaWQiOiIxIiwiX2F1dGhfdXNlcl9iYWNrZW5kIjoiZGphbmdvLmNvbnRyaWIuYXV0aC5iYWNrZW5kcy5Nb2RlbEJhY2tlbmQiLCJfYXV0aF91c2VyX2hhc2giOiJlZDAyZDBmMTRjZjM1ZDVjNjkyYWY0MThjNWZjNzc5ZDkxYmJmNDI2In0=','2020-07-14 05:17:15.521978'),('g7lvso5ra3bjelgx2jlkvzsoqzew1n39','ZTYwZmNhYWY0ODM5NTVjNDkxNmYyY2E3M2FjYWUwODAzODUzYzk5MTp7Il9hdXRoX3VzZXJfaWQiOiIxIiwiX2F1dGhfdXNlcl9iYWNrZW5kIjoiZGphbmdvLmNvbnRyaWIuYXV0aC5iYWNrZW5kcy5Nb2RlbEJhY2tlbmQiLCJfYXV0aF91c2VyX2hhc2giOiJlZDAyZDBmMTRjZjM1ZDVjNjkyYWY0MThjNWZjNzc5ZDkxYmJmNDI2In0=','2020-07-14 05:23:48.323453'),('lyaf49srz74l9hkoc7xd726stl52h2xb','ZTYwZmNhYWY0ODM5NTVjNDkxNmYyY2E3M2FjYWUwODAzODUzYzk5MTp7Il9hdXRoX3VzZXJfaWQiOiIxIiwiX2F1dGhfdXNlcl9iYWNrZW5kIjoiZGphbmdvLmNvbnRyaWIuYXV0aC5iYWNrZW5kcy5Nb2RlbEJhY2tlbmQiLCJfYXV0aF91c2VyX2hhc2giOiJlZDAyZDBmMTRjZjM1ZDVjNjkyYWY0MThjNWZjNzc5ZDkxYmJmNDI2In0=','2020-07-09 10:06:12.457391'),('mtn5xc0sox6jgp3hq8grfow9n9z517ld','ZTYwZmNhYWY0ODM5NTVjNDkxNmYyY2E3M2FjYWUwODAzODUzYzk5MTp7Il9hdXRoX3VzZXJfaWQiOiIxIiwiX2F1dGhfdXNlcl9iYWNrZW5kIjoiZGphbmdvLmNvbnRyaWIuYXV0aC5iYWNrZW5kcy5Nb2RlbEJhY2tlbmQiLCJfYXV0aF91c2VyX2hhc2giOiJlZDAyZDBmMTRjZjM1ZDVjNjkyYWY0MThjNWZjNzc5ZDkxYmJmNDI2In0=','2020-07-09 13:12:06.711469'),('muydwai9qxk9btgzgps56y8bvs84qo7m','ZTYwZmNhYWY0ODM5NTVjNDkxNmYyY2E3M2FjYWUwODAzODUzYzk5MTp7Il9hdXRoX3VzZXJfaWQiOiIxIiwiX2F1dGhfdXNlcl9iYWNrZW5kIjoiZGphbmdvLmNvbnRyaWIuYXV0aC5iYWNrZW5kcy5Nb2RlbEJhY2tlbmQiLCJfYXV0aF91c2VyX2hhc2giOiJlZDAyZDBmMTRjZjM1ZDVjNjkyYWY0MThjNWZjNzc5ZDkxYmJmNDI2In0=','2020-08-24 06:09:15.326397'),('nl4ugs9e8ucop4emnp8i28esl0slsjh6','ZTYwZmNhYWY0ODM5NTVjNDkxNmYyY2E3M2FjYWUwODAzODUzYzk5MTp7Il9hdXRoX3VzZXJfaWQiOiIxIiwiX2F1dGhfdXNlcl9iYWNrZW5kIjoiZGphbmdvLmNvbnRyaWIuYXV0aC5iYWNrZW5kcy5Nb2RlbEJhY2tlbmQiLCJfYXV0aF91c2VyX2hhc2giOiJlZDAyZDBmMTRjZjM1ZDVjNjkyYWY0MThjNWZjNzc5ZDkxYmJmNDI2In0=','2020-08-11 08:44:13.299117'),('o04q66j8o22kpz8yqccdq5p4dxaai5ue','ZTYwZmNhYWY0ODM5NTVjNDkxNmYyY2E3M2FjYWUwODAzODUzYzk5MTp7Il9hdXRoX3VzZXJfaWQiOiIxIiwiX2F1dGhfdXNlcl9iYWNrZW5kIjoiZGphbmdvLmNvbnRyaWIuYXV0aC5iYWNrZW5kcy5Nb2RlbEJhY2tlbmQiLCJfYXV0aF91c2VyX2hhc2giOiJlZDAyZDBmMTRjZjM1ZDVjNjkyYWY0MThjNWZjNzc5ZDkxYmJmNDI2In0=','2020-08-24 14:50:31.090364'),('pa8f6660s7x890ldql5rberim8737w4v','ZTYwZmNhYWY0ODM5NTVjNDkxNmYyY2E3M2FjYWUwODAzODUzYzk5MTp7Il9hdXRoX3VzZXJfaWQiOiIxIiwiX2F1dGhfdXNlcl9iYWNrZW5kIjoiZGphbmdvLmNvbnRyaWIuYXV0aC5iYWNrZW5kcy5Nb2RlbEJhY2tlbmQiLCJfYXV0aF91c2VyX2hhc2giOiJlZDAyZDBmMTRjZjM1ZDVjNjkyYWY0MThjNWZjNzc5ZDkxYmJmNDI2In0=','2020-07-18 05:38:46.938367'),('pyafq75xblgc1qyf6seij6d4gngq1gc9','ZTYwZmNhYWY0ODM5NTVjNDkxNmYyY2E3M2FjYWUwODAzODUzYzk5MTp7Il9hdXRoX3VzZXJfaWQiOiIxIiwiX2F1dGhfdXNlcl9iYWNrZW5kIjoiZGphbmdvLmNvbnRyaWIuYXV0aC5iYWNrZW5kcy5Nb2RlbEJhY2tlbmQiLCJfYXV0aF91c2VyX2hhc2giOiJlZDAyZDBmMTRjZjM1ZDVjNjkyYWY0MThjNWZjNzc5ZDkxYmJmNDI2In0=','2020-08-11 06:19:38.956211'),('vnih85c9ulq5fdzsg7496f3c8eah0c53','ZTYwZmNhYWY0ODM5NTVjNDkxNmYyY2E3M2FjYWUwODAzODUzYzk5MTp7Il9hdXRoX3VzZXJfaWQiOiIxIiwiX2F1dGhfdXNlcl9iYWNrZW5kIjoiZGphbmdvLmNvbnRyaWIuYXV0aC5iYWNrZW5kcy5Nb2RlbEJhY2tlbmQiLCJfYXV0aF91c2VyX2hhc2giOiJlZDAyZDBmMTRjZjM1ZDVjNjkyYWY0MThjNWZjNzc5ZDkxYmJmNDI2In0=','2020-07-25 07:18:23.222959'),('xa2al9pytjr200ar838rrf1v68xst93r','ZTYwZmNhYWY0ODM5NTVjNDkxNmYyY2E3M2FjYWUwODAzODUzYzk5MTp7Il9hdXRoX3VzZXJfaWQiOiIxIiwiX2F1dGhfdXNlcl9iYWNrZW5kIjoiZGphbmdvLmNvbnRyaWIuYXV0aC5iYWNrZW5kcy5Nb2RlbEJhY2tlbmQiLCJfYXV0aF91c2VyX2hhc2giOiJlZDAyZDBmMTRjZjM1ZDVjNjkyYWY0MThjNWZjNzc5ZDkxYmJmNDI2In0=','2020-09-15 08:05:26.209568'),('ysk7gllscmn08b8zfkh1k9s6i0q8jwhm','ZTYwZmNhYWY0ODM5NTVjNDkxNmYyY2E3M2FjYWUwODAzODUzYzk5MTp7Il9hdXRoX3VzZXJfaWQiOiIxIiwiX2F1dGhfdXNlcl9iYWNrZW5kIjoiZGphbmdvLmNvbnRyaWIuYXV0aC5iYWNrZW5kcy5Nb2RlbEJhY2tlbmQiLCJfYXV0aF91c2VyX2hhc2giOiJlZDAyZDBmMTRjZjM1ZDVjNjkyYWY0MThjNWZjNzc5ZDkxYmJmNDI2In0=','2020-08-11 05:27:48.497206'),('zn98vycz05ozpzquctyedssa229j069k','ZTYwZmNhYWY0ODM5NTVjNDkxNmYyY2E3M2FjYWUwODAzODUzYzk5MTp7Il9hdXRoX3VzZXJfaWQiOiIxIiwiX2F1dGhfdXNlcl9iYWNrZW5kIjoiZGphbmdvLmNvbnRyaWIuYXV0aC5iYWNrZW5kcy5Nb2RlbEJhY2tlbmQiLCJfYXV0aF91c2VyX2hhc2giOiJlZDAyZDBmMTRjZjM1ZDVjNjkyYWY0MThjNWZjNzc5ZDkxYmJmNDI2In0=','2020-09-12 09:35:56.645075');
/*!40000 ALTER TABLE `django_session` ENABLE KEYS */;
UNLOCK TABLES;

--
-- Table structure for table `education_level`
--

DROP TABLE IF EXISTS `education_level`;
/*!40101 SET @saved_cs_client     = @@character_set_client */;
/*!40101 SET character_set_client = utf8 */;
CREATE TABLE `education_level` (
  `id` int(11) NOT NULL AUTO_INCREMENT,
  `created_by` varchar(255) DEFAULT NULL,
  `created_at` datetime(6) DEFAULT NULL,
  `created_from` varchar(255) DEFAULT NULL,
  `modified_by` varchar(255) DEFAULT NULL,
  `modified_at` datetime(6) DEFAULT NULL,
  `modified_from` varchar(255) DEFAULT NULL,
  `is_archived` tinyint(1) NOT NULL,
  `archived_by` varchar(255) DEFAULT NULL,
  `archived_at` datetime(6) DEFAULT NULL,
  `archived_from` varchar(255) DEFAULT NULL,
  `name` varchar(255) NOT NULL,
  PRIMARY KEY (`id`)
) ENGINE=InnoDB AUTO_INCREMENT=6 DEFAULT CHARSET=utf8;
/*!40101 SET character_set_client = @saved_cs_client */;

--
-- Dumping data for table `education_level`
--

LOCK TABLES `education_level` WRITE;
/*!40000 ALTER TABLE `education_level` DISABLE KEYS */;
INSERT INTO `education_level` VALUES (1,'1',NULL,'127.0.0.1',NULL,NULL,NULL,0,NULL,NULL,NULL,'Education Level Example One'),(2,'1',NULL,'127.0.0.1',NULL,NULL,NULL,0,NULL,NULL,NULL,'Education Level Example Two'),(3,'1',NULL,'127.0.0.1',NULL,NULL,NULL,0,NULL,NULL,NULL,'Education Level Example Three'),(4,'1',NULL,'127.0.0.1',NULL,NULL,NULL,0,NULL,NULL,NULL,'Education Level Example Four'),(5,'1',NULL,'127.0.0.1',NULL,NULL,NULL,0,NULL,NULL,NULL,'Education Level Example Five');
/*!40000 ALTER TABLE `education_level` ENABLE KEYS */;
UNLOCK TABLES;

--
-- Table structure for table `experiences`
--

DROP TABLE IF EXISTS `experiences`;
/*!40101 SET @saved_cs_client     = @@character_set_client */;
/*!40101 SET character_set_client = utf8 */;
CREATE TABLE `experiences` (
  `name` varchar(255) NOT NULL,
  `archived_at` datetime(6) DEFAULT NULL,
  `archived_by` varchar(255) DEFAULT NULL,
  `archived_from` varchar(255) DEFAULT NULL,
  `created_at` datetime(6) DEFAULT NULL,
  `created_by` varchar(255) DEFAULT NULL,
  `created_from` varchar(255) DEFAULT NULL,
  `is_archived` tinyint(1) NOT NULL,
  `modified_at` datetime(6) DEFAULT NULL,
  `modified_by` varchar(255) DEFAULT NULL,
  `modified_from` varchar(255) DEFAULT NULL,
  PRIMARY KEY (`name`)
) ENGINE=InnoDB DEFAULT CHARSET=utf8;
/*!40101 SET character_set_client = @saved_cs_client */;

--
-- Dumping data for table `experiences`
--

LOCK TABLES `experiences` WRITE;
/*!40000 ALTER TABLE `experiences` DISABLE KEYS */;
INSERT INTO `experiences` VALUES ('Experience Example Five',NULL,NULL,NULL,'2020-07-14 04:14:53.250603','1','127.0.0.1',0,NULL,NULL,NULL),('Experience Example Four',NULL,NULL,NULL,'2020-07-14 04:14:44.170935','1','127.0.0.1',0,NULL,NULL,NULL),('Experience Example One',NULL,NULL,NULL,'2020-07-14 04:14:20.725523','1','127.0.0.1',0,NULL,NULL,NULL),('Experience Example Three',NULL,NULL,NULL,'2020-07-14 04:14:36.009940','1','127.0.0.1',0,NULL,NULL,NULL),('Experience Example Two',NULL,NULL,NULL,'2020-07-14 04:14:27.719109','1','127.0.0.1',0,NULL,NULL,NULL);
/*!40000 ALTER TABLE `experiences` ENABLE KEYS */;
UNLOCK TABLES;

--
-- Table structure for table `favourite_jobs`
--

DROP TABLE IF EXISTS `favourite_jobs`;
/*!40101 SET @saved_cs_client     = @@character_set_client */;
/*!40101 SET character_set_client = utf8 */;
CREATE TABLE `favourite_jobs` (
  `id` int(11) NOT NULL AUTO_INCREMENT,
  `job` char(32) NOT NULL,
  `archived_at` datetime(6) DEFAULT NULL,
  `archived_by` varchar(255) DEFAULT NULL,
  `archived_from` varchar(255) DEFAULT NULL,
  `created_at` datetime(6) DEFAULT NULL,
  `created_by` varchar(255) DEFAULT NULL,
  `created_from` varchar(255) DEFAULT NULL,
  `is_archived` tinyint(1) NOT NULL,
  `modified_at` datetime(6) DEFAULT NULL,
  `modified_by` varchar(255) DEFAULT NULL,
  `modified_from` varchar(255) DEFAULT NULL,
  PRIMARY KEY (`id`),
  KEY `bookmark_jobs_job_fc76220f_fk_jobs_id` (`job`),
  CONSTRAINT `bookmark_jobs_job_fc76220f_fk_jobs_id` FOREIGN KEY (`job`) REFERENCES `jobs` (`id`)
) ENGINE=InnoDB AUTO_INCREMENT=14 DEFAULT CHARSET=utf8;
/*!40101 SET character_set_client = @saved_cs_client */;

--
-- Dumping data for table `favourite_jobs`
--

LOCK TABLES `favourite_jobs` WRITE;
/*!40000 ALTER TABLE `favourite_jobs` DISABLE KEYS */;
INSERT INTO `favourite_jobs` VALUES (1,'2cfddc8ea6084ed3b75dd2907b147709',NULL,NULL,NULL,'2020-07-18 04:18:23.118648','6','127.0.0.1',0,NULL,NULL,NULL),(2,'f8b30e6cbc214fe59c3cadd8673fb865',NULL,NULL,NULL,'2020-07-18 04:18:46.399931','6','127.0.0.1',0,NULL,NULL,NULL),(3,'e89067bb33524f17a8d1d8df9601b714',NULL,NULL,NULL,'2020-07-18 04:18:50.529005','6','127.0.0.1',0,NULL,NULL,NULL),(4,'957a5292657e42a0bebfa355bcea91ba',NULL,NULL,NULL,'2020-07-18 04:18:56.499934','6','127.0.0.1',0,NULL,NULL,NULL),(5,'0c3533d6cb684d70ae8473db347e8097',NULL,NULL,NULL,'2020-07-18 04:18:59.526587','6','127.0.0.1',0,NULL,NULL,NULL),(6,'116f5561c71b40eeaaf9e86372f1f7c9',NULL,NULL,NULL,'2020-07-18 04:19:02.161878','6','127.0.0.1',0,NULL,NULL,NULL),(7,'1272cf8f06e44cd2ad6e5b430f8ac2f9',NULL,NULL,NULL,'2020-07-18 04:19:58.710686','6','127.0.0.1',0,NULL,NULL,NULL),(8,'15c98cfb735445829846f0b22452b850',NULL,NULL,NULL,'2020-07-18 04:20:04.585883','6','127.0.0.1',0,NULL,NULL,NULL),(9,'18b882dd66d14885a9a511a86c34dcb5',NULL,NULL,NULL,'2020-07-18 04:20:10.540618','6','127.0.0.1',0,NULL,NULL,NULL),(10,'4cc9d99a7b0648d99345a6bfca26ff17',NULL,NULL,NULL,'2020-08-11 04:52:12.435975','6','127.0.0.1',0,NULL,NULL,NULL),(11,'d6a93c0ce39b457b8e93bc57dbe87367',NULL,NULL,NULL,'2020-08-11 04:52:44.416705','6','127.0.0.1',0,NULL,NULL,NULL),(12,'ab635de045d74b6380410aca0eb8081c',NULL,NULL,NULL,'2020-08-11 05:21:42.176603','6','127.0.0.1',0,NULL,NULL,NULL),(13,'3e245a0ff1d845a0aade343265c23e46',NULL,NULL,NULL,'2020-08-11 06:05:54.035706','4','127.0.0.1',0,NULL,NULL,NULL);
/*!40000 ALTER TABLE `favourite_jobs` ENABLE KEYS */;
UNLOCK TABLES;

--
-- Table structure for table `genders`
--

DROP TABLE IF EXISTS `genders`;
/*!40101 SET @saved_cs_client     = @@character_set_client */;
/*!40101 SET character_set_client = utf8 */;
CREATE TABLE `genders` (
  `name` varchar(255) NOT NULL,
  `archived_at` datetime(6) DEFAULT NULL,
  `archived_by` varchar(255) DEFAULT NULL,
  `archived_from` varchar(255) DEFAULT NULL,
  `created_at` datetime(6) DEFAULT NULL,
  `created_by` varchar(255) DEFAULT NULL,
  `created_from` varchar(255) DEFAULT NULL,
  `is_archived` tinyint(1) NOT NULL,
  `modified_at` datetime(6) DEFAULT NULL,
  `modified_by` varchar(255) DEFAULT NULL,
  `modified_from` varchar(255) DEFAULT NULL,
  PRIMARY KEY (`name`)
) ENGINE=InnoDB DEFAULT CHARSET=utf8;
/*!40101 SET character_set_client = @saved_cs_client */;

--
-- Dumping data for table `genders`
--

LOCK TABLES `genders` WRITE;
/*!40000 ALTER TABLE `genders` DISABLE KEYS */;
INSERT INTO `genders` VALUES ('Female',NULL,NULL,NULL,'2020-07-14 04:09:02.288875','1','127.0.0.1',0,NULL,NULL,NULL),('Male',NULL,NULL,NULL,'2020-07-14 04:08:51.715814','1','127.0.0.1',0,NULL,NULL,NULL);
/*!40000 ALTER TABLE `genders` ENABLE KEYS */;
UNLOCK TABLES;

--
-- Table structure for table `industries`
--

DROP TABLE IF EXISTS `industries`;
/*!40101 SET @saved_cs_client     = @@character_set_client */;
/*!40101 SET character_set_client = utf8 */;
CREATE TABLE `industries` (
  `name` varchar(255) NOT NULL,
  `archived_at` datetime(6) DEFAULT NULL,
  `archived_by` varchar(255) DEFAULT NULL,
  `archived_from` varchar(255) DEFAULT NULL,
  `created_at` datetime(6) DEFAULT NULL,
  `created_by` varchar(255) DEFAULT NULL,
  `created_from` varchar(255) DEFAULT NULL,
  `is_archived` tinyint(1) NOT NULL,
  `modified_at` datetime(6) DEFAULT NULL,
  `modified_by` varchar(255) DEFAULT NULL,
  `modified_from` varchar(255) DEFAULT NULL,
  PRIMARY KEY (`name`)
) ENGINE=InnoDB DEFAULT CHARSET=utf8;
/*!40101 SET character_set_client = @saved_cs_client */;

--
-- Dumping data for table `industries`
--

LOCK TABLES `industries` WRITE;
/*!40000 ALTER TABLE `industries` DISABLE KEYS */;
INSERT INTO `industries` VALUES ('Example Industry Five',NULL,NULL,NULL,'2020-07-18 04:10:55.312663','1','127.0.0.1',0,NULL,NULL,NULL),('Example Industry One',NULL,NULL,NULL,'2020-07-18 04:10:22.230087','1','127.0.0.1',0,NULL,NULL,NULL),('Example Industry Three',NULL,NULL,NULL,'2020-07-18 04:10:33.558723','1','127.0.0.1',0,NULL,NULL,NULL),('Example Industry Two',NULL,NULL,NULL,'2020-07-18 04:10:27.666731','1','127.0.0.1',0,NULL,NULL,NULL);
/*!40000 ALTER TABLE `industries` ENABLE KEYS */;
UNLOCK TABLES;

--
-- Table structure for table `institutes`
--

DROP TABLE IF EXISTS `institutes`;
/*!40101 SET @saved_cs_client     = @@character_set_client */;
/*!40101 SET character_set_client = utf8 */;
CREATE TABLE `institutes` (
  `id` int(11) NOT NULL AUTO_INCREMENT,
  `name` varchar(255) NOT NULL,
  `archived_at` datetime(6) DEFAULT NULL,
  `archived_by` varchar(255) DEFAULT NULL,
  `archived_from` varchar(255) DEFAULT NULL,
  `created_at` datetime(6) DEFAULT NULL,
  `created_by` varchar(255) DEFAULT NULL,
  `created_from` varchar(255) DEFAULT NULL,
  `is_archived` tinyint(1) NOT NULL,
  `modified_at` datetime(6) DEFAULT NULL,
  `modified_by` varchar(255) DEFAULT NULL,
  `modified_from` varchar(255) DEFAULT NULL,
  `image` varchar(100) DEFAULT NULL,
  PRIMARY KEY (`id`)
) ENGINE=InnoDB AUTO_INCREMENT=7 DEFAULT CHARSET=utf8;
/*!40101 SET character_set_client = @saved_cs_client */;

--
-- Dumping data for table `institutes`
--

LOCK TABLES `institutes` WRITE;
/*!40000 ALTER TABLE `institutes` DISABLE KEYS */;
INSERT INTO `institutes` VALUES (1,'Institution example one',NULL,NULL,NULL,'2020-07-18 04:03:20.531830','1','127.0.0.1',0,'2020-08-11 07:08:49.476892','1','127.0.0.1','images/2_TdpHL2d.jpeg'),(2,'Institution example two',NULL,NULL,NULL,'2020-07-18 04:03:30.908531','1','127.0.0.1',0,'2020-08-11 07:08:41.298872','1','127.0.0.1','images/6_KEASrjk.jpeg'),(3,'Institution example three',NULL,NULL,NULL,'2020-07-18 04:03:36.854182','1','127.0.0.1',0,'2020-08-11 07:08:30.743439','1','127.0.0.1','images/9_bSZdUDo.png'),(4,'Institution example four',NULL,NULL,NULL,'2020-07-18 04:03:42.974788','1','127.0.0.1',0,'2020-08-11 07:08:14.902925','1','127.0.0.1','images/9.png'),(5,'Institution example five',NULL,NULL,NULL,'2020-07-18 04:03:52.214707','1','127.0.0.1',0,'2020-08-11 07:08:05.319987','1','127.0.0.1','images/10.jpeg'),(6,'Institution example six',NULL,NULL,NULL,'2020-07-18 04:03:57.805008','1','127.0.0.1',0,'2020-08-11 07:07:36.219002','1','127.0.0.1','images/6_i4cmIXg.jpeg');
/*!40000 ALTER TABLE `institutes` ENABLE KEYS */;
UNLOCK TABLES;

--
-- Table structure for table `job_applications`
--

DROP TABLE IF EXISTS `job_applications`;
/*!40101 SET @saved_cs_client     = @@character_set_client */;
/*!40101 SET character_set_client = utf8 */;
CREATE TABLE `job_applications` (
  `id` int(11) NOT NULL AUTO_INCREMENT,
  `created_by` varchar(255) DEFAULT NULL,
  `created_at` datetime(6) DEFAULT NULL,
  `created_from` varchar(255) DEFAULT NULL,
  `modified_by` varchar(255) DEFAULT NULL,
  `modified_at` datetime(6) DEFAULT NULL,
  `modified_from` varchar(255) DEFAULT NULL,
  `is_archived` tinyint(1) NOT NULL,
  `archived_by` varchar(255) DEFAULT NULL,
  `archived_at` datetime(6) DEFAULT NULL,
  `archived_from` varchar(255) DEFAULT NULL,
  `is_shortlisted` tinyint(1) NOT NULL,
  `job` char(32) NOT NULL,
  `pro` char(32) DEFAULT NULL,
  `resume` varchar(100) DEFAULT NULL,
  `attachment` varchar(100) DEFAULT NULL,
  `application_notes` longtext,
  `application_status_id` int(11) DEFAULT NULL,
  `is_approved` tinyint(1) NOT NULL,
  PRIMARY KEY (`id`),
  KEY `job_applications_job_a598afcf_fk_jobs_id` (`job`),
  KEY `job_applications_pro_26ca59e4_fk_professionals_id` (`pro`),
  KEY `job_applications_application_status_i_b4db9606_fk_applicati` (`application_status_id`),
  CONSTRAINT `job_applications_application_status_i_b4db9606_fk_applicati` FOREIGN KEY (`application_status_id`) REFERENCES `application_statuses` (`id`),
  CONSTRAINT `job_applications_job_a598afcf_fk_jobs_id` FOREIGN KEY (`job`) REFERENCES `jobs` (`id`),
  CONSTRAINT `job_applications_pro_26ca59e4_fk_professionals_id` FOREIGN KEY (`pro`) REFERENCES `professionals` (`id`)
) ENGINE=InnoDB AUTO_INCREMENT=17 DEFAULT CHARSET=utf8;
/*!40101 SET character_set_client = @saved_cs_client */;

--
-- Dumping data for table `job_applications`
--

LOCK TABLES `job_applications` WRITE;
/*!40000 ALTER TABLE `job_applications` DISABLE KEYS */;
INSERT INTO `job_applications` VALUES (1,'6','2020-07-18 04:19:12.581609','127.0.0.1',NULL,NULL,NULL,0,NULL,NULL,NULL,0,'116f5561c71b40eeaaf9e86372f1f7c9','781d597065fe4136af3520c38eb8042b','','',NULL,NULL,0),(2,'6','2020-07-18 04:19:24.525885','127.0.0.1',NULL,NULL,NULL,0,NULL,NULL,NULL,0,'10ffa86496784a65a186336ab97b7bd6','781d597065fe4136af3520c38eb8042b','','',NULL,NULL,0),(3,'6','2020-07-18 04:19:42.632752','127.0.0.1',NULL,NULL,NULL,0,NULL,NULL,NULL,0,'e89067bb33524f17a8d1d8df9601b714','781d597065fe4136af3520c38eb8042b','','',NULL,NULL,0),(4,'6','2020-07-18 04:20:22.988455','127.0.0.1',NULL,NULL,NULL,0,NULL,NULL,NULL,0,'18b882dd66d14885a9a511a86c34dcb5','781d597065fe4136af3520c38eb8042b','','',NULL,NULL,0),(5,'6','2020-07-18 04:20:39.701251','127.0.0.1',NULL,NULL,NULL,0,NULL,NULL,NULL,0,'1e824e4b9da942348b9afe2bdd54500b','781d597065fe4136af3520c38eb8042b','','',NULL,NULL,0),(6,'6','2020-08-11 04:52:34.898222','127.0.0.1',NULL,NULL,NULL,0,NULL,NULL,NULL,0,'ab635de045d74b6380410aca0eb8081c','781d597065fe4136af3520c38eb8042b','','',NULL,NULL,0),(7,'6','2020-08-11 04:53:00.048884','127.0.0.1',NULL,NULL,NULL,0,NULL,NULL,NULL,0,'d6a93c0ce39b457b8e93bc57dbe87367','781d597065fe4136af3520c38eb8042b','','',NULL,NULL,0),(8,'6','2020-08-11 05:21:59.492610','127.0.0.1',NULL,NULL,NULL,0,NULL,NULL,NULL,0,'4dec763b0d44439b9619010569cc8209','781d597065fe4136af3520c38eb8042b','','',NULL,NULL,0),(9,'6','2020-08-11 05:28:57.239757','127.0.0.1',NULL,'2020-08-11 05:32:02.081890',NULL,0,NULL,NULL,NULL,1,'3e245a0ff1d845a0aade343265c23e46','781d597065fe4136af3520c38eb8042b','','',NULL,1,0),(10,'6','2020-08-11 05:49:39.506931','127.0.0.1',NULL,'2020-08-11 05:53:21.598383',NULL,0,NULL,NULL,NULL,1,'97f614ffef5e45659625bb220dbd2a56','781d597065fe4136af3520c38eb8042b','','',NULL,2,0),(11,'4','2020-08-11 06:05:50.982515','127.0.0.1',NULL,NULL,NULL,0,NULL,NULL,NULL,0,'3e245a0ff1d845a0aade343265c23e46','5ec333621826464fafe0501d0cf39fc8','','',NULL,NULL,0),(12,'4','2020-08-12 06:07:52.581830','127.0.0.1',NULL,NULL,NULL,0,NULL,NULL,NULL,0,'18b882dd66d14885a9a511a86c34dcb5','5ec333621826464fafe0501d0cf39fc8','','',NULL,NULL,0),(13,'4','2020-08-12 06:08:06.492328','127.0.0.1',NULL,NULL,NULL,0,NULL,NULL,NULL,0,'1e824e4b9da942348b9afe2bdd54500b','5ec333621826464fafe0501d0cf39fc8','','',NULL,NULL,0),(14,'6','2020-09-14 07:23:20.699660','127.0.0.1',NULL,NULL,NULL,0,NULL,NULL,NULL,0,'0711248315e942adbf1c75fa9c64ad66','781d597065fe4136af3520c38eb8042b','documents/resume-58bfc5ba-4517-4fb2-ac2a-50c5e1aeb0ad.pdf','','<p>Applied</p>',NULL,0),(15,'6','2020-09-14 07:23:55.878392','127.0.0.1',NULL,NULL,NULL,0,NULL,NULL,NULL,0,'0c3533d6cb684d70ae8473db347e8097','781d597065fe4136af3520c38eb8042b','documents/resume-e02d049f-0d00-4a7d-9a0a-94f0cd5172d2.pdf','','<p>Applied</p>',NULL,0),(16,'6','2020-09-14 07:41:48.091401','127.0.0.1',NULL,NULL,NULL,0,NULL,NULL,NULL,0,'1272cf8f06e44cd2ad6e5b430f8ac2f9','781d597065fe4136af3520c38eb8042b','documents/resume-2e9f47ba-3330-4e6f-b060-5dfcf43dab9c.pdf','','<p>Applied</p>',NULL,0);
/*!40000 ALTER TABLE `job_applications` ENABLE KEYS */;
UNLOCK TABLES;

--
-- Table structure for table `job_categories`
--

DROP TABLE IF EXISTS `job_categories`;
/*!40101 SET @saved_cs_client     = @@character_set_client */;
/*!40101 SET character_set_client = utf8 */;
CREATE TABLE `job_categories` (
  `name` varchar(255) NOT NULL,
  `created_by` varchar(255) DEFAULT NULL,
  `created_at` datetime(6) DEFAULT NULL,
  `created_from` varchar(255) DEFAULT NULL,
  `modified_by` varchar(255) DEFAULT NULL,
  `modified_at` datetime(6) DEFAULT NULL,
  `modified_from` varchar(255) DEFAULT NULL,
  `is_archived` tinyint(1) NOT NULL,
  `archived_by` varchar(255) DEFAULT NULL,
  `archived_at` datetime(6) DEFAULT NULL,
  `archived_from` varchar(255) DEFAULT NULL,
  PRIMARY KEY (`name`)
) ENGINE=InnoDB DEFAULT CHARSET=utf8;
/*!40101 SET character_set_client = @saved_cs_client */;

--
-- Dumping data for table `job_categories`
--

LOCK TABLES `job_categories` WRITE;
/*!40000 ALTER TABLE `job_categories` DISABLE KEYS */;
INSERT INTO `job_categories` VALUES ('Job Category Example Five','1','2020-07-14 04:12:14.354166','127.0.0.1',NULL,NULL,NULL,0,NULL,NULL,NULL),('Job Category Example Four','1','2020-07-14 04:12:06.419804','127.0.0.1',NULL,NULL,NULL,0,NULL,NULL,NULL),('Job Category Example One','1','2020-07-14 04:11:34.842677','127.0.0.1',NULL,NULL,NULL,0,NULL,NULL,NULL),('Job Category Example Three','1','2020-07-14 04:11:57.842672','127.0.0.1',NULL,NULL,NULL,0,NULL,NULL,NULL),('Job Category Example Two','1','2020-07-14 04:11:44.981810','127.0.0.1',NULL,NULL,NULL,0,NULL,NULL,NULL);
/*!40000 ALTER TABLE `job_categories` ENABLE KEYS */;
UNLOCK TABLES;

--
-- Table structure for table `job_genders`
--

DROP TABLE IF EXISTS `job_genders`;
/*!40101 SET @saved_cs_client     = @@character_set_client */;
/*!40101 SET character_set_client = utf8 */;
CREATE TABLE `job_genders` (
  `name` varchar(255) NOT NULL,
  `created_by` varchar(255) DEFAULT NULL,
  `created_at` datetime(6) DEFAULT NULL,
  `created_from` varchar(255) DEFAULT NULL,
  `modified_by` varchar(255) DEFAULT NULL,
  `modified_at` datetime(6) DEFAULT NULL,
  `modified_from` varchar(255) DEFAULT NULL,
  `is_archived` tinyint(1) NOT NULL,
  `archived_by` varchar(255) DEFAULT NULL,
  `archived_at` datetime(6) DEFAULT NULL,
  `archived_from` varchar(255) DEFAULT NULL,
  PRIMARY KEY (`name`)
) ENGINE=InnoDB DEFAULT CHARSET=utf8;
/*!40101 SET character_set_client = @saved_cs_client */;

--
-- Dumping data for table `job_genders`
--

LOCK TABLES `job_genders` WRITE;
/*!40000 ALTER TABLE `job_genders` DISABLE KEYS */;
INSERT INTO `job_genders` VALUES ('Any','1','2020-07-14 04:09:39.757655','127.0.0.1',NULL,NULL,NULL,0,NULL,NULL,NULL),('Female','1','2020-07-14 04:09:34.097267','127.0.0.1',NULL,NULL,NULL,0,NULL,NULL,NULL),('Male','1','2020-07-14 04:09:27.429223','127.0.0.1',NULL,NULL,NULL,0,NULL,NULL,NULL);
/*!40000 ALTER TABLE `job_genders` ENABLE KEYS */;
UNLOCK TABLES;

--
-- Table structure for table `job_sources`
--

DROP TABLE IF EXISTS `job_sources`;
/*!40101 SET @saved_cs_client     = @@character_set_client */;
/*!40101 SET character_set_client = utf8 */;
CREATE TABLE `job_sources` (
  `name` varchar(255) NOT NULL,
  `description` varchar(255) DEFAULT NULL,
  `url` varchar(255) DEFAULT NULL,
  `created_by` varchar(255) DEFAULT NULL,
  `created_at` datetime(6) DEFAULT NULL,
  `created_from` varchar(255) DEFAULT NULL,
  `modified_by` varchar(255) DEFAULT NULL,
  `modified_at` datetime(6) DEFAULT NULL,
  `modified_from` varchar(255) DEFAULT NULL,
  `is_archived` tinyint(1) NOT NULL,
  `archived_by` varchar(255) DEFAULT NULL,
  `archived_at` datetime(6) DEFAULT NULL,
  `archived_from` varchar(255) DEFAULT NULL,
  PRIMARY KEY (`name`)
) ENGINE=InnoDB DEFAULT CHARSET=utf8;
/*!40101 SET character_set_client = @saved_cs_client */;

--
-- Dumping data for table `job_sources`
--

LOCK TABLES `job_sources` WRITE;
/*!40000 ALTER TABLE `job_sources` DISABLE KEYS */;
INSERT INTO `job_sources` VALUES ('Job Source One','job source description','jobsourceurl.com','1','2020-07-14 04:18:49.497164','127.0.0.1',NULL,NULL,NULL,0,NULL,NULL,NULL),('Job Source Three','job source description','jobsourceurl3.com','1','2020-07-14 04:19:34.009134','127.0.0.1',NULL,NULL,NULL,0,NULL,NULL,NULL),('Job Source Two','job source description','jobsourceurl2.com','1','2020-07-14 04:19:14.952062','127.0.0.1',NULL,NULL,NULL,0,NULL,NULL,NULL);
/*!40000 ALTER TABLE `job_sources` ENABLE KEYS */;
UNLOCK TABLES;

--
-- Table structure for table `job_types`
--

DROP TABLE IF EXISTS `job_types`;
/*!40101 SET @saved_cs_client     = @@character_set_client */;
/*!40101 SET character_set_client = utf8 */;
CREATE TABLE `job_types` (
  `name` varchar(255) NOT NULL,
  `archived_at` datetime(6) DEFAULT NULL,
  `archived_by` varchar(255) DEFAULT NULL,
  `archived_from` varchar(255) DEFAULT NULL,
  `created_at` datetime(6) DEFAULT NULL,
  `created_by` varchar(255) DEFAULT NULL,
  `created_from` varchar(255) DEFAULT NULL,
  `is_archived` tinyint(1) NOT NULL,
  `modified_at` datetime(6) DEFAULT NULL,
  `modified_by` varchar(255) DEFAULT NULL,
  `modified_from` varchar(255) DEFAULT NULL,
  PRIMARY KEY (`name`)
) ENGINE=InnoDB DEFAULT CHARSET=utf8;
/*!40101 SET character_set_client = @saved_cs_client */;

--
-- Dumping data for table `job_types`
--

LOCK TABLES `job_types` WRITE;
/*!40000 ALTER TABLE `job_types` DISABLE KEYS */;
INSERT INTO `job_types` VALUES ('Contractual',NULL,NULL,NULL,NULL,NULL,NULL,0,NULL,NULL,NULL),('Internship',NULL,NULL,NULL,NULL,NULL,NULL,0,NULL,NULL,NULL),('Permanent (Full-time)',NULL,NULL,NULL,NULL,NULL,NULL,0,NULL,NULL,NULL),('Permanent (Part-time)',NULL,NULL,NULL,NULL,NULL,NULL,0,NULL,NULL,NULL);
/*!40000 ALTER TABLE `job_types` ENABLE KEYS */;
UNLOCK TABLES;

--
-- Table structure for table `jobs`
--

DROP TABLE IF EXISTS `jobs`;
/*!40101 SET @saved_cs_client     = @@character_set_client */;
/*!40101 SET character_set_client = utf8 */;
CREATE TABLE `jobs` (
  `id` char(32) NOT NULL,
  `title` varchar(255) NOT NULL,
  `address` varchar(50) DEFAULT NULL,
  `salary_min` decimal(10,2) DEFAULT NULL,
  `salary_max` decimal(10,2) DEFAULT NULL,
  `application_deadline` date DEFAULT NULL,
  `description` longtext,
  `responsibilities` longtext,
  `education` longtext,
  `other_benefits` longtext,
  `company_address` varchar(255) DEFAULT NULL,
  `latitude` decimal(10,2) DEFAULT NULL,
  `longitude` decimal(10,2) DEFAULT NULL,
  `experience` int(10) unsigned DEFAULT NULL,
  `qualification` varchar(255) DEFAULT NULL,
  `company_profile` longtext,
  `currency` varchar(255) DEFAULT NULL,
  `vacancy` int(10) unsigned DEFAULT NULL,
  `salary` varchar(255) DEFAULT NULL,
  `terms_and_condition` tinyint(1) NOT NULL,
  `raw_content` longtext,
  `company_id` varchar(255) NOT NULL,
  `slug` varchar(255) DEFAULT NULL,
  `applied_count` int(10) unsigned NOT NULL,
  `favorite_count` int(10) unsigned NOT NULL,
  `additional_requirements` longtext,
  `approve_date` datetime(6) DEFAULT NULL,
  `archived_at` datetime(6) DEFAULT NULL,
  `archived_by` varchar(255) DEFAULT NULL,
  `archived_from` varchar(255) DEFAULT NULL,
  `company_area` varchar(255) DEFAULT NULL,
  `company_city` varchar(255) DEFAULT NULL,
  `company_country` varchar(255) DEFAULT NULL,
  `created_at` datetime(6) DEFAULT NULL,
  `created_by` varchar(255) DEFAULT NULL,
  `created_from` varchar(255) DEFAULT NULL,
  `creator_type` varchar(20) NOT NULL,
  `is_archived` tinyint(1) NOT NULL,
  `job_area` varchar(255) DEFAULT NULL,
  `job_city` varchar(255) DEFAULT NULL,
  `job_country` varchar(255) DEFAULT NULL,
  `job_nature` varchar(20) NOT NULL,
  `job_site` varchar(20) NOT NULL,
  `job_type` varchar(20) NOT NULL,
  `job_url_1` varchar(255) DEFAULT NULL,
  `job_url_2` varchar(255) DEFAULT NULL,
  `job_url_3` varchar(255) DEFAULT NULL,
  `modified_at` datetime(6) DEFAULT NULL,
  `modified_by` varchar(255) DEFAULT NULL,
  `modified_from` varchar(255) DEFAULT NULL,
  `post_date` datetime(6) DEFAULT NULL,
  `publish_date` datetime(6) DEFAULT NULL,
  `review_date` datetime(6) DEFAULT NULL,
  `status` varchar(20) NOT NULL,
  `job_category` varchar(255) DEFAULT NULL,
  `job_gender` varchar(255) DEFAULT NULL,
  `job_source_1` varchar(255) DEFAULT NULL,
  `job_source_2` varchar(255) DEFAULT NULL,
  `job_source_3` varchar(255) DEFAULT NULL,
  `featured` tinyint(1) NOT NULL,
  `locked_by` varchar(255) DEFAULT NULL,
  `approved_by` varchar(255) DEFAULT NULL,
  `posted_by` varchar(255) DEFAULT NULL,
  `published_by` varchar(255) DEFAULT NULL,
  `reviewed_by` varchar(255) DEFAULT NULL,
  `salary_option` varchar(20) NOT NULL,
  PRIMARY KEY (`id`),
  UNIQUE KEY `jobs_slug_44de2c8b_uniq` (`slug`),
  KEY `jobs_qualification_a14a4f5b_fk_qualifications_name` (`qualification`),
  KEY `jobs_currency_a3528bbb_fk_currencies_name` (`currency`),
  KEY `jobs_job_source_1_1d127aa0_fk_job_sources_name` (`job_source_1`),
  KEY `jobs_job_source_2_63b94972_fk_job_sources_name` (`job_source_2`),
  KEY `jobs_job_source_3_cefd5d87_fk_job_sources_name` (`job_source_3`),
  KEY `jobs_job_category_f7fb28f2_fk_job_categories_name` (`job_category`),
  KEY `jobs_job_gender_b43e3940_fk_job_genders_name` (`job_gender`),
  KEY `jobs_company_id_ded082d2_fk_companies_name` (`company_id`),
  CONSTRAINT `jobs_company_id_ded082d2_fk_companies_name` FOREIGN KEY (`company_id`) REFERENCES `companies` (`name`),
  CONSTRAINT `jobs_currency_a3528bbb_fk_currencies_name` FOREIGN KEY (`currency`) REFERENCES `currencies` (`name`),
  CONSTRAINT `jobs_job_category_f7fb28f2_fk_job_categories_name` FOREIGN KEY (`job_category`) REFERENCES `job_categories` (`name`),
  CONSTRAINT `jobs_job_gender_b43e3940_fk_job_genders_name` FOREIGN KEY (`job_gender`) REFERENCES `job_genders` (`name`),
  CONSTRAINT `jobs_job_source_1_1d127aa0_fk_job_sources_name` FOREIGN KEY (`job_source_1`) REFERENCES `job_sources` (`name`),
  CONSTRAINT `jobs_job_source_2_63b94972_fk_job_sources_name` FOREIGN KEY (`job_source_2`) REFERENCES `job_sources` (`name`),
  CONSTRAINT `jobs_job_source_3_cefd5d87_fk_job_sources_name` FOREIGN KEY (`job_source_3`) REFERENCES `job_sources` (`name`),
  CONSTRAINT `jobs_qualification_a14a4f5b_fk_qualifications_name` FOREIGN KEY (`qualification`) REFERENCES `qualifications` (`name`)
) ENGINE=InnoDB DEFAULT CHARSET=utf8;
/*!40101 SET character_set_client = @saved_cs_client */;

--
-- Dumping data for table `jobs`
--

LOCK TABLES `jobs` WRITE;
/*!40000 ALTER TABLE `jobs` DISABLE KEYS */;
INSERT INTO `jobs` VALUES ('0711248315e942adbf1c75fa9c64ad66','Job Post Example Four','Badda, Gulsan',10000.00,20000.00,'2022-01-01','Job Description Example is here. Job Description Example is here. Job Description Example is here. Job Description Example is here. Job Description Example is here. Job Description Example is here. Job Description Example is here. Job Description Example is here. Job Description Example is here. Job Description Example is here. Job Description Example is here. Job Description Example is here. Job Description Example is here. Job Description Example is here. Job Description Example is here. Job Description Example is here. Job Description Example is here. Job Description Example is here. Job Description Example is here. Job Description Example is here. Job Description Example is here. Job Description Example is here.','Job Responsibilities are. Job Responsibilities are. Job Responsibilities are. Job Responsibilities are. Job Responsibilities are. Job Responsibilities are. Job Responsibilities are. Job Responsibilities are. Job Responsibilities are. Job Responsibilities are. Job Responsibilities are. Job Responsibilities are. Job Responsibilities are. Job Responsibilities are. Job Responsibilities are. Job Responsibilities are. Job Responsibilities are. Job Responsibilities are. Job Responsibilities are. Job Responsibilities are. Job Responsibilities are. Job Responsibilities are. Job Responsibilities are. Job Responsibilities are. Job Responsibilities are. Job Responsibilities are. Job Responsibilities are. Job Responsibilities are. Job Responsibilities are. Job Responsibilities are. Job Responsibilities are.','Job Education is here. Job Education is here. Job Education is here. Job Education is here. Job Education is here. Job Education is here. Job Education is here. Job Education is here. Job Education is here. Job Education is here. Job Education is here. Job Education is here. Job Education is here. Job Education is here. Job Education is here. Job Education is here. Job Education is here. Job Education is here. Job Education is here. Job Education is here. Job Education is here. Job Education is here. Job Education is here. Job Education is here. Job Education is here. Job Education is here. Job Education is here. Job Education is here. Job Education is here. Job Education is here. Job Education is here. Job Education is here. Job Education is here. Job Education is here. Job Education is here. Job Education is here. Job Education is here.','Other benefits example. Other benefits example. Other benefits example. Other benefits example. Other benefits example. Other benefits example. Other benefits example. Other benefits example. Other benefits example. Other benefits example. Other benefits example. Other benefits example. Other benefits example. Other benefits example. Other benefits example. Other benefits example. Other benefits example. Other benefits example. Other benefits example. Other benefits example. Other benefits example. Other benefits example. Other benefits example. Other benefits example. Other benefits example. Other benefits example. Other benefits example. Other benefits example. Other benefits example.',NULL,NULL,NULL,3,'Qualification Example One','Company Profile Example. Company Profile Example. Company Profile Example. Company Profile Example. Company Profile Example. Company Profile Example. Company Profile Example. Company Profile Example. Company Profile Example. Company Profile Example. Company Profile Example. Company Profile Example. Company Profile Example. Company Profile Example. Company Profile Example.','BDT',1,NULL,0,'','Company Example','job-post-example-four-9c64ad66',1,0,'Additional Education is here. Additional Education is here. Additional Education is here. Additional Education is here. Additional Education is here. Additional Education is here. Additional Education is here. Additional Education is here. Additional Education is here. Additional Education is here. Additional Education is here. Additional Education is here. Additional Education is here. Additional Education is here. Additional Education is here. Additional Education is here. Additional Education is here. Additional Education is here. Additional Education is here. Additional Education is here. Additional Education is here. Additional Education is here. Additional Education is here. Additional Education is here. Additional Education is here. Additional Education is here. Additional Education is here. Additional Education is here.',NULL,NULL,NULL,NULL,'Company Area','Dhaka, Bangladesh','Dhaka','2020-07-14 04:42:29.104470','1','127.0.0.1','OPERATOR',0,'Job Area','Dhaka, Bangladesh','Dhaka','PARTTIME','ONSITE','CONTRACTUAL',NULL,NULL,NULL,'2020-09-14 07:23:20.721091',NULL,NULL,'2020-07-14 04:41:23.000000',NULL,NULL,'PUBLISHED','Job Category Example One','Any',NULL,NULL,NULL,1,NULL,NULL,NULL,NULL,NULL,'AMOUNT'),('0c3533d6cb684d70ae8473db347e8097','Job Post Example Fourteen','Badda, Gulsan',15000.00,20000.00,'2022-01-01','<p>Job Description Example is here. Job Description Example is here. Job Description Example is here. Job Description Example is here. Job Description Example is here. Job Description Example is here. Job Description Example is here. Job Description Example is here. Job Description Example is here. Job Description Example is here. Job Description Example is here. Job Description Example is here. Job Description Example is here. Job Description Example is here. Job Description Example is here. Job Description Example is here. Job Description Example is here. Job Description Example is here. Job Description Example is here. Job Description Example is here. Job Description Example is here. Job Description Example is here.</p>','<p>Job Responsibilities are. Job Responsibilities are. Job Responsibilities are. Job Responsibilities are. Job Responsibilities are. Job Responsibilities are. Job Responsibilities are. Job Responsibilities are. Job Responsibilities are. Job Responsibilities are. Job Responsibilities are. Job Responsibilities are. Job Responsibilities are. Job Responsibilities are. Job Responsibilities are. Job Responsibilities are. Job Responsibilities are. Job Responsibilities are. Job Responsibilities are. Job Responsibilities are. Job Responsibilities are. Job Responsibilities are. Job Responsibilities are. Job Responsibilities are. Job Responsibilities are. Job Responsibilities are. Job Responsibilities are. Job Responsibilities are. Job Responsibilities are. Job Responsibilities are. Job Responsibilities are.</p>','<p>Job Education is here. Job Education is here. Job Education is here. Job Education is here. Job Education is here. Job Education is here. Job Education is here. Job Education is here. Job Education is here. Job Education is here. Job Education is here. Job Education is here. Job Education is here. Job Education is here. Job Education is here. Job Education is here. Job Education is here. Job Education is here. Job Education is here. Job Education is here. Job Education is here. Job Education is here. Job Education is here. Job Education is here. Job Education is here. Job Education is here. Job Education is here. Job Education is here. Job Education is here. Job Education is here. Job Education is here. Job Education is here. Job Education is here. Job Education is here. Job Education is here. Job Education is here. Job Education is here.</p>','<p>Other benefits example. Other benefits example. Other benefits example. Other benefits example. Other benefits example. Other benefits example. Other benefits example. Other benefits example. Other benefits example. Other benefits example. Other benefits example. Other benefits example. Other benefits example. Other benefits example. Other benefits example. Other benefits example. Other benefits example. Other benefits example. Other benefits example. Other benefits example. Other benefits example. Other benefits example. Other benefits example. Other benefits example. Other benefits example. Other benefits example. Other benefits example. Other benefits example. Other benefits example.</p>',NULL,NULL,NULL,8,'Qualification Example Two','<p>Company Profile Example. Company Profile Example. Company Profile Example. Company Profile Example. Company Profile Example. Company Profile Example. Company Profile Example. Company Profile Example. Company Profile Example. Company Profile Example. Company Profile Example. Company Profile Example. Company Profile Example. Company Profile Example. Company Profile Example.</p>','USD',1,NULL,0,'','Company Example Two','job-post-example-fourteen-347e8097',1,1,'<p>Additional Education is here. Additional Education is here. Additional Education is here. Additional Education is here. Additional Education is here. Additional Education is here. Additional Education is here. Additional Education is here. Additional Education is here. Additional Education is here. Additional Education is here. Additional Education is here. Additional Education is here. Additional Education is here. Additional Education is here. Additional Education is here. Additional Education is here. Additional Education is here. Additional Education is here. Additional Education is here. Additional Education is here. Additional Education is here. Additional Education is here. Additional Education is here. Additional Education is here. Additional Education is here. Additional Education is here. Additional Education is here.</p>',NULL,NULL,NULL,NULL,'Company Area','Bangladesh,Chattagram','Bangladesh','2020-07-14 04:51:05.533448','1','127.0.0.1','OPERATOR',0,'Job Area','Bangladesh,Rangpur','Bangladesh','PARTTIME','ONSITE','PERMANENT',NULL,NULL,NULL,'2020-09-14 07:23:55.885707','1','127.0.0.1','2020-07-14 04:41:23.000000',NULL,NULL,'PUBLISHED','Job Category Example Three','Female',NULL,NULL,NULL,1,NULL,NULL,NULL,NULL,NULL,'AMOUNT'),('10ffa86496784a65a186336ab97b7bd6','Job Post Example Eleven','Badda, Gulsan',50000.00,60000.00,'2022-01-01','Job Description Example is here. Job Description Example is here. Job Description Example is here. Job Description Example is here. Job Description Example is here. Job Description Example is here. Job Description Example is here. Job Description Example is here. Job Description Example is here. Job Description Example is here. Job Description Example is here. Job Description Example is here. Job Description Example is here. Job Description Example is here. Job Description Example is here. Job Description Example is here. Job Description Example is here. Job Description Example is here. Job Description Example is here. Job Description Example is here. Job Description Example is here. Job Description Example is here.','Job Responsibilities are. Job Responsibilities are. Job Responsibilities are. Job Responsibilities are. Job Responsibilities are. Job Responsibilities are. Job Responsibilities are. Job Responsibilities are. Job Responsibilities are. Job Responsibilities are. Job Responsibilities are. Job Responsibilities are. Job Responsibilities are. Job Responsibilities are. Job Responsibilities are. Job Responsibilities are. Job Responsibilities are. Job Responsibilities are. Job Responsibilities are. Job Responsibilities are. Job Responsibilities are. Job Responsibilities are. Job Responsibilities are. Job Responsibilities are. Job Responsibilities are. Job Responsibilities are. Job Responsibilities are. Job Responsibilities are. Job Responsibilities are. Job Responsibilities are. Job Responsibilities are.','Job Education is here. Job Education is here. Job Education is here. Job Education is here. Job Education is here. Job Education is here. Job Education is here. Job Education is here. Job Education is here. Job Education is here. Job Education is here. Job Education is here. Job Education is here. Job Education is here. Job Education is here. Job Education is here. Job Education is here. Job Education is here. Job Education is here. Job Education is here. Job Education is here. Job Education is here. Job Education is here. Job Education is here. Job Education is here. Job Education is here. Job Education is here. Job Education is here. Job Education is here. Job Education is here. Job Education is here. Job Education is here. Job Education is here. Job Education is here. Job Education is here. Job Education is here. Job Education is here.','Other benefits example. Other benefits example. Other benefits example. Other benefits example. Other benefits example. Other benefits example. Other benefits example. Other benefits example. Other benefits example. Other benefits example. Other benefits example. Other benefits example. Other benefits example. Other benefits example. Other benefits example. Other benefits example. Other benefits example. Other benefits example. Other benefits example. Other benefits example. Other benefits example. Other benefits example. Other benefits example. Other benefits example. Other benefits example. Other benefits example. Other benefits example. Other benefits example. Other benefits example.',NULL,NULL,NULL,5,'Qualification Example One','Company Profile Example. Company Profile Example. Company Profile Example. Company Profile Example. Company Profile Example. Company Profile Example. Company Profile Example. Company Profile Example. Company Profile Example. Company Profile Example. Company Profile Example. Company Profile Example. Company Profile Example. Company Profile Example. Company Profile Example.','BDT',1,NULL,0,'','Company Example','job-post-example-eleven-b97b7bd6',1,0,'Additional Education is here. Additional Education is here. Additional Education is here. Additional Education is here. Additional Education is here. Additional Education is here. Additional Education is here. Additional Education is here. Additional Education is here. Additional Education is here. Additional Education is here. Additional Education is here. Additional Education is here. Additional Education is here. Additional Education is here. Additional Education is here. Additional Education is here. Additional Education is here. Additional Education is here. Additional Education is here. Additional Education is here. Additional Education is here. Additional Education is here. Additional Education is here. Additional Education is here. Additional Education is here. Additional Education is here. Additional Education is here.',NULL,NULL,NULL,NULL,'Company Area','Dhaka, Bangladesh','Bangladesh','2020-07-14 04:48:14.520893','1','127.0.0.1','OPERATOR',0,'Job Area','Dhaka, Bangladesh','Bangladesh','PARTTIME','ONSITE','PERMANENT',NULL,NULL,NULL,'2020-07-18 04:19:24.556842',NULL,NULL,'2020-07-14 04:41:23.000000',NULL,NULL,'PUBLISHED','Job Category Example Two','Male',NULL,NULL,NULL,1,NULL,NULL,NULL,NULL,NULL,'AMOUNT'),('116f5561c71b40eeaaf9e86372f1f7c9','Job Post Example Fourteen Double','Badda, Gulsan',15000.00,20000.00,'2022-01-01','<p>Job Description Example is here. Job Description Example is here. Job Description Example is here. Job Description Example is here. Job Description Example is here. Job Description Example is here. Job Description Example is here. Job Description Example is here. Job Description Example is here. Job Description Example is here. Job Description Example is here. Job Description Example is here. Job Description Example is here. Job Description Example is here. Job Description Example is here. Job Description Example is here. Job Description Example is here. Job Description Example is here. Job Description Example is here. Job Description Example is here. Job Description Example is here. Job Description Example is here.</p>','<p>Job Responsibilities are. Job Responsibilities are. Job Responsibilities are. Job Responsibilities are. Job Responsibilities are. Job Responsibilities are. Job Responsibilities are. Job Responsibilities are. Job Responsibilities are. Job Responsibilities are. Job Responsibilities are. Job Responsibilities are. Job Responsibilities are. Job Responsibilities are. Job Responsibilities are. Job Responsibilities are. Job Responsibilities are. Job Responsibilities are. Job Responsibilities are. Job Responsibilities are. Job Responsibilities are. Job Responsibilities are. Job Responsibilities are. Job Responsibilities are. Job Responsibilities are. Job Responsibilities are. Job Responsibilities are. Job Responsibilities are. Job Responsibilities are. Job Responsibilities are. Job Responsibilities are.</p>','<p>Job Education is here. Job Education is here. Job Education is here. Job Education is here. Job Education is here. Job Education is here. Job Education is here. Job Education is here. Job Education is here. Job Education is here. Job Education is here. Job Education is here. Job Education is here. Job Education is here. Job Education is here. Job Education is here. Job Education is here. Job Education is here. Job Education is here. Job Education is here. Job Education is here. Job Education is here. Job Education is here. Job Education is here. Job Education is here. Job Education is here. Job Education is here. Job Education is here. Job Education is here. Job Education is here. Job Education is here. Job Education is here. Job Education is here. Job Education is here. Job Education is here. Job Education is here. Job Education is here.</p>','<p>Other benefits example. Other benefits example. Other benefits example. Other benefits example. Other benefits example. Other benefits example. Other benefits example. Other benefits example. Other benefits example. Other benefits example. Other benefits example. Other benefits example. Other benefits example. Other benefits example. Other benefits example. Other benefits example. Other benefits example. Other benefits example. Other benefits example. Other benefits example. Other benefits example. Other benefits example. Other benefits example. Other benefits example. Other benefits example. Other benefits example. Other benefits example. Other benefits example. Other benefits example.</p>',NULL,NULL,NULL,8,'Qualification Example Two','<p>Company Profile Example. Company Profile Example. Company Profile Example. Company Profile Example. Company Profile Example. Company Profile Example. Company Profile Example. Company Profile Example. Company Profile Example. Company Profile Example. Company Profile Example. Company Profile Example. Company Profile Example. Company Profile Example. Company Profile Example.</p>','USD',1,NULL,0,'','Company Example Two','job-post-example-fourteen-72f1f7c9',1,1,'<p>Additional Education is here. Additional Education is here. Additional Education is here. Additional Education is here. Additional Education is here. Additional Education is here. Additional Education is here. Additional Education is here. Additional Education is here. Additional Education is here. Additional Education is here. Additional Education is here. Additional Education is here. Additional Education is here. Additional Education is here. Additional Education is here. Additional Education is here. Additional Education is here. Additional Education is here. Additional Education is here. Additional Education is here. Additional Education is here. Additional Education is here. Additional Education is here. Additional Education is here. Additional Education is here. Additional Education is here. Additional Education is here.</p>',NULL,NULL,NULL,NULL,'Company Area','Bangladesh,Khulna','Bangladesh','2020-07-14 04:51:31.233298','1','127.0.0.1','OPERATOR',0,'Job Area','Bangladesh,Dhaka','Bangladesh','PARTTIME','ONSITE','PERMANENT',NULL,NULL,NULL,'2020-08-11 04:55:26.775664','1','127.0.0.1','2020-07-14 04:41:23.000000',NULL,NULL,'PUBLISHED','Job Category Example One','Any',NULL,NULL,NULL,1,NULL,NULL,NULL,NULL,NULL,'AMOUNT'),('1272cf8f06e44cd2ad6e5b430f8ac2f9','Job Post Example Twenty One','Badda, Gulsan',NULL,NULL,'2022-01-02','Job Description Example is here. Job Description Example is here. Job Description Example is here. Job Description Example is here. Job Description Example is here. Job Description Example is here. Job Description Example is here. Job Description Example is here. Job Description Example is here. Job Description Example is here. Job Description Example is here. Job Description Example is here. Job Description Example is here. Job Description Example is here. Job Description Example is here. Job Description Example is here. Job Description Example is here. Job Description Example is here. Job Description Example is here. Job Description Example is here. Job Description Example is here. Job Description Example is here.','Job Responsibilities are. Job Responsibilities are. Job Responsibilities are. Job Responsibilities are. Job Responsibilities are. Job Responsibilities are. Job Responsibilities are. Job Responsibilities are. Job Responsibilities are. Job Responsibilities are. Job Responsibilities are. Job Responsibilities are. Job Responsibilities are. Job Responsibilities are. Job Responsibilities are. Job Responsibilities are. Job Responsibilities are. Job Responsibilities are. Job Responsibilities are. Job Responsibilities are. Job Responsibilities are. Job Responsibilities are. Job Responsibilities are. Job Responsibilities are. Job Responsibilities are. Job Responsibilities are. Job Responsibilities are. Job Responsibilities are. Job Responsibilities are. Job Responsibilities are. Job Responsibilities are.','Job Education is here. Job Education is here. Job Education is here. Job Education is here. Job Education is here. Job Education is here. Job Education is here. Job Education is here. Job Education is here. Job Education is here. Job Education is here. Job Education is here. Job Education is here. Job Education is here. Job Education is here. Job Education is here. Job Education is here. Job Education is here. Job Education is here. Job Education is here. Job Education is here. Job Education is here. Job Education is here. Job Education is here. Job Education is here. Job Education is here. Job Education is here. Job Education is here. Job Education is here. Job Education is here. Job Education is here. Job Education is here. Job Education is here. Job Education is here. Job Education is here. Job Education is here. Job Education is here.','Other benefits example. Other benefits example. Other benefits example. Other benefits example. Other benefits example. Other benefits example. Other benefits example. Other benefits example. Other benefits example. Other benefits example. Other benefits example. Other benefits example. Other benefits example. Other benefits example. Other benefits example. Other benefits example. Other benefits example. Other benefits example. Other benefits example. Other benefits example. Other benefits example. Other benefits example. Other benefits example. Other benefits example. Other benefits example. Other benefits example. Other benefits example. Other benefits example. Other benefits example.',NULL,NULL,NULL,2,'Qualification Example One','Company Profile Example. Company Profile Example. Company Profile Example. Company Profile Example. Company Profile Example. Company Profile Example. Company Profile Example. Company Profile Example. Company Profile Example. Company Profile Example. Company Profile Example. Company Profile Example. Company Profile Example. Company Profile Example. Company Profile Example.','BDT',1,NULL,0,'','Company Example','job-post-example-twenty-one-0f8ac2f9',1,1,'Additional Education is here. Additional Education is here. Additional Education is here. Additional Education is here. Additional Education is here. Additional Education is here. Additional Education is here. Additional Education is here. Additional Education is here. Additional Education is here. Additional Education is here. Additional Education is here. Additional Education is here. Additional Education is here. Additional Education is here. Additional Education is here. Additional Education is here. Additional Education is here. Additional Education is here. Additional Education is here. Additional Education is here. Additional Education is here. Additional Education is here. Additional Education is here. Additional Education is here. Additional Education is here. Additional Education is here. Additional Education is here.',NULL,NULL,NULL,NULL,'Company Area','Dhaka, Bangladesh','Dhaka','2020-07-14 04:58:45.379379','1','127.0.0.1','OPERATOR',0,'Job Area','Khulna, Bangladesh','Khulna','FULLTIME','ONSITE','CONTRACTUAL',NULL,NULL,NULL,'2020-09-14 07:41:48.106684',NULL,NULL,'2020-07-14 04:41:23.000000',NULL,NULL,'PUBLISHED','Job Category Example Two','Male',NULL,NULL,NULL,1,NULL,NULL,NULL,NULL,NULL,'AMOUNT'),('15c98cfb735445829846f0b22452b850','Job Post Example Twenty Four','Badda, Gulsan',NULL,NULL,'2022-01-02','Job Description Example is here. Job Description Example is here. Job Description Example is here. Job Description Example is here. Job Description Example is here. Job Description Example is here. Job Description Example is here. Job Description Example is here. Job Description Example is here. Job Description Example is here. Job Description Example is here. Job Description Example is here. Job Description Example is here. Job Description Example is here. Job Description Example is here. Job Description Example is here. Job Description Example is here. Job Description Example is here. Job Description Example is here. Job Description Example is here. Job Description Example is here. Job Description Example is here.','Job Responsibilities are. Job Responsibilities are. Job Responsibilities are. Job Responsibilities are. Job Responsibilities are. Job Responsibilities are. Job Responsibilities are. Job Responsibilities are. Job Responsibilities are. Job Responsibilities are. Job Responsibilities are. Job Responsibilities are. Job Responsibilities are. Job Responsibilities are. Job Responsibilities are. Job Responsibilities are. Job Responsibilities are. Job Responsibilities are. Job Responsibilities are. Job Responsibilities are. Job Responsibilities are. Job Responsibilities are. Job Responsibilities are. Job Responsibilities are. Job Responsibilities are. Job Responsibilities are. Job Responsibilities are. Job Responsibilities are. Job Responsibilities are. Job Responsibilities are. Job Responsibilities are.','Job Education is here. Job Education is here. Job Education is here. Job Education is here. Job Education is here. Job Education is here. Job Education is here. Job Education is here. Job Education is here. Job Education is here. Job Education is here. Job Education is here. Job Education is here. Job Education is here. Job Education is here. Job Education is here. Job Education is here. Job Education is here. Job Education is here. Job Education is here. Job Education is here. Job Education is here. Job Education is here. Job Education is here. Job Education is here. Job Education is here. Job Education is here. Job Education is here. Job Education is here. Job Education is here. Job Education is here. Job Education is here. Job Education is here. Job Education is here. Job Education is here. Job Education is here. Job Education is here.','Other benefits example. Other benefits example. Other benefits example. Other benefits example. Other benefits example. Other benefits example. Other benefits example. Other benefits example. Other benefits example. Other benefits example. Other benefits example. Other benefits example. Other benefits example. Other benefits example. Other benefits example. Other benefits example. Other benefits example. Other benefits example. Other benefits example. Other benefits example. Other benefits example. Other benefits example. Other benefits example. Other benefits example. Other benefits example. Other benefits example. Other benefits example. Other benefits example. Other benefits example.',NULL,NULL,NULL,8,'Qualification Example One','Company Profile Example. Company Profile Example. Company Profile Example. Company Profile Example. Company Profile Example. Company Profile Example. Company Profile Example. Company Profile Example. Company Profile Example. Company Profile Example. Company Profile Example. Company Profile Example. Company Profile Example. Company Profile Example. Company Profile Example.','BDT',1,NULL,0,'','Company Example','job-post-example-twenty-four-2452b850',0,1,'Additional Education is here. Additional Education is here. Additional Education is here. Additional Education is here. Additional Education is here. Additional Education is here. Additional Education is here. Additional Education is here. Additional Education is here. Additional Education is here. Additional Education is here. Additional Education is here. Additional Education is here. Additional Education is here. Additional Education is here. Additional Education is here. Additional Education is here. Additional Education is here. Additional Education is here. Additional Education is here. Additional Education is here. Additional Education is here. Additional Education is here. Additional Education is here. Additional Education is here. Additional Education is here. Additional Education is here. Additional Education is here.',NULL,NULL,NULL,NULL,'Company Area','Khulna, Bangladesh','Bangladesh','2020-07-14 04:59:42.602458','1','127.0.0.1','OPERATOR',0,'Job Area','Khulna, Bangladesh','Bangladesh','FULLTIME','ONSITE','CONTRACTUAL',NULL,NULL,NULL,'2020-07-18 04:20:04.590667',NULL,NULL,'2020-07-14 04:41:23.000000',NULL,NULL,'PUBLISHED','Job Category Example Two','Male',NULL,NULL,NULL,0,NULL,NULL,NULL,NULL,NULL,'AMOUNT'),('18b882dd66d14885a9a511a86c34dcb5','Job Post Example Five','Badda, Gulsan',10000.00,20000.00,'2022-01-01','Job Description Example is here. Job Description Example is here. Job Description Example is here. Job Description Example is here. Job Description Example is here. Job Description Example is here. Job Description Example is here. Job Description Example is here. Job Description Example is here. Job Description Example is here. Job Description Example is here. Job Description Example is here. Job Description Example is here. Job Description Example is here. Job Description Example is here. Job Description Example is here. Job Description Example is here. Job Description Example is here. Job Description Example is here. Job Description Example is here. Job Description Example is here. Job Description Example is here.','Job Responsibilities are. Job Responsibilities are. Job Responsibilities are. Job Responsibilities are. Job Responsibilities are. Job Responsibilities are. Job Responsibilities are. Job Responsibilities are. Job Responsibilities are. Job Responsibilities are. Job Responsibilities are. Job Responsibilities are. Job Responsibilities are. Job Responsibilities are. Job Responsibilities are. Job Responsibilities are. Job Responsibilities are. Job Responsibilities are. Job Responsibilities are. Job Responsibilities are. Job Responsibilities are. Job Responsibilities are. Job Responsibilities are. Job Responsibilities are. Job Responsibilities are. Job Responsibilities are. Job Responsibilities are. Job Responsibilities are. Job Responsibilities are. Job Responsibilities are. Job Responsibilities are.','Job Education is here. Job Education is here. Job Education is here. Job Education is here. Job Education is here. Job Education is here. Job Education is here. Job Education is here. Job Education is here. Job Education is here. Job Education is here. Job Education is here. Job Education is here. Job Education is here. Job Education is here. Job Education is here. Job Education is here. Job Education is here. Job Education is here. Job Education is here. Job Education is here. Job Education is here. Job Education is here. Job Education is here. Job Education is here. Job Education is here. Job Education is here. Job Education is here. Job Education is here. Job Education is here. Job Education is here. Job Education is here. Job Education is here. Job Education is here. Job Education is here. Job Education is here. Job Education is here.','Other benefits example. Other benefits example. Other benefits example. Other benefits example. Other benefits example. Other benefits example. Other benefits example. Other benefits example. Other benefits example. Other benefits example. Other benefits example. Other benefits example. Other benefits example. Other benefits example. Other benefits example. Other benefits example. Other benefits example. Other benefits example. Other benefits example. Other benefits example. Other benefits example. Other benefits example. Other benefits example. Other benefits example. Other benefits example. Other benefits example. Other benefits example. Other benefits example. Other benefits example.',NULL,NULL,NULL,3,'Qualification Example One','Company Profile Example. Company Profile Example. Company Profile Example. Company Profile Example. Company Profile Example. Company Profile Example. Company Profile Example. Company Profile Example. Company Profile Example. Company Profile Example. Company Profile Example. Company Profile Example. Company Profile Example. Company Profile Example. Company Profile Example.','BDT',1,NULL,0,'','Company Example','job-post-example-five-6c34dcb5',2,1,'Additional Education is here. Additional Education is here. Additional Education is here. Additional Education is here. Additional Education is here. Additional Education is here. Additional Education is here. Additional Education is here. Additional Education is here. Additional Education is here. Additional Education is here. Additional Education is here. Additional Education is here. Additional Education is here. Additional Education is here. Additional Education is here. Additional Education is here. Additional Education is here. Additional Education is here. Additional Education is here. Additional Education is here. Additional Education is here. Additional Education is here. Additional Education is here. Additional Education is here. Additional Education is here. Additional Education is here. Additional Education is here.',NULL,NULL,NULL,NULL,'Company Area','Dhaka, Bangladesh','Bangladesh','2020-07-14 04:43:42.574333','1','127.0.0.1','OPERATOR',0,'Job Area','Dhaka, Bangladesh','Bangladesh','PARTTIME','REMOTE','CONTRACTUAL',NULL,NULL,NULL,'2020-08-12 06:07:52.613037',NULL,NULL,'2020-07-14 04:41:23.000000',NULL,NULL,'PUBLISHED','Job Category Example One','Any',NULL,NULL,NULL,1,NULL,NULL,NULL,NULL,NULL,'AMOUNT'),('1e824e4b9da942348b9afe2bdd54500b','Job Post Example Three','Badda, Gulsan',10000.00,20000.00,'2022-01-01','Job Description Example is here. Job Description Example is here. Job Description Example is here. Job Description Example is here. Job Description Example is here. Job Description Example is here. Job Description Example is here. Job Description Example is here. Job Description Example is here. Job Description Example is here. Job Description Example is here. Job Description Example is here. Job Description Example is here. Job Description Example is here. Job Description Example is here. Job Description Example is here. Job Description Example is here. Job Description Example is here. Job Description Example is here. Job Description Example is here. Job Description Example is here. Job Description Example is here.','Job Responsibilities are. Job Responsibilities are. Job Responsibilities are. Job Responsibilities are. Job Responsibilities are. Job Responsibilities are. Job Responsibilities are. Job Responsibilities are. Job Responsibilities are. Job Responsibilities are. Job Responsibilities are. Job Responsibilities are. Job Responsibilities are. Job Responsibilities are. Job Responsibilities are. Job Responsibilities are. Job Responsibilities are. Job Responsibilities are. Job Responsibilities are. Job Responsibilities are. Job Responsibilities are. Job Responsibilities are. Job Responsibilities are. Job Responsibilities are. Job Responsibilities are. Job Responsibilities are. Job Responsibilities are. Job Responsibilities are. Job Responsibilities are. Job Responsibilities are. Job Responsibilities are.','Job Education is here. Job Education is here. Job Education is here. Job Education is here. Job Education is here. Job Education is here. Job Education is here. Job Education is here. Job Education is here. Job Education is here. Job Education is here. Job Education is here. Job Education is here. Job Education is here. Job Education is here. Job Education is here. Job Education is here. Job Education is here. Job Education is here. Job Education is here. Job Education is here. Job Education is here. Job Education is here. Job Education is here. Job Education is here. Job Education is here. Job Education is here. Job Education is here. Job Education is here. Job Education is here. Job Education is here. Job Education is here. Job Education is here. Job Education is here. Job Education is here. Job Education is here. Job Education is here.','Other benefits example. Other benefits example. Other benefits example. Other benefits example. Other benefits example. Other benefits example. Other benefits example. Other benefits example. Other benefits example. Other benefits example. Other benefits example. Other benefits example. Other benefits example. Other benefits example. Other benefits example. Other benefits example. Other benefits example. Other benefits example. Other benefits example. Other benefits example. Other benefits example. Other benefits example. Other benefits example. Other benefits example. Other benefits example. Other benefits example. Other benefits example. Other benefits example. Other benefits example.',NULL,NULL,NULL,3,'Qualification Example One','Company Profile Example. Company Profile Example. Company Profile Example. Company Profile Example. Company Profile Example. Company Profile Example. Company Profile Example. Company Profile Example. Company Profile Example. Company Profile Example. Company Profile Example. Company Profile Example. Company Profile Example. Company Profile Example. Company Profile Example.','BDT',1,NULL,0,'','Company Example','job-post-example-three-dd54500b',2,0,'Additional Education is here. Additional Education is here. Additional Education is here. Additional Education is here. Additional Education is here. Additional Education is here. Additional Education is here. Additional Education is here. Additional Education is here. Additional Education is here. Additional Education is here. Additional Education is here. Additional Education is here. Additional Education is here. Additional Education is here. Additional Education is here. Additional Education is here. Additional Education is here. Additional Education is here. Additional Education is here. Additional Education is here. Additional Education is here. Additional Education is here. Additional Education is here. Additional Education is here. Additional Education is here. Additional Education is here. Additional Education is here.',NULL,NULL,NULL,NULL,'Company Area','Dhaka, Bangladesh','Bangladesh','2020-07-14 04:41:26.753044','1','127.0.0.1','OPERATOR',0,'Job Area','Dhaka, Bangladesh','Bangladesh','PARTTIME','ONSITE','PERMANENT',NULL,NULL,NULL,'2020-08-12 06:08:06.509743',NULL,NULL,'2020-07-14 04:41:23.000000',NULL,NULL,'PUBLISHED','Job Category Example One','Any',NULL,NULL,NULL,1,NULL,NULL,NULL,NULL,NULL,'AMOUNT'),('2077571f56dd4ea28d167d5976f9155a','Job Post Example Company Four','Badda, Gulsan',40000.00,60000.00,'2022-01-01','<p>Job Description Example is here. Job Description Example is here. Job Description Example is here. Job Description Example is here. Job Description Example is here. Job Description Example is here. Job Description Example is here. Job Description Example is here. Job Description Example is here. Job Description Example is here. Job Description Example is here. Job Description Example is here. Job Description Example is here. Job Description Example is here. Job Description Example is here. Job Description Example is here. Job Description Example is here. Job Description Example is here. Job Description Example is here. Job Description Example is here. Job Description Example is here. Job Description Example is here.</p>','<p>Job Responsibilities are. Job Responsibilities are. Job Responsibilities are. Job Responsibilities are. Job Responsibilities are. Job Responsibilities are. Job Responsibilities are. Job Responsibilities are. Job Responsibilities are. Job Responsibilities are. Job Responsibilities are. Job Responsibilities are. Job Responsibilities are. Job Responsibilities are. Job Responsibilities are. Job Responsibilities are. Job Responsibilities are. Job Responsibilities are. Job Responsibilities are. Job Responsibilities are. Job Responsibilities are. Job Responsibilities are. Job Responsibilities are. Job Responsibilities are. Job Responsibilities are. Job Responsibilities are. Job Responsibilities are. Job Responsibilities are. Job Responsibilities are. Job Responsibilities are. Job Responsibilities are.</p>','<p>Job Education is here. Job Education is here. Job Education is here. Job Education is here. Job Education is here. Job Education is here. Job Education is here. Job Education is here. Job Education is here. Job Education is here. Job Education is here. Job Education is here. Job Education is here. Job Education is here. Job Education is here. Job Education is here. Job Education is here. Job Education is here. Job Education is here. Job Education is here. Job Education is here. Job Education is here. Job Education is here. Job Education is here. Job Education is here. Job Education is here. Job Education is here. Job Education is here. Job Education is here. Job Education is here. Job Education is here. Job Education is here. Job Education is here. Job Education is here. Job Education is here. Job Education is here. Job Education is here.</p>','<p>Other benefits example. Other benefits example. Other benefits example. Other benefits example. Other benefits example. Other benefits example. Other benefits example. Other benefits example. Other benefits example. Other benefits example. Other benefits example. Other benefits example. Other benefits example. Other benefits example. Other benefits example. Other benefits example. Other benefits example. Other benefits example. Other benefits example. Other benefits example. Other benefits example. Other benefits example. Other benefits example. Other benefits example. Other benefits example. Other benefits example. Other benefits example. Other benefits example. Other benefits example.</p>',NULL,NULL,NULL,0,'Qualification Example Two','<p>Company Profile Example. Company Profile Example. Company Profile Example. Company Profile Example. Company Profile Example. Company Profile Example. Company Profile Example. Company Profile Example. Company Profile Example. Company Profile Example. Company Profile Example. Company Profile Example. Company Profile Example. Company Profile Example. Company Profile Example.</p>',NULL,1,NULL,0,'','Company Example View','job-post-example-company-four-76f9155a',0,0,'<p>Additional Education is here. Additional Education is here. Additional Education is here. Additional Education is here. Additional Education is here. Additional Education is here. Additional Education is here. Additional Education is here. Additional Education is here. Additional Education is here. Additional Education is here. Additional Education is here. Additional Education is here. Additional Education is here. Additional Education is here. Additional Education is here. Additional Education is here. Additional Education is here. Additional Education is here. Additional Education is here. Additional Education is here. Additional Education is here. Additional Education is here. Additional Education is here. Additional Education is here. Additional Education is here. Additional Education is here. Additional Education is here.</p>',NULL,NULL,NULL,NULL,NULL,'Bangladesh,Khulna','Bangladesh','2020-08-11 05:56:33.323166','7','127.0.0.1','OPERATOR',0,'Job Area','Bangladesh,Dhaka','Bangladesh','FULLTIME','ONSITE','PERMANENT',NULL,NULL,NULL,'2020-09-14 07:12:23.555192','1','127.0.0.1','2020-01-15 07:12:20.000000',NULL,NULL,'PUBLISHED','Job Category Example Two','Male',NULL,NULL,NULL,0,NULL,NULL,NULL,NULL,NULL,'AMOUNT'),('287ddec6026f4e70b597de18b9438b1f','Job Post Example Seven','Badda, Gulsan',10000.00,20000.00,'2022-01-01','Job Description Example is here. Job Description Example is here. Job Description Example is here. Job Description Example is here. Job Description Example is here. Job Description Example is here. Job Description Example is here. Job Description Example is here. Job Description Example is here. Job Description Example is here. Job Description Example is here. Job Description Example is here. Job Description Example is here. Job Description Example is here. Job Description Example is here. Job Description Example is here. Job Description Example is here. Job Description Example is here. Job Description Example is here. Job Description Example is here. Job Description Example is here. Job Description Example is here.','Job Responsibilities are. Job Responsibilities are. Job Responsibilities are. Job Responsibilities are. Job Responsibilities are. Job Responsibilities are. Job Responsibilities are. Job Responsibilities are. Job Responsibilities are. Job Responsibilities are. Job Responsibilities are. Job Responsibilities are. Job Responsibilities are. Job Responsibilities are. Job Responsibilities are. Job Responsibilities are. Job Responsibilities are. Job Responsibilities are. Job Responsibilities are. Job Responsibilities are. Job Responsibilities are. Job Responsibilities are. Job Responsibilities are. Job Responsibilities are. Job Responsibilities are. Job Responsibilities are. Job Responsibilities are. Job Responsibilities are. Job Responsibilities are. Job Responsibilities are. Job Responsibilities are.','Job Education is here. Job Education is here. Job Education is here. Job Education is here. Job Education is here. Job Education is here. Job Education is here. Job Education is here. Job Education is here. Job Education is here. Job Education is here. Job Education is here. Job Education is here. Job Education is here. Job Education is here. Job Education is here. Job Education is here. Job Education is here. Job Education is here. Job Education is here. Job Education is here. Job Education is here. Job Education is here. Job Education is here. Job Education is here. Job Education is here. Job Education is here. Job Education is here. Job Education is here. Job Education is here. Job Education is here. Job Education is here. Job Education is here. Job Education is here. Job Education is here. Job Education is here. Job Education is here.','Other benefits example. Other benefits example. Other benefits example. Other benefits example. Other benefits example. Other benefits example. Other benefits example. Other benefits example. Other benefits example. Other benefits example. Other benefits example. Other benefits example. Other benefits example. Other benefits example. Other benefits example. Other benefits example. Other benefits example. Other benefits example. Other benefits example. Other benefits example. Other benefits example. Other benefits example. Other benefits example. Other benefits example. Other benefits example. Other benefits example. Other benefits example. Other benefits example. Other benefits example.',NULL,NULL,NULL,3,'Qualification Example One','Company Profile Example. Company Profile Example. Company Profile Example. Company Profile Example. Company Profile Example. Company Profile Example. Company Profile Example. Company Profile Example. Company Profile Example. Company Profile Example. Company Profile Example. Company Profile Example. Company Profile Example. Company Profile Example. Company Profile Example.','BDT',1,NULL,0,'','Company Example','job-post-example-seven-b9438b1f',0,0,'Additional Education is here. Additional Education is here. Additional Education is here. Additional Education is here. Additional Education is here. Additional Education is here. Additional Education is here. Additional Education is here. Additional Education is here. Additional Education is here. Additional Education is here. Additional Education is here. Additional Education is here. Additional Education is here. Additional Education is here. Additional Education is here. Additional Education is here. Additional Education is here. Additional Education is here. Additional Education is here. Additional Education is here. Additional Education is here. Additional Education is here. Additional Education is here. Additional Education is here. Additional Education is here. Additional Education is here. Additional Education is here.',NULL,NULL,NULL,NULL,'Company Area','Dhaka, Bangladesh','Bangladesh','2020-07-14 04:44:44.203847','1','127.0.0.1','OPERATOR',0,'Job Area','Dhaka, Bangladesh','Bangladesh','FULLTIME','REMOTE','PERMANENT',NULL,NULL,NULL,NULL,NULL,NULL,'2020-07-14 04:41:23.000000',NULL,NULL,'PUBLISHED','Job Category Example One','Any',NULL,NULL,NULL,1,NULL,NULL,NULL,NULL,NULL,'AMOUNT'),('2cfddc8ea6084ed3b75dd2907b147709','Job Post Example One',NULL,5000.00,10000.00,'2022-02-01','Job Description Example is here. Job Description Example is here. Job Description Example is here. Job Description Example is here. Job Description Example is here. Job Description Example is here. Job Description Example is here. Job Description Example is here. Job Description Example is here. Job Description Example is here. Job Description Example is here. Job Description Example is here. Job Description Example is here. Job Description Example is here. Job Description Example is here. Job Description Example is here. Job Description Example is here. Job Description Example is here. Job Description Example is here. Job Description Example is here. Job Description Example is here. Job Description Example is here.','Job Responsibilities are. Job Responsibilities are. Job Responsibilities are. Job Responsibilities are. Job Responsibilities are. Job Responsibilities are. Job Responsibilities are. Job Responsibilities are. Job Responsibilities are. Job Responsibilities are. Job Responsibilities are. Job Responsibilities are. Job Responsibilities are. Job Responsibilities are. Job Responsibilities are. Job Responsibilities are. Job Responsibilities are. Job Responsibilities are. Job Responsibilities are. Job Responsibilities are. Job Responsibilities are. Job Responsibilities are. Job Responsibilities are. Job Responsibilities are. Job Responsibilities are. Job Responsibilities are. Job Responsibilities are. Job Responsibilities are. Job Responsibilities are. Job Responsibilities are. Job Responsibilities are.','Job Education is here. Job Education is here. Job Education is here. Job Education is here. Job Education is here. Job Education is here. Job Education is here. Job Education is here. Job Education is here. Job Education is here. Job Education is here. Job Education is here. Job Education is here. Job Education is here. Job Education is here. Job Education is here. Job Education is here. Job Education is here. Job Education is here. Job Education is here. Job Education is here. Job Education is here. Job Education is here. Job Education is here. Job Education is here. Job Education is here. Job Education is here. Job Education is here. Job Education is here. Job Education is here. Job Education is here. Job Education is here. Job Education is here. Job Education is here. Job Education is here. Job Education is here. Job Education is here.','Other benefits example. Other benefits example. Other benefits example. Other benefits example. Other benefits example. Other benefits example. Other benefits example. Other benefits example. Other benefits example. Other benefits example. Other benefits example. Other benefits example. Other benefits example. Other benefits example. Other benefits example. Other benefits example. Other benefits example. Other benefits example. Other benefits example. Other benefits example. Other benefits example. Other benefits example. Other benefits example. Other benefits example. Other benefits example. Other benefits example. Other benefits example. Other benefits example. Other benefits example.',NULL,NULL,NULL,1,'Qualification Example One','Company Profile Example. Company Profile Example. Company Profile Example. Company Profile Example. Company Profile Example. Company Profile Example. Company Profile Example. Company Profile Example. Company Profile Example. Company Profile Example. Company Profile Example. Company Profile Example. Company Profile Example. Company Profile Example. Company Profile Example.','BDT',1,NULL,0,'','Company Example','job-post-example-one-7b147709',0,1,'Additional Education is here. Additional Education is here. Additional Education is here. Additional Education is here. Additional Education is here. Additional Education is here. Additional Education is here. Additional Education is here. Additional Education is here. Additional Education is here. Additional Education is here. Additional Education is here. Additional Education is here. Additional Education is here. Additional Education is here. Additional Education is here. Additional Education is here. Additional Education is here. Additional Education is here. Additional Education is here. Additional Education is here. Additional Education is here. Additional Education is here. Additional Education is here. Additional Education is here. Additional Education is here. Additional Education is here. Additional Education is here.',NULL,NULL,NULL,NULL,'Gulsan 1','Dhaka, Bangladesh','Bangladesh','2020-07-14 04:28:04.963241','1','127.0.0.1','OPERATOR',0,'Job Area','Dhaka, Bangladesh','Bangladesh','FULLTIME','ONSITE','PERMANENT',NULL,NULL,NULL,'2020-07-18 04:18:23.133892','1','127.0.0.1','2020-07-14 04:26:00.000000',NULL,NULL,'PUBLISHED','Job Category Example One','Male','Job Source One',NULL,NULL,1,NULL,NULL,NULL,NULL,NULL,'AMOUNT'),('34b2ad7d25934a7d9e2079d0752f2baa','Job Post Example Company Six','Badda, Gulsan',15000.00,20000.00,'2022-01-01','<p>Job Description Example is here. Job Description Example is here. Job Description Example is here. Job Description Example is here. Job Description Example is here. Job Description Example is here. Job Description Example is here. Job Description Example is here. Job Description Example is here. Job Description Example is here. Job Description Example is here. Job Description Example is here. Job Description Example is here. Job Description Example is here. Job Description Example is here. Job Description Example is here. Job Description Example is here. Job Description Example is here. Job Description Example is here. Job Description Example is here. Job Description Example is here. Job Description Example is here.</p>','<p>Job Responsibilities are. Job Responsibilities are. Job Responsibilities are. Job Responsibilities are. Job Responsibilities are. Job Responsibilities are. Job Responsibilities are. Job Responsibilities are. Job Responsibilities are. Job Responsibilities are. Job Responsibilities are. Job Responsibilities are. Job Responsibilities are. Job Responsibilities are. Job Responsibilities are. Job Responsibilities are. Job Responsibilities are. Job Responsibilities are. Job Responsibilities are. Job Responsibilities are. Job Responsibilities are. Job Responsibilities are. Job Responsibilities are. Job Responsibilities are. Job Responsibilities are. Job Responsibilities are. Job Responsibilities are. Job Responsibilities are. Job Responsibilities are. Job Responsibilities are. Job Responsibilities are.</p>','<p>Job Education is here. Job Education is here. Job Education is here. Job Education is here. Job Education is here. Job Education is here. Job Education is here. Job Education is here. Job Education is here. Job Education is here. Job Education is here. Job Education is here. Job Education is here. Job Education is here. Job Education is here. Job Education is here. Job Education is here. Job Education is here. Job Education is here. Job Education is here. Job Education is here. Job Education is here. Job Education is here. Job Education is here. Job Education is here. Job Education is here. Job Education is here. Job Education is here. Job Education is here. Job Education is here. Job Education is here. Job Education is here. Job Education is here. Job Education is here. Job Education is here. Job Education is here. Job Education is here.</p>','<p>Other benefits example. Other benefits example. Other benefits example. Other benefits example. Other benefits example. Other benefits example. Other benefits example. Other benefits example. Other benefits example. Other benefits example. Other benefits example. Other benefits example. Other benefits example. Other benefits example. Other benefits example. Other benefits example. Other benefits example. Other benefits example. Other benefits example. Other benefits example. Other benefits example. Other benefits example. Other benefits example. Other benefits example. Other benefits example. Other benefits example. Other benefits example. Other benefits example. Other benefits example.</p>',NULL,NULL,NULL,0,'Qualification Example Two','<p>Company Profile Example. Company Profile Example. Company Profile Example. Company Profile Example. Company Profile Example. Company Profile Example. Company Profile Example. Company Profile Example. Company Profile Example. Company Profile Example. Company Profile Example. Company Profile Example. Company Profile Example. Company Profile Example. Company Profile Example.</p>',NULL,1,NULL,0,'','Company Example View','job-post-example-company-six-752f2baa',0,0,'<p>Additional Education is here. Additional Education is here. Additional Education is here. Additional Education is here. Additional Education is here. Additional Education is here. Additional Education is here. Additional Education is here. Additional Education is here. Additional Education is here. Additional Education is here. Additional Education is here. Additional Education is here. Additional Education is here. Additional Education is here. Additional Education is here. Additional Education is here. Additional Education is here. Additional Education is here. Additional Education is here. Additional Education is here. Additional Education is here. Additional Education is here. Additional Education is here. Additional Education is here. Additional Education is here. Additional Education is here. Additional Education is here.</p>',NULL,NULL,NULL,NULL,NULL,'Bangladesh,Rajshahi','Bangladesh','2020-08-11 05:57:07.540642','7','127.0.0.1','OPERATOR',0,'Job Area','Bangladesh,Chattagram','Bangladesh','PARTTIME','ONSITE','CONTRACTUAL',NULL,NULL,NULL,'2020-09-14 07:12:10.834998','1','127.0.0.1','2020-01-15 07:12:07.000000',NULL,NULL,'PUBLISHED','Job Category Example One','Any',NULL,NULL,NULL,0,NULL,NULL,NULL,NULL,NULL,'AMOUNT'),('3e245a0ff1d845a0aade343265c23e46','Job Post Example Twenty','Badda, Gulsan',30000.00,50000.00,'2020-04-01','<p>Job Description Example is here. Job Description Example is here. Job Description Example is here. Job Description Example is here. Job Description Example is here. Job Description Example is here. Job Description Example is here. Job Description Example is here. Job Description Example is here. Job Description Example is here. Job Description Example is here. Job Description Example is here. Job Description Example is here. Job Description Example is here. Job Description Example is here. Job Description Example is here. Job Description Example is here. Job Description Example is here. Job Description Example is here. Job Description Example is here. Job Description Example is here. Job Description Example is here.</p>','<p>Job Responsibilities are. Job Responsibilities are. Job Responsibilities are. Job Responsibilities are. Job Responsibilities are. Job Responsibilities are. Job Responsibilities are. Job Responsibilities are. Job Responsibilities are. Job Responsibilities are. Job Responsibilities are. Job Responsibilities are. Job Responsibilities are. Job Responsibilities are. Job Responsibilities are. Job Responsibilities are. Job Responsibilities are. Job Responsibilities are. Job Responsibilities are. Job Responsibilities are. Job Responsibilities are. Job Responsibilities are. Job Responsibilities are. Job Responsibilities are. Job Responsibilities are. Job Responsibilities are. Job Responsibilities are. Job Responsibilities are. Job Responsibilities are. Job Responsibilities are. Job Responsibilities are.</p>','<p>Job Education is here. Job Education is here. Job Education is here. Job Education is here. Job Education is here. Job Education is here. Job Education is here. Job Education is here. Job Education is here. Job Education is here. Job Education is here. Job Education is here. Job Education is here. Job Education is here. Job Education is here. Job Education is here. Job Education is here. Job Education is here. Job Education is here. Job Education is here. Job Education is here. Job Education is here. Job Education is here. Job Education is here. Job Education is here. Job Education is here. Job Education is here. Job Education is here. Job Education is here. Job Education is here. Job Education is here. Job Education is here. Job Education is here. Job Education is here. Job Education is here. Job Education is here. Job Education is here.</p>','<p>Other benefits example. Other benefits example. Other benefits example. Other benefits example. Other benefits example. Other benefits example. Other benefits example. Other benefits example. Other benefits example. Other benefits example. Other benefits example. Other benefits example. Other benefits example. Other benefits example. Other benefits example. Other benefits example. Other benefits example. Other benefits example. Other benefits example. Other benefits example. Other benefits example. Other benefits example. Other benefits example. Other benefits example. Other benefits example. Other benefits example. Other benefits example. Other benefits example. Other benefits example.</p>',NULL,NULL,NULL,6,'Qualification Example Two','<p>Company Profile Example. Company Profile Example. Company Profile Example. Company Profile Example. Company Profile Example. Company Profile Example. Company Profile Example. Company Profile Example. Company Profile Example. Company Profile Example. Company Profile Example. Company Profile Example. Company Profile Example. Company Profile Example. Company Profile Example.</p>','BDT',1,NULL,0,'','Company Example View','job-post-example-twenty-65c23e46',2,1,'<p>Additional Education is here. Additional Education is here. Additional Education is here. Additional Education is here. Additional Education is here. Additional Education is here. Additional Education is here. Additional Education is here. Additional Education is here. Additional Education is here. Additional Education is here. Additional Education is here. Additional Education is here. Additional Education is here. Additional Education is here. Additional Education is here. Additional Education is here. Additional Education is here. Additional Education is here. Additional Education is here. Additional Education is here. Additional Education is here. Additional Education is here. Additional Education is here. Additional Education is here. Additional Education is here. Additional Education is here. Additional Education is here.</p>',NULL,NULL,NULL,NULL,'Company Area','Bangladesh,Dhaka','Bangladesh','2020-07-14 04:57:00.975027','1','127.0.0.1','OPERATOR',0,'Job Area','Bangladesh,Dhaka','Bangladesh','FULLTIME','ONSITE','CONTRACTUAL',NULL,NULL,NULL,'2020-08-11 06:05:54.040196','1','127.0.0.1','2020-07-14 04:41:23.000000',NULL,NULL,'PUBLISHED','Job Category Example Two','Male',NULL,NULL,NULL,1,NULL,NULL,NULL,NULL,NULL,'AMOUNT'),('4b13cd0efce6464da936b15b0638b040','Job Post Example Company Three','Badda, Gulsan',30000.00,50000.00,'2022-01-01','<p>Job Description Example is here. Job Description Example is here. Job Description Example is here. Job Description Example is here. Job Description Example is here. Job Description Example is here. Job Description Example is here. Job Description Example is here. Job Description Example is here. Job Description Example is here. Job Description Example is here. Job Description Example is here. Job Description Example is here. Job Description Example is here. Job Description Example is here. Job Description Example is here. Job Description Example is here. Job Description Example is here. Job Description Example is here. Job Description Example is here. Job Description Example is here. Job Description Example is here.</p>','<p>Job Responsibilities are. Job Responsibilities are. Job Responsibilities are. Job Responsibilities are. Job Responsibilities are. Job Responsibilities are. Job Responsibilities are. Job Responsibilities are. Job Responsibilities are. Job Responsibilities are. Job Responsibilities are. Job Responsibilities are. Job Responsibilities are. Job Responsibilities are. Job Responsibilities are. Job Responsibilities are. Job Responsibilities are. Job Responsibilities are. Job Responsibilities are. Job Responsibilities are. Job Responsibilities are. Job Responsibilities are. Job Responsibilities are. Job Responsibilities are. Job Responsibilities are. Job Responsibilities are. Job Responsibilities are. Job Responsibilities are. Job Responsibilities are. Job Responsibilities are. Job Responsibilities are.</p>','<p>Job Education is here. Job Education is here. Job Education is here. Job Education is here. Job Education is here. Job Education is here. Job Education is here. Job Education is here. Job Education is here. Job Education is here. Job Education is here. Job Education is here. Job Education is here. Job Education is here. Job Education is here. Job Education is here. Job Education is here. Job Education is here. Job Education is here. Job Education is here. Job Education is here. Job Education is here. Job Education is here. Job Education is here. Job Education is here. Job Education is here. Job Education is here. Job Education is here. Job Education is here. Job Education is here. Job Education is here. Job Education is here. Job Education is here. Job Education is here. Job Education is here. Job Education is here. Job Education is here.</p>','<p>Other benefits example. Other benefits example. Other benefits example. Other benefits example. Other benefits example. Other benefits example. Other benefits example. Other benefits example. Other benefits example. Other benefits example. Other benefits example. Other benefits example. Other benefits example. Other benefits example. Other benefits example. Other benefits example. Other benefits example. Other benefits example. Other benefits example. Other benefits example. Other benefits example. Other benefits example. Other benefits example. Other benefits example. Other benefits example. Other benefits example. Other benefits example. Other benefits example. Other benefits example.</p>',NULL,NULL,NULL,0,'Qualification Example Two','<p>Company Profile Example. Company Profile Example. Company Profile Example. Company Profile Example. Company Profile Example. Company Profile Example. Company Profile Example. Company Profile Example. Company Profile Example. Company Profile Example. Company Profile Example. Company Profile Example. Company Profile Example. Company Profile Example. Company Profile Example.</p>',NULL,1,NULL,0,'','Company Example View','job-post-example-company-three-0638b040',0,0,'<p>Additional Education is here. Additional Education is here. Additional Education is here. Additional Education is here. Additional Education is here. Additional Education is here. Additional Education is here. Additional Education is here. Additional Education is here. Additional Education is here. Additional Education is here. Additional Education is here. Additional Education is here. Additional Education is here. Additional Education is here. Additional Education is here. Additional Education is here. Additional Education is here. Additional Education is here. Additional Education is here. Additional Education is here. Additional Education is here. Additional Education is here. Additional Education is here. Additional Education is here. Additional Education is here. Additional Education is here. Additional Education is here.</p>',NULL,NULL,NULL,NULL,NULL,'Bangladesh,Rangpur','Bangladesh','2020-08-11 05:55:55.403649','7','127.0.0.1','OPERATOR',0,'Job Area Example','Bangladesh,Khulna','Bangladesh','FULLTIME','ONSITE','CONTRACTUAL',NULL,NULL,NULL,'2020-09-14 07:11:58.857013','1','127.0.0.1','2020-01-15 07:11:55.000000',NULL,NULL,'PUBLISHED','Job Category Example Two','Male',NULL,NULL,NULL,0,NULL,NULL,NULL,NULL,NULL,'AMOUNT'),('4cc9d99a7b0648d99345a6bfca26ff17','Job Post Example Nineteen','Badda, Gulsan',30000.00,50000.00,'2022-01-01','<p>Job Description Example is here. Job Description Example is here. Job Description Example is here. Job Description Example is here. Job Description Example is here. Job Description Example is here. Job Description Example is here. Job Description Example is here. Job Description Example is here. Job Description Example is here. Job Description Example is here. Job Description Example is here. Job Description Example is here. Job Description Example is here. Job Description Example is here. Job Description Example is here. Job Description Example is here. Job Description Example is here. Job Description Example is here. Job Description Example is here. Job Description Example is here. Job Description Example is here.</p>','<p>Job Responsibilities are. Job Responsibilities are. Job Responsibilities are. Job Responsibilities are. Job Responsibilities are. Job Responsibilities are. Job Responsibilities are. Job Responsibilities are. Job Responsibilities are. Job Responsibilities are. Job Responsibilities are. Job Responsibilities are. Job Responsibilities are. Job Responsibilities are. Job Responsibilities are. Job Responsibilities are. Job Responsibilities are. Job Responsibilities are. Job Responsibilities are. Job Responsibilities are. Job Responsibilities are. Job Responsibilities are. Job Responsibilities are. Job Responsibilities are. Job Responsibilities are. Job Responsibilities are. Job Responsibilities are. Job Responsibilities are. Job Responsibilities are. Job Responsibilities are. Job Responsibilities are.</p>','<p>Job Education is here. Job Education is here. Job Education is here. Job Education is here. Job Education is here. Job Education is here. Job Education is here. Job Education is here. Job Education is here. Job Education is here. Job Education is here. Job Education is here. Job Education is here. Job Education is here. Job Education is here. Job Education is here. Job Education is here. Job Education is here. Job Education is here. Job Education is here. Job Education is here. Job Education is here. Job Education is here. Job Education is here. Job Education is here. Job Education is here. Job Education is here. Job Education is here. Job Education is here. Job Education is here. Job Education is here. Job Education is here. Job Education is here. Job Education is here. Job Education is here. Job Education is here. Job Education is here.</p>','<p>Other benefits example. Other benefits example. Other benefits example. Other benefits example. Other benefits example. Other benefits example. Other benefits example. Other benefits example. Other benefits example. Other benefits example. Other benefits example. Other benefits example. Other benefits example. Other benefits example. Other benefits example. Other benefits example. Other benefits example. Other benefits example. Other benefits example. Other benefits example. Other benefits example. Other benefits example. Other benefits example. Other benefits example. Other benefits example. Other benefits example. Other benefits example. Other benefits example. Other benefits example.</p>',NULL,NULL,NULL,6,'Qualification Example Two','<p>Company Profile Example. Company Profile Example. Company Profile Example. Company Profile Example. Company Profile Example. Company Profile Example. Company Profile Example. Company Profile Example. Company Profile Example. Company Profile Example. Company Profile Example. Company Profile Example. Company Profile Example. Company Profile Example. Company Profile Example.</p>','BDT',1,NULL,0,'','Company Example View','job-post-example-nineteen-ca26ff17',0,1,'<p>Additional Education is here. Additional Education is here. Additional Education is here. Additional Education is here. Additional Education is here. Additional Education is here. Additional Education is here. Additional Education is here. Additional Education is here. Additional Education is here. Additional Education is here. Additional Education is here. Additional Education is here. Additional Education is here. Additional Education is here. Additional Education is here. Additional Education is here. Additional Education is here. Additional Education is here. Additional Education is here. Additional Education is here. Additional Education is here. Additional Education is here. Additional Education is here. Additional Education is here. Additional Education is here. Additional Education is here. Additional Education is here.</p>',NULL,NULL,NULL,NULL,'Company Area','Bangladesh,Rajshahi','Bangladesh','2020-07-14 04:56:08.271222','1','127.0.0.1','OPERATOR',0,'Job Area','Bangladesh,Khulna','Bangladesh','FULLTIME','ONSITE','CONTRACTUAL',NULL,NULL,NULL,'2020-08-11 04:59:33.909258','1','127.0.0.1','2020-07-14 04:41:23.000000',NULL,NULL,'PUBLISHED','Job Category Example Two','Male',NULL,NULL,NULL,1,NULL,NULL,NULL,NULL,NULL,'AMOUNT'),('4dec763b0d44439b9619010569cc8209','Job Post Example Seventeen','Badda, Gulsan',40000.00,60000.00,'2022-01-01','<p>Job Description Example is here. Job Description Example is here. Job Description Example is here. Job Description Example is here. Job Description Example is here. Job Description Example is here. Job Description Example is here. Job Description Example is here. Job Description Example is here. Job Description Example is here. Job Description Example is here. Job Description Example is here. Job Description Example is here. Job Description Example is here. Job Description Example is here. Job Description Example is here. Job Description Example is here. Job Description Example is here. Job Description Example is here. Job Description Example is here. Job Description Example is here. Job Description Example is here.</p>','<p>Job Responsibilities are. Job Responsibilities are. Job Responsibilities are. Job Responsibilities are. Job Responsibilities are. Job Responsibilities are. Job Responsibilities are. Job Responsibilities are. Job Responsibilities are. Job Responsibilities are. Job Responsibilities are. Job Responsibilities are. Job Responsibilities are. Job Responsibilities are. Job Responsibilities are. Job Responsibilities are. Job Responsibilities are. Job Responsibilities are. Job Responsibilities are. Job Responsibilities are. Job Responsibilities are. Job Responsibilities are. Job Responsibilities are. Job Responsibilities are. Job Responsibilities are. Job Responsibilities are. Job Responsibilities are. Job Responsibilities are. Job Responsibilities are. Job Responsibilities are. Job Responsibilities are.</p>','<p>Job Education is here. Job Education is here. Job Education is here. Job Education is here. Job Education is here. Job Education is here. Job Education is here. Job Education is here. Job Education is here. Job Education is here. Job Education is here. Job Education is here. Job Education is here. Job Education is here. Job Education is here. Job Education is here. Job Education is here. Job Education is here. Job Education is here. Job Education is here. Job Education is here. Job Education is here. Job Education is here. Job Education is here. Job Education is here. Job Education is here. Job Education is here. Job Education is here. Job Education is here. Job Education is here. Job Education is here. Job Education is here. Job Education is here. Job Education is here. Job Education is here. Job Education is here. Job Education is here.</p>','<p>Other benefits example. Other benefits example. Other benefits example. Other benefits example. Other benefits example. Other benefits example. Other benefits example. Other benefits example. Other benefits example. Other benefits example. Other benefits example. Other benefits example. Other benefits example. Other benefits example. Other benefits example. Other benefits example. Other benefits example. Other benefits example. Other benefits example. Other benefits example. Other benefits example. Other benefits example. Other benefits example. Other benefits example. Other benefits example. Other benefits example. Other benefits example. Other benefits example. Other benefits example.</p>',NULL,NULL,NULL,6,'Qualification Example Two','<p>Company Profile Example. Company Profile Example. Company Profile Example. Company Profile Example. Company Profile Example. Company Profile Example. Company Profile Example. Company Profile Example. Company Profile Example. Company Profile Example. Company Profile Example. Company Profile Example. Company Profile Example. Company Profile Example. Company Profile Example.</p>','BDT',1,NULL,0,'','Company Example View','job-post-example-seventeen-69cc8209',1,0,'<p>Additional Education is here. Additional Education is here. Additional Education is here. Additional Education is here. Additional Education is here. Additional Education is here. Additional Education is here. Additional Education is here. Additional Education is here. Additional Education is here. Additional Education is here. Additional Education is here. Additional Education is here. Additional Education is here. Additional Education is here. Additional Education is here. Additional Education is here. Additional Education is here. Additional Education is here. Additional Education is here. Additional Education is here. Additional Education is here. Additional Education is here. Additional Education is here. Additional Education is here. Additional Education is here. Additional Education is here. Additional Education is here.</p>',NULL,NULL,NULL,NULL,'Company Area','Bangladesh,Khulna','Bangladesh','2020-07-14 04:54:30.175187','1','127.0.0.1','OPERATOR',0,'Job Area','Bangladesh,Dhaka','Bangladesh','FULLTIME','ONSITE','PERMANENT',NULL,NULL,NULL,'2020-08-11 05:21:59.508166','1','127.0.0.1','2020-07-14 04:41:23.000000',NULL,NULL,'PUBLISHED','Job Category Example Two','Male',NULL,NULL,NULL,1,NULL,NULL,NULL,NULL,NULL,'AMOUNT'),('528731050c7d4809a0f361db7136a87e','Job Post Example Draft','Badda, Gulsan',10000.00,20000.00,'2020-08-26','<p>Job Description Example is here. Job Description Example is here. Job Description Example is here. Job Description Example is here. Job Description Example is here. Job Description Example is here. Job Description Example is here. Job Description Example is here. Job Description Example is here. Job Description Example is here. Job Description Example is here. Job Description Example is here. Job Description Example is here. Job Description Example is here. Job Description Example is here. Job Description Example is here. Job Description Example is here. Job Description Example is here. Job Description Example is here. Job Description Example is here. Job Description Example is here. Job Description Example is here.</p>','<p>Job Responsibilities are. Job Responsibilities are. Job Responsibilities are. Job Responsibilities are. Job Responsibilities are. Job Responsibilities are. Job Responsibilities are. Job Responsibilities are. Job Responsibilities are. Job Responsibilities are. Job Responsibilities are. Job Responsibilities are. Job Responsibilities are. Job Responsibilities are. Job Responsibilities are. Job Responsibilities are. Job Responsibilities are. Job Responsibilities are. Job Responsibilities are. Job Responsibilities are. Job Responsibilities are. Job Responsibilities are. Job Responsibilities are. Job Responsibilities are. Job Responsibilities are. Job Responsibilities are. Job Responsibilities are. Job Responsibilities are. Job Responsibilities are. Job Responsibilities are. Job Responsibilities are.</p>','<p>Job Education is here. Job Education is here. Job Education is here. Job Education is here. Job Education is here. Job Education is here. Job Education is here. Job Education is here. Job Education is here. Job Education is here. Job Education is here. Job Education is here. Job Education is here. Job Education is here. Job Education is here. Job Education is here. Job Education is here. Job Education is here. Job Education is here. Job Education is here. Job Education is here. Job Education is here. Job Education is here. Job Education is here. Job Education is here. Job Education is here. Job Education is here. Job Education is here. Job Education is here. Job Education is here. Job Education is here. Job Education is here. Job Education is here. Job Education is here. Job Education is here. Job Education is here. Job Education is here.</p>','<p>Other benefits example. Other benefits example. Other benefits example. Other benefits example. Other benefits example. Other benefits example. Other benefits example. Other benefits example. Other benefits example. Other benefits example. Other benefits example. Other benefits example. Other benefits example. Other benefits example. Other benefits example. Other benefits example. Other benefits example. Other benefits example. Other benefits example. Other benefits example. Other benefits example. Other benefits example. Other benefits example. Other benefits example. Other benefits example. Other benefits example. Other benefits example. Other benefits example. Other benefits example.</p>',NULL,NULL,NULL,3,'Qualification Example One','<p>Company Profile Example. Company Profile Example. Company Profile Example. Company Profile Example. Company Profile Example. Company Profile Example. Company Profile Example. Company Profile Example. Company Profile Example. Company Profile Example. Company Profile Example. Company Profile Example. Company Profile Example. Company Profile Example. Company Profile Example.</p>','BDT',1,NULL,0,'','Company Example','job-post-example-draft-7136a87e',0,0,'<p>Additional Education is here. Additional Education is here. Additional Education is here. Additional Education is here. Additional Education is here. Additional Education is here. Additional Education is here. Additional Education is here. Additional Education is here. Additional Education is here. Additional Education is here. Additional Education is here. Additional Education is here. Additional Education is here. Additional Education is here. Additional Education is here. Additional Education is here. Additional Education is here. Additional Education is here. Additional Education is here. Additional Education is here. Additional Education is here. Additional Education is here. Additional Education is here. Additional Education is here. Additional Education is here. Additional Education is here. Additional Education is here.</p>',NULL,NULL,NULL,NULL,'Job Area',NULL,NULL,'2020-08-26 07:38:48.483289','1','127.0.0.1','OPERATOR',0,'Job Area','Bangladesh,Dhaka','Bangladesh','FULLTIME','ONSITE','PERMANENT',NULL,NULL,NULL,'2020-09-14 07:11:46.885191','1','127.0.0.1','2020-01-15 07:11:43.000000',NULL,NULL,'DRAFT','Job Category Example One','Any',NULL,NULL,NULL,0,NULL,NULL,NULL,NULL,NULL,'AMOUNT'),('5a418791a4984e90add31841f34744a5','Job Post Example Eight','Badda, Gulsan',10000.00,20000.00,'2022-01-01','Job Description Example is here. Job Description Example is here. Job Description Example is here. Job Description Example is here. Job Description Example is here. Job Description Example is here. Job Description Example is here. Job Description Example is here. Job Description Example is here. Job Description Example is here. Job Description Example is here. Job Description Example is here. Job Description Example is here. Job Description Example is here. Job Description Example is here. Job Description Example is here. Job Description Example is here. Job Description Example is here. Job Description Example is here. Job Description Example is here. Job Description Example is here. Job Description Example is here.','Job Responsibilities are. Job Responsibilities are. Job Responsibilities are. Job Responsibilities are. Job Responsibilities are. Job Responsibilities are. Job Responsibilities are. Job Responsibilities are. Job Responsibilities are. Job Responsibilities are. Job Responsibilities are. Job Responsibilities are. Job Responsibilities are. Job Responsibilities are. Job Responsibilities are. Job Responsibilities are. Job Responsibilities are. Job Responsibilities are. Job Responsibilities are. Job Responsibilities are. Job Responsibilities are. Job Responsibilities are. Job Responsibilities are. Job Responsibilities are. Job Responsibilities are. Job Responsibilities are. Job Responsibilities are. Job Responsibilities are. Job Responsibilities are. Job Responsibilities are. Job Responsibilities are.','Job Education is here. Job Education is here. Job Education is here. Job Education is here. Job Education is here. Job Education is here. Job Education is here. Job Education is here. Job Education is here. Job Education is here. Job Education is here. Job Education is here. Job Education is here. Job Education is here. Job Education is here. Job Education is here. Job Education is here. Job Education is here. Job Education is here. Job Education is here. Job Education is here. Job Education is here. Job Education is here. Job Education is here. Job Education is here. Job Education is here. Job Education is here. Job Education is here. Job Education is here. Job Education is here. Job Education is here. Job Education is here. Job Education is here. Job Education is here. Job Education is here. Job Education is here. Job Education is here.','Other benefits example. Other benefits example. Other benefits example. Other benefits example. Other benefits example. Other benefits example. Other benefits example. Other benefits example. Other benefits example. Other benefits example. Other benefits example. Other benefits example. Other benefits example. Other benefits example. Other benefits example. Other benefits example. Other benefits example. Other benefits example. Other benefits example. Other benefits example. Other benefits example. Other benefits example. Other benefits example. Other benefits example. Other benefits example. Other benefits example. Other benefits example. Other benefits example. Other benefits example.',NULL,NULL,NULL,3,'Qualification Example One','Company Profile Example. Company Profile Example. Company Profile Example. Company Profile Example. Company Profile Example. Company Profile Example. Company Profile Example. Company Profile Example. Company Profile Example. Company Profile Example. Company Profile Example. Company Profile Example. Company Profile Example. Company Profile Example. Company Profile Example.','BDT',1,NULL,0,'','Company Example','job-post-example-eight-f34744a5',0,0,'Additional Education is here. Additional Education is here. Additional Education is here. Additional Education is here. Additional Education is here. Additional Education is here. Additional Education is here. Additional Education is here. Additional Education is here. Additional Education is here. Additional Education is here. Additional Education is here. Additional Education is here. Additional Education is here. Additional Education is here. Additional Education is here. Additional Education is here. Additional Education is here. Additional Education is here. Additional Education is here. Additional Education is here. Additional Education is here. Additional Education is here. Additional Education is here. Additional Education is here. Additional Education is here. Additional Education is here. Additional Education is here.',NULL,NULL,NULL,NULL,'Company Area','Dhaka, Bangladesh','Bangladesh','2020-07-14 04:45:13.710865','1','127.0.0.1','OPERATOR',0,'Job Area','Dhaka, Bangladesh','Bangladesh','PARTTIME','REMOTE','PERMANENT',NULL,NULL,NULL,'2020-07-18 04:25:59.092325','1','127.0.0.1','2020-02-19 04:41:23.000000',NULL,NULL,'PUBLISHED','Job Category Example One','Any',NULL,NULL,NULL,1,NULL,NULL,NULL,NULL,NULL,'AMOUNT'),('66d2e72f3fc04af69a2d5e75da4d0e06','Job Post Example Company Five','Badda, Gulsan',15000.00,20000.00,'2022-01-01','<p>Job Description Example is here. Job Description Example is here. Job Description Example is here. Job Description Example is here. Job Description Example is here. Job Description Example is here. Job Description Example is here. Job Description Example is here. Job Description Example is here. Job Description Example is here. Job Description Example is here. Job Description Example is here. Job Description Example is here. Job Description Example is here. Job Description Example is here. Job Description Example is here. Job Description Example is here. Job Description Example is here. Job Description Example is here. Job Description Example is here. Job Description Example is here. Job Description Example is here.</p>','<p>Job Responsibilities are. Job Responsibilities are. Job Responsibilities are. Job Responsibilities are. Job Responsibilities are. Job Responsibilities are. Job Responsibilities are. Job Responsibilities are. Job Responsibilities are. Job Responsibilities are. Job Responsibilities are. Job Responsibilities are. Job Responsibilities are. Job Responsibilities are. Job Responsibilities are. Job Responsibilities are. Job Responsibilities are. Job Responsibilities are. Job Responsibilities are. Job Responsibilities are. Job Responsibilities are. Job Responsibilities are. Job Responsibilities are. Job Responsibilities are. Job Responsibilities are. Job Responsibilities are. Job Responsibilities are. Job Responsibilities are. Job Responsibilities are. Job Responsibilities are. Job Responsibilities are.</p>','<p>Job Education is here. Job Education is here. Job Education is here. Job Education is here. Job Education is here. Job Education is here. Job Education is here. Job Education is here. Job Education is here. Job Education is here. Job Education is here. Job Education is here. Job Education is here. Job Education is here. Job Education is here. Job Education is here. Job Education is here. Job Education is here. Job Education is here. Job Education is here. Job Education is here. Job Education is here. Job Education is here. Job Education is here. Job Education is here. Job Education is here. Job Education is here. Job Education is here. Job Education is here. Job Education is here. Job Education is here. Job Education is here. Job Education is here. Job Education is here. Job Education is here. Job Education is here. Job Education is here.</p>','<p>Other benefits example. Other benefits example. Other benefits example. Other benefits example. Other benefits example. Other benefits example. Other benefits example. Other benefits example. Other benefits example. Other benefits example. Other benefits example. Other benefits example. Other benefits example. Other benefits example. Other benefits example. Other benefits example. Other benefits example. Other benefits example. Other benefits example. Other benefits example. Other benefits example. Other benefits example. Other benefits example. Other benefits example. Other benefits example. Other benefits example. Other benefits example. Other benefits example. Other benefits example.</p>',NULL,NULL,NULL,0,'Qualification Example Two','<p>Company Profile Example. Company Profile Example. Company Profile Example. Company Profile Example. Company Profile Example. Company Profile Example. Company Profile Example. Company Profile Example. Company Profile Example. Company Profile Example. Company Profile Example. Company Profile Example. Company Profile Example. Company Profile Example. Company Profile Example.</p>',NULL,1,NULL,0,'','Company Example View','job-post-example-company-five-da4d0e06',0,0,'<p>Additional Education is here. Additional Education is here. Additional Education is here. Additional Education is here. Additional Education is here. Additional Education is here. Additional Education is here. Additional Education is here. Additional Education is here. Additional Education is here. Additional Education is here. Additional Education is here. Additional Education is here. Additional Education is here. Additional Education is here. Additional Education is here. Additional Education is here. Additional Education is here. Additional Education is here. Additional Education is here. Additional Education is here. Additional Education is here. Additional Education is here. Additional Education is here. Additional Education is here. Additional Education is here. Additional Education is here. Additional Education is here.</p>',NULL,NULL,NULL,NULL,NULL,'Bangladesh,Rangpur','Bangladesh','2020-08-11 05:56:52.389382','7','127.0.0.1','OPERATOR',0,'Job Area','Bangladesh,Dhaka','Bangladesh','PARTTIME','ONSITE','PERMANENT',NULL,NULL,NULL,'2020-09-14 07:11:34.828595','1','127.0.0.1','2020-01-15 07:11:32.000000',NULL,NULL,'PUBLISHED','Job Category Example One','Female',NULL,NULL,NULL,0,NULL,NULL,NULL,NULL,NULL,'AMOUNT'),('683b3e17d3f14a06a92ca37c52c31eaa','Job Post Example Company Ten','Badda, Gulsan',30000.00,50000.00,'2022-01-01','<p>Job Description Example is here. Job Description Example is here. Job Description Example is here. Job Description Example is here. Job Description Example is here. Job Description Example is here. Job Description Example is here. Job Description Example is here. Job Description Example is here. Job Description Example is here. Job Description Example is here. Job Description Example is here. Job Description Example is here. Job Description Example is here. Job Description Example is here. Job Description Example is here. Job Description Example is here. Job Description Example is here. Job Description Example is here. Job Description Example is here. Job Description Example is here. Job Description Example is here.</p>','<p>Job Responsibilities are. Job Responsibilities are. Job Responsibilities are. Job Responsibilities are. Job Responsibilities are. Job Responsibilities are. Job Responsibilities are. Job Responsibilities are. Job Responsibilities are. Job Responsibilities are. Job Responsibilities are. Job Responsibilities are. Job Responsibilities are. Job Responsibilities are. Job Responsibilities are. Job Responsibilities are. Job Responsibilities are. Job Responsibilities are. Job Responsibilities are. Job Responsibilities are. Job Responsibilities are. Job Responsibilities are. Job Responsibilities are. Job Responsibilities are. Job Responsibilities are. Job Responsibilities are. Job Responsibilities are. Job Responsibilities are. Job Responsibilities are. Job Responsibilities are. Job Responsibilities are.</p>','<p>Job Education is here. Job Education is here. Job Education is here. Job Education is here. Job Education is here. Job Education is here. Job Education is here. Job Education is here. Job Education is here. Job Education is here. Job Education is here. Job Education is here. Job Education is here. Job Education is here. Job Education is here. Job Education is here. Job Education is here. Job Education is here. Job Education is here. Job Education is here. Job Education is here. Job Education is here. Job Education is here. Job Education is here. Job Education is here. Job Education is here. Job Education is here. Job Education is here. Job Education is here. Job Education is here. Job Education is here. Job Education is here. Job Education is here. Job Education is here. Job Education is here. Job Education is here. Job Education is here.</p>','<p>Other benefits example. Other benefits example. Other benefits example. Other benefits example. Other benefits example. Other benefits example. Other benefits example. Other benefits example. Other benefits example. Other benefits example. Other benefits example. Other benefits example. Other benefits example. Other benefits example. Other benefits example. Other benefits example. Other benefits example. Other benefits example. Other benefits example. Other benefits example. Other benefits example. Other benefits example. Other benefits example. Other benefits example. Other benefits example. Other benefits example. Other benefits example. Other benefits example. Other benefits example.</p>',NULL,NULL,NULL,0,'Qualification Example Two','<p>Company Profile Example. Company Profile Example. Company Profile Example. Company Profile Example. Company Profile Example. Company Profile Example. Company Profile Example. Company Profile Example. Company Profile Example. Company Profile Example. Company Profile Example. Company Profile Example. Company Profile Example. Company Profile Example. Company Profile Example.</p>',NULL,1,NULL,0,'','Company Example View','job-post-example-company-ten-52c31eaa',0,0,'<p>Additional Education is here. Additional Education is here. Additional Education is here. Additional Education is here. Additional Education is here. Additional Education is here. Additional Education is here. Additional Education is here. Additional Education is here. Additional Education is here. Additional Education is here. Additional Education is here. Additional Education is here. Additional Education is here. Additional Education is here. Additional Education is here. Additional Education is here. Additional Education is here. Additional Education is here. Additional Education is here. Additional Education is here. Additional Education is here. Additional Education is here. Additional Education is here. Additional Education is here. Additional Education is here. Additional Education is here. Additional Education is here.</p>',NULL,NULL,NULL,NULL,NULL,'Bangladesh,Mymensingh','Bangladesh','2020-08-11 05:59:26.156415','7','127.0.0.1','OPERATOR',0,'Job Area','Bangladesh,Khulna','Bangladesh','FULLTIME','ONSITE','CONTRACTUAL',NULL,NULL,NULL,'2020-09-14 07:11:23.375390','1','127.0.0.1','2020-01-15 07:11:20.000000',NULL,NULL,'PUBLISHED','Job Category Example Two','Male',NULL,NULL,NULL,0,NULL,NULL,NULL,NULL,NULL,'AMOUNT'),('6a8dc51a9ad34a55a2d1b4d989c55bc8','Job Post Example Sixteen','Badda, Gulsan',15000.00,20000.00,'2022-01-01','Job Description Example is here. Job Description Example is here. Job Description Example is here. Job Description Example is here. Job Description Example is here. Job Description Example is here. Job Description Example is here. Job Description Example is here. Job Description Example is here. Job Description Example is here. Job Description Example is here. Job Description Example is here. Job Description Example is here. Job Description Example is here. Job Description Example is here. Job Description Example is here. Job Description Example is here. Job Description Example is here. Job Description Example is here. Job Description Example is here. Job Description Example is here. Job Description Example is here.','Job Responsibilities are. Job Responsibilities are. Job Responsibilities are. Job Responsibilities are. Job Responsibilities are. Job Responsibilities are. Job Responsibilities are. Job Responsibilities are. Job Responsibilities are. Job Responsibilities are. Job Responsibilities are. Job Responsibilities are. Job Responsibilities are. Job Responsibilities are. Job Responsibilities are. Job Responsibilities are. Job Responsibilities are. Job Responsibilities are. Job Responsibilities are. Job Responsibilities are. Job Responsibilities are. Job Responsibilities are. Job Responsibilities are. Job Responsibilities are. Job Responsibilities are. Job Responsibilities are. Job Responsibilities are. Job Responsibilities are. Job Responsibilities are. Job Responsibilities are. Job Responsibilities are.','Job Education is here. Job Education is here. Job Education is here. Job Education is here. Job Education is here. Job Education is here. Job Education is here. Job Education is here. Job Education is here. Job Education is here. Job Education is here. Job Education is here. Job Education is here. Job Education is here. Job Education is here. Job Education is here. Job Education is here. Job Education is here. Job Education is here. Job Education is here. Job Education is here. Job Education is here. Job Education is here. Job Education is here. Job Education is here. Job Education is here. Job Education is here. Job Education is here. Job Education is here. Job Education is here. Job Education is here. Job Education is here. Job Education is here. Job Education is here. Job Education is here. Job Education is here. Job Education is here.','Other benefits example. Other benefits example. Other benefits example. Other benefits example. Other benefits example. Other benefits example. Other benefits example. Other benefits example. Other benefits example. Other benefits example. Other benefits example. Other benefits example. Other benefits example. Other benefits example. Other benefits example. Other benefits example. Other benefits example. Other benefits example. Other benefits example. Other benefits example. Other benefits example. Other benefits example. Other benefits example. Other benefits example. Other benefits example. Other benefits example. Other benefits example. Other benefits example. Other benefits example.',NULL,NULL,NULL,8,'Qualification Example Two','Company Profile Example. Company Profile Example. Company Profile Example. Company Profile Example. Company Profile Example. Company Profile Example. Company Profile Example. Company Profile Example. Company Profile Example. Company Profile Example. Company Profile Example. Company Profile Example. Company Profile Example. Company Profile Example. Company Profile Example.','USD',1,NULL,0,'','Company Example Two','job-post-example-sixteen-89c55bc8',0,0,'Additional Education is here. Additional Education is here. Additional Education is here. Additional Education is here. Additional Education is here. Additional Education is here. Additional Education is here. Additional Education is here. Additional Education is here. Additional Education is here. Additional Education is here. Additional Education is here. Additional Education is here. Additional Education is here. Additional Education is here. Additional Education is here. Additional Education is here. Additional Education is here. Additional Education is here. Additional Education is here. Additional Education is here. Additional Education is here. Additional Education is here. Additional Education is here. Additional Education is here. Additional Education is here. Additional Education is here. Additional Education is here.',NULL,NULL,NULL,NULL,'Company Area','Dhaka, Bangladesh','Bangladesh','2020-07-14 04:53:13.236143','1','127.0.0.1','OPERATOR',0,'Job Area','Dhaka, Bangladesh','Bangladesh','PARTTIME','ONSITE','PERMANENT',NULL,NULL,NULL,'2020-07-18 04:26:12.241014','1','127.0.0.1','2020-01-16 04:41:23.000000',NULL,NULL,'PUBLISHED','Job Category Example One','Female',NULL,NULL,NULL,1,NULL,NULL,NULL,NULL,NULL,'AMOUNT'),('6d8981f45dda40de9034db67834dfd65','Job Post Example Twenty Five','Badda, Gulsan',NULL,NULL,'2022-01-02','Job Description Example is here. Job Description Example is here. Job Description Example is here. Job Description Example is here. Job Description Example is here. Job Description Example is here. Job Description Example is here. Job Description Example is here. Job Description Example is here. Job Description Example is here. Job Description Example is here. Job Description Example is here. Job Description Example is here. Job Description Example is here. Job Description Example is here. Job Description Example is here. Job Description Example is here. Job Description Example is here. Job Description Example is here. Job Description Example is here. Job Description Example is here. Job Description Example is here.','Job Responsibilities are. Job Responsibilities are. Job Responsibilities are. Job Responsibilities are. Job Responsibilities are. Job Responsibilities are. Job Responsibilities are. Job Responsibilities are. Job Responsibilities are. Job Responsibilities are. Job Responsibilities are. Job Responsibilities are. Job Responsibilities are. Job Responsibilities are. Job Responsibilities are. Job Responsibilities are. Job Responsibilities are. Job Responsibilities are. Job Responsibilities are. Job Responsibilities are. Job Responsibilities are. Job Responsibilities are. Job Responsibilities are. Job Responsibilities are. Job Responsibilities are. Job Responsibilities are. Job Responsibilities are. Job Responsibilities are. Job Responsibilities are. Job Responsibilities are. Job Responsibilities are.','Job Education is here. Job Education is here. Job Education is here. Job Education is here. Job Education is here. Job Education is here. Job Education is here. Job Education is here. Job Education is here. Job Education is here. Job Education is here. Job Education is here. Job Education is here. Job Education is here. Job Education is here. Job Education is here. Job Education is here. Job Education is here. Job Education is here. Job Education is here. Job Education is here. Job Education is here. Job Education is here. Job Education is here. Job Education is here. Job Education is here. Job Education is here. Job Education is here. Job Education is here. Job Education is here. Job Education is here. Job Education is here. Job Education is here. Job Education is here. Job Education is here. Job Education is here. Job Education is here.','Other benefits example. Other benefits example. Other benefits example. Other benefits example. Other benefits example. Other benefits example. Other benefits example. Other benefits example. Other benefits example. Other benefits example. Other benefits example. Other benefits example. Other benefits example. Other benefits example. Other benefits example. Other benefits example. Other benefits example. Other benefits example. Other benefits example. Other benefits example. Other benefits example. Other benefits example. Other benefits example. Other benefits example. Other benefits example. Other benefits example. Other benefits example. Other benefits example. Other benefits example.',NULL,NULL,NULL,4,'Qualification Example One','Company Profile Example. Company Profile Example. Company Profile Example. Company Profile Example. Company Profile Example. Company Profile Example. Company Profile Example. Company Profile Example. Company Profile Example. Company Profile Example. Company Profile Example. Company Profile Example. Company Profile Example. Company Profile Example. Company Profile Example.','BDT',1,NULL,0,'','Company Example Two','job-post-example-twenty-five-834dfd65',0,0,'Additional Education is here. Additional Education is here. Additional Education is here. Additional Education is here. Additional Education is here. Additional Education is here. Additional Education is here. Additional Education is here. Additional Education is here. Additional Education is here. Additional Education is here. Additional Education is here. Additional Education is here. Additional Education is here. Additional Education is here. Additional Education is here. Additional Education is here. Additional Education is here. Additional Education is here. Additional Education is here. Additional Education is here. Additional Education is here. Additional Education is here. Additional Education is here. Additional Education is here. Additional Education is here. Additional Education is here. Additional Education is here.',NULL,NULL,NULL,NULL,'Company Area','Dhaka, Bangladesh','Bangladesh','2020-07-14 05:00:46.601747','1','127.0.0.1','OPERATOR',0,'Job Area','Khulna, Bangladesh','Bangladesh','PARTTIME','ONSITE','CONTRACTUAL',NULL,NULL,NULL,'2020-07-18 04:26:27.477686','1','127.0.0.1','2020-02-20 04:41:23.000000',NULL,NULL,'PUBLISHED','Job Category Example Two','Male',NULL,NULL,NULL,0,NULL,NULL,NULL,NULL,NULL,'AMOUNT'),('7769cb042df844b58df8487db5860fe4','Job Post Example Ten','Badda, Gulsan',25000.00,30000.00,'2022-01-01','Job Description Example is here. Job Description Example is here. Job Description Example is here. Job Description Example is here. Job Description Example is here. Job Description Example is here. Job Description Example is here. Job Description Example is here. Job Description Example is here. Job Description Example is here. Job Description Example is here. Job Description Example is here. Job Description Example is here. Job Description Example is here. Job Description Example is here. Job Description Example is here. Job Description Example is here. Job Description Example is here. Job Description Example is here. Job Description Example is here. Job Description Example is here. Job Description Example is here.','Job Responsibilities are. Job Responsibilities are. Job Responsibilities are. Job Responsibilities are. Job Responsibilities are. Job Responsibilities are. Job Responsibilities are. Job Responsibilities are. Job Responsibilities are. Job Responsibilities are. Job Responsibilities are. Job Responsibilities are. Job Responsibilities are. Job Responsibilities are. Job Responsibilities are. Job Responsibilities are. Job Responsibilities are. Job Responsibilities are. Job Responsibilities are. Job Responsibilities are. Job Responsibilities are. Job Responsibilities are. Job Responsibilities are. Job Responsibilities are. Job Responsibilities are. Job Responsibilities are. Job Responsibilities are. Job Responsibilities are. Job Responsibilities are. Job Responsibilities are. Job Responsibilities are.','Job Education is here. Job Education is here. Job Education is here. Job Education is here. Job Education is here. Job Education is here. Job Education is here. Job Education is here. Job Education is here. Job Education is here. Job Education is here. Job Education is here. Job Education is here. Job Education is here. Job Education is here. Job Education is here. Job Education is here. Job Education is here. Job Education is here. Job Education is here. Job Education is here. Job Education is here. Job Education is here. Job Education is here. Job Education is here. Job Education is here. Job Education is here. Job Education is here. Job Education is here. Job Education is here. Job Education is here. Job Education is here. Job Education is here. Job Education is here. Job Education is here. Job Education is here. Job Education is here.','Other benefits example. Other benefits example. Other benefits example. Other benefits example. Other benefits example. Other benefits example. Other benefits example. Other benefits example. Other benefits example. Other benefits example. Other benefits example. Other benefits example. Other benefits example. Other benefits example. Other benefits example. Other benefits example. Other benefits example. Other benefits example. Other benefits example. Other benefits example. Other benefits example. Other benefits example. Other benefits example. Other benefits example. Other benefits example. Other benefits example. Other benefits example. Other benefits example. Other benefits example.',NULL,NULL,NULL,5,'Qualification Example Three','Company Profile Example. Company Profile Example. Company Profile Example. Company Profile Example. Company Profile Example. Company Profile Example. Company Profile Example. Company Profile Example. Company Profile Example. Company Profile Example. Company Profile Example. Company Profile Example. Company Profile Example. Company Profile Example. Company Profile Example.','BDT',1,NULL,0,'','Company Example','job-post-example-ten-b5860fe4',0,0,'Additional Education is here. Additional Education is here. Additional Education is here. Additional Education is here. Additional Education is here. Additional Education is here. Additional Education is here. Additional Education is here. Additional Education is here. Additional Education is here. Additional Education is here. Additional Education is here. Additional Education is here. Additional Education is here. Additional Education is here. Additional Education is here. Additional Education is here. Additional Education is here. Additional Education is here. Additional Education is here. Additional Education is here. Additional Education is here. Additional Education is here. Additional Education is here. Additional Education is here. Additional Education is here. Additional Education is here. Additional Education is here.',NULL,NULL,NULL,NULL,'Company Area','Dhaka, Bangladesh','Bangladesh','2020-07-14 04:47:20.223748','1','127.0.0.1','OPERATOR',0,'Job Area','Dhaka, Bangladesh','Bangladesh','PARTTIME','ONSITE','PERMANENT',NULL,NULL,NULL,'2020-07-18 04:25:45.951717','1','127.0.0.1','2020-01-23 04:41:23.000000',NULL,NULL,'PUBLISHED','Job Category Example Two','Male',NULL,NULL,NULL,1,NULL,NULL,NULL,NULL,NULL,'AMOUNT'),('7a1918eae5c2404795f98aedc11cc8f0','Job Post Example Twenty Two','Badda, Gulsan',NULL,NULL,'2022-01-02','Job Description Example is here. Job Description Example is here. Job Description Example is here. Job Description Example is here. Job Description Example is here. Job Description Example is here. Job Description Example is here. Job Description Example is here. Job Description Example is here. Job Description Example is here. Job Description Example is here. Job Description Example is here. Job Description Example is here. Job Description Example is here. Job Description Example is here. Job Description Example is here. Job Description Example is here. Job Description Example is here. Job Description Example is here. Job Description Example is here. Job Description Example is here. Job Description Example is here.','Job Responsibilities are. Job Responsibilities are. Job Responsibilities are. Job Responsibilities are. Job Responsibilities are. Job Responsibilities are. Job Responsibilities are. Job Responsibilities are. Job Responsibilities are. Job Responsibilities are. Job Responsibilities are. Job Responsibilities are. Job Responsibilities are. Job Responsibilities are. Job Responsibilities are. Job Responsibilities are. Job Responsibilities are. Job Responsibilities are. Job Responsibilities are. Job Responsibilities are. Job Responsibilities are. Job Responsibilities are. Job Responsibilities are. Job Responsibilities are. Job Responsibilities are. Job Responsibilities are. Job Responsibilities are. Job Responsibilities are. Job Responsibilities are. Job Responsibilities are. Job Responsibilities are.','Job Education is here. Job Education is here. Job Education is here. Job Education is here. Job Education is here. Job Education is here. Job Education is here. Job Education is here. Job Education is here. Job Education is here. Job Education is here. Job Education is here. Job Education is here. Job Education is here. Job Education is here. Job Education is here. Job Education is here. Job Education is here. Job Education is here. Job Education is here. Job Education is here. Job Education is here. Job Education is here. Job Education is here. Job Education is here. Job Education is here. Job Education is here. Job Education is here. Job Education is here. Job Education is here. Job Education is here. Job Education is here. Job Education is here. Job Education is here. Job Education is here. Job Education is here. Job Education is here.','Other benefits example. Other benefits example. Other benefits example. Other benefits example. Other benefits example. Other benefits example. Other benefits example. Other benefits example. Other benefits example. Other benefits example. Other benefits example. Other benefits example. Other benefits example. Other benefits example. Other benefits example. Other benefits example. Other benefits example. Other benefits example. Other benefits example. Other benefits example. Other benefits example. Other benefits example. Other benefits example. Other benefits example. Other benefits example. Other benefits example. Other benefits example. Other benefits example. Other benefits example.',NULL,NULL,NULL,2,'Qualification Example One','Company Profile Example. Company Profile Example. Company Profile Example. Company Profile Example. Company Profile Example. Company Profile Example. Company Profile Example. Company Profile Example. Company Profile Example. Company Profile Example. Company Profile Example. Company Profile Example. Company Profile Example. Company Profile Example. Company Profile Example.','BDT',1,NULL,0,'','Company Example','job-post-example-twenty-two-c11cc8f0',0,0,'Additional Education is here. Additional Education is here. Additional Education is here. Additional Education is here. Additional Education is here. Additional Education is here. Additional Education is here. Additional Education is here. Additional Education is here. Additional Education is here. Additional Education is here. Additional Education is here. Additional Education is here. Additional Education is here. Additional Education is here. Additional Education is here. Additional Education is here. Additional Education is here. Additional Education is here. Additional Education is here. Additional Education is here. Additional Education is here. Additional Education is here. Additional Education is here. Additional Education is here. Additional Education is here. Additional Education is here. Additional Education is here.',NULL,NULL,NULL,NULL,'Company Area','Khulna, Bangladesh','Bangladesh','2020-07-14 04:59:03.435026','1','127.0.0.1','OPERATOR',0,'Job Area','Khulna, Bangladesh','Bangladesh','FULLTIME','ONSITE','CONTRACTUAL',NULL,NULL,NULL,'2020-07-18 04:25:30.416918','1','127.0.0.1','2020-03-11 04:41:23.000000',NULL,NULL,'PUBLISHED','Job Category Example Two','Male',NULL,NULL,NULL,0,NULL,NULL,NULL,NULL,NULL,'AMOUNT'),('7a6b75abe3c04e45982119ccbec1ecde','Job Post Example Nineteen Seven','Badda, Gulsan',30000.00,50000.00,'2022-01-01','<p>Job Description Example is here. Job Description Example is here. Job Description Example is here. Job Description Example is here. Job Description Example is here. Job Description Example is here. Job Description Example is here. Job Description Example is here. Job Description Example is here. Job Description Example is here. Job Description Example is here. Job Description Example is here. Job Description Example is here. Job Description Example is here. Job Description Example is here. Job Description Example is here. Job Description Example is here. Job Description Example is here. Job Description Example is here. Job Description Example is here. Job Description Example is here. Job Description Example is here.</p>','<p>Job Responsibilities are. Job Responsibilities are. Job Responsibilities are. Job Responsibilities are. Job Responsibilities are. Job Responsibilities are. Job Responsibilities are. Job Responsibilities are. Job Responsibilities are. Job Responsibilities are. Job Responsibilities are. Job Responsibilities are. Job Responsibilities are. Job Responsibilities are. Job Responsibilities are. Job Responsibilities are. Job Responsibilities are. Job Responsibilities are. Job Responsibilities are. Job Responsibilities are. Job Responsibilities are. Job Responsibilities are. Job Responsibilities are. Job Responsibilities are. Job Responsibilities are. Job Responsibilities are. Job Responsibilities are. Job Responsibilities are. Job Responsibilities are. Job Responsibilities are. Job Responsibilities are.</p>','<p>Job Education is here. Job Education is here. Job Education is here. Job Education is here. Job Education is here. Job Education is here. Job Education is here. Job Education is here. Job Education is here. Job Education is here. Job Education is here. Job Education is here. Job Education is here. Job Education is here. Job Education is here. Job Education is here. Job Education is here. Job Education is here. Job Education is here. Job Education is here. Job Education is here. Job Education is here. Job Education is here. Job Education is here. Job Education is here. Job Education is here. Job Education is here. Job Education is here. Job Education is here. Job Education is here. Job Education is here. Job Education is here. Job Education is here. Job Education is here. Job Education is here. Job Education is here. Job Education is here.</p>','<p>Other benefits example. Other benefits example. Other benefits example. Other benefits example. Other benefits example. Other benefits example. Other benefits example. Other benefits example. Other benefits example. Other benefits example. Other benefits example. Other benefits example. Other benefits example. Other benefits example. Other benefits example. Other benefits example. Other benefits example. Other benefits example. Other benefits example. Other benefits example. Other benefits example. Other benefits example. Other benefits example. Other benefits example. Other benefits example. Other benefits example. Other benefits example. Other benefits example. Other benefits example.</p>',NULL,NULL,NULL,0,'Qualification Example Two','<p>Company Profile Example. Company Profile Example. Company Profile Example. Company Profile Example. Company Profile Example. Company Profile Example. Company Profile Example. Company Profile Example. Company Profile Example. Company Profile Example. Company Profile Example. Company Profile Example. Company Profile Example. Company Profile Example. Company Profile Example.</p>',NULL,1,NULL,0,'','Featured Company Four','job-post-example-nineteen-seven-bec1ecde',0,0,'<p>Additional Education is here. Additional Education is here. Additional Education is here. Additional Education is here. Additional Education is here. Additional Education is here. Additional Education is here. Additional Education is here. Additional Education is here. Additional Education is here. Additional Education is here. Additional Education is here. Additional Education is here. Additional Education is here. Additional Education is here. Additional Education is here. Additional Education is here. Additional Education is here. Additional Education is here. Additional Education is here. Additional Education is here. Additional Education is here. Additional Education is here. Additional Education is here. Additional Education is here. Additional Education is here. Additional Education is here. Additional Education is here.</p>',NULL,NULL,NULL,NULL,NULL,'Bangladesh,Sylhet','Bangladesh','2020-08-11 05:58:31.427799','7','127.0.0.1','OPERATOR',0,'Job Area','Bangladesh,Khulna','Bangladesh','FULLTIME','ONSITE','CONTRACTUAL',NULL,NULL,NULL,'2020-09-14 07:11:00.616273','1','127.0.0.1','2020-01-15 07:10:57.000000',NULL,NULL,'PUBLISHED','Job Category Example Two','Male',NULL,NULL,NULL,0,NULL,NULL,NULL,NULL,NULL,'AMOUNT'),('7b76fa70103c45858fbf89fd283887d1','Job Post Example Company Eight','Badda, Gulsan',30000.00,50000.00,'2022-01-01','<p>Job Description Example is here. Job Description Example is here. Job Description Example is here. Job Description Example is here. Job Description Example is here. Job Description Example is here. Job Description Example is here. Job Description Example is here. Job Description Example is here. Job Description Example is here. Job Description Example is here. Job Description Example is here. Job Description Example is here. Job Description Example is here. Job Description Example is here. Job Description Example is here. Job Description Example is here. Job Description Example is here. Job Description Example is here. Job Description Example is here. Job Description Example is here. Job Description Example is here.</p>','<p>Job Responsibilities are. Job Responsibilities are. Job Responsibilities are. Job Responsibilities are. Job Responsibilities are. Job Responsibilities are. Job Responsibilities are. Job Responsibilities are. Job Responsibilities are. Job Responsibilities are. Job Responsibilities are. Job Responsibilities are. Job Responsibilities are. Job Responsibilities are. Job Responsibilities are. Job Responsibilities are. Job Responsibilities are. Job Responsibilities are. Job Responsibilities are. Job Responsibilities are. Job Responsibilities are. Job Responsibilities are. Job Responsibilities are. Job Responsibilities are. Job Responsibilities are. Job Responsibilities are. Job Responsibilities are. Job Responsibilities are. Job Responsibilities are. Job Responsibilities are. Job Responsibilities are.</p>','<p>Job Education is here. Job Education is here. Job Education is here. Job Education is here. Job Education is here. Job Education is here. Job Education is here. Job Education is here. Job Education is here. Job Education is here. Job Education is here. Job Education is here. Job Education is here. Job Education is here. Job Education is here. Job Education is here. Job Education is here. Job Education is here. Job Education is here. Job Education is here. Job Education is here. Job Education is here. Job Education is here. Job Education is here. Job Education is here. Job Education is here. Job Education is here. Job Education is here. Job Education is here. Job Education is here. Job Education is here. Job Education is here. Job Education is here. Job Education is here. Job Education is here. Job Education is here. Job Education is here.</p>','<p>Other benefits example. Other benefits example. Other benefits example. Other benefits example. Other benefits example. Other benefits example. Other benefits example. Other benefits example. Other benefits example. Other benefits example. Other benefits example. Other benefits example. Other benefits example. Other benefits example. Other benefits example. Other benefits example. Other benefits example. Other benefits example. Other benefits example. Other benefits example. Other benefits example. Other benefits example. Other benefits example. Other benefits example. Other benefits example. Other benefits example. Other benefits example. Other benefits example. Other benefits example.</p>',NULL,NULL,NULL,0,'Qualification Example Two','<p>Company Profile Example. Company Profile Example. Company Profile Example. Company Profile Example. Company Profile Example. Company Profile Example. Company Profile Example. Company Profile Example. Company Profile Example. Company Profile Example. Company Profile Example. Company Profile Example. Company Profile Example. Company Profile Example. Company Profile Example.</p>',NULL,1,NULL,0,'','Featured Company Eight','job-post-example-company-eight-283887d1',0,0,'<p>Additional Education is here. Additional Education is here. Additional Education is here. Additional Education is here. Additional Education is here. Additional Education is here. Additional Education is here. Additional Education is here. Additional Education is here. Additional Education is here. Additional Education is here. Additional Education is here. Additional Education is here. Additional Education is here. Additional Education is here. Additional Education is here. Additional Education is here. Additional Education is here. Additional Education is here. Additional Education is here. Additional Education is here. Additional Education is here. Additional Education is here. Additional Education is here. Additional Education is here. Additional Education is here. Additional Education is here. Additional Education is here.</p>',NULL,NULL,NULL,NULL,NULL,'Bangladesh,Rangpur','Bangladesh','2020-08-11 05:58:51.131351','7','127.0.0.1','OPERATOR',0,'Job Area','Bangladesh,Khulna','Bangladesh','FULLTIME','ONSITE','CONTRACTUAL',NULL,NULL,NULL,'2020-09-14 07:10:42.514086','1','127.0.0.1','2020-01-15 07:10:40.000000',NULL,NULL,'PUBLISHED','Job Category Example Two','Male',NULL,NULL,NULL,0,NULL,NULL,NULL,NULL,NULL,'AMOUNT'),('8677deca585441de87e9bf316066eca2','Job Post Example Thirteen','Badda, Gulsan',15000.00,20000.00,'2022-01-01','Job Description Example is here. Job Description Example is here. Job Description Example is here. Job Description Example is here. Job Description Example is here. Job Description Example is here. Job Description Example is here. Job Description Example is here. Job Description Example is here. Job Description Example is here. Job Description Example is here. Job Description Example is here. Job Description Example is here. Job Description Example is here. Job Description Example is here. Job Description Example is here. Job Description Example is here. Job Description Example is here. Job Description Example is here. Job Description Example is here. Job Description Example is here. Job Description Example is here.','Job Responsibilities are. Job Responsibilities are. Job Responsibilities are. Job Responsibilities are. Job Responsibilities are. Job Responsibilities are. Job Responsibilities are. Job Responsibilities are. Job Responsibilities are. Job Responsibilities are. Job Responsibilities are. Job Responsibilities are. Job Responsibilities are. Job Responsibilities are. Job Responsibilities are. Job Responsibilities are. Job Responsibilities are. Job Responsibilities are. Job Responsibilities are. Job Responsibilities are. Job Responsibilities are. Job Responsibilities are. Job Responsibilities are. Job Responsibilities are. Job Responsibilities are. Job Responsibilities are. Job Responsibilities are. Job Responsibilities are. Job Responsibilities are. Job Responsibilities are. Job Responsibilities are.','Job Education is here. Job Education is here. Job Education is here. Job Education is here. Job Education is here. Job Education is here. Job Education is here. Job Education is here. Job Education is here. Job Education is here. Job Education is here. Job Education is here. Job Education is here. Job Education is here. Job Education is here. Job Education is here. Job Education is here. Job Education is here. Job Education is here. Job Education is here. Job Education is here. Job Education is here. Job Education is here. Job Education is here. Job Education is here. Job Education is here. Job Education is here. Job Education is here. Job Education is here. Job Education is here. Job Education is here. Job Education is here. Job Education is here. Job Education is here. Job Education is here. Job Education is here. Job Education is here.','Other benefits example. Other benefits example. Other benefits example. Other benefits example. Other benefits example. Other benefits example. Other benefits example. Other benefits example. Other benefits example. Other benefits example. Other benefits example. Other benefits example. Other benefits example. Other benefits example. Other benefits example. Other benefits example. Other benefits example. Other benefits example. Other benefits example. Other benefits example. Other benefits example. Other benefits example. Other benefits example. Other benefits example. Other benefits example. Other benefits example. Other benefits example. Other benefits example. Other benefits example.',NULL,NULL,NULL,5,'Qualification Example Two','Company Profile Example. Company Profile Example. Company Profile Example. Company Profile Example. Company Profile Example. Company Profile Example. Company Profile Example. Company Profile Example. Company Profile Example. Company Profile Example. Company Profile Example. Company Profile Example. Company Profile Example. Company Profile Example. Company Profile Example.','USD',1,NULL,0,'','Company Example','job-post-example-thirteen-6066eca2',0,0,'Additional Education is here. Additional Education is here. Additional Education is here. Additional Education is here. Additional Education is here. Additional Education is here. Additional Education is here. Additional Education is here. Additional Education is here. Additional Education is here. Additional Education is here. Additional Education is here. Additional Education is here. Additional Education is here. Additional Education is here. Additional Education is here. Additional Education is here. Additional Education is here. Additional Education is here. Additional Education is here. Additional Education is here. Additional Education is here. Additional Education is here. Additional Education is here. Additional Education is here. Additional Education is here. Additional Education is here. Additional Education is here.',NULL,NULL,NULL,NULL,'Company Area','Dhaka, Bangladesh','Bangladesh','2020-07-14 04:49:45.260166','1','127.0.0.1','OPERATOR',0,'Job Area','Dhaka, Bangladesh','Bangladesh','PARTTIME','ONSITE','PERMANENT',NULL,NULL,NULL,'2020-07-18 04:25:14.264361','1','127.0.0.1','2020-04-14 04:41:23.000000',NULL,NULL,'PUBLISHED','Job Category Example Three','Female',NULL,NULL,NULL,1,NULL,NULL,NULL,NULL,NULL,'AMOUNT'),('873797281cdc4fdab5e43aec31872b16','Job Post Example Company Nine','Badda, Gulsan',30000.00,50000.00,'2022-01-01','<p>Job Description Example is here. Job Description Example is here. Job Description Example is here. Job Description Example is here. Job Description Example is here. Job Description Example is here. Job Description Example is here. Job Description Example is here. Job Description Example is here. Job Description Example is here. Job Description Example is here. Job Description Example is here. Job Description Example is here. Job Description Example is here. Job Description Example is here. Job Description Example is here. Job Description Example is here. Job Description Example is here. Job Description Example is here. Job Description Example is here. Job Description Example is here. Job Description Example is here.</p>','<p>Job Responsibilities are. Job Responsibilities are. Job Responsibilities are. Job Responsibilities are. Job Responsibilities are. Job Responsibilities are. Job Responsibilities are. Job Responsibilities are. Job Responsibilities are. Job Responsibilities are. Job Responsibilities are. Job Responsibilities are. Job Responsibilities are. Job Responsibilities are. Job Responsibilities are. Job Responsibilities are. Job Responsibilities are. Job Responsibilities are. Job Responsibilities are. Job Responsibilities are. Job Responsibilities are. Job Responsibilities are. Job Responsibilities are. Job Responsibilities are. Job Responsibilities are. Job Responsibilities are. Job Responsibilities are. Job Responsibilities are. Job Responsibilities are. Job Responsibilities are. Job Responsibilities are.</p>','<p>Job Education is here. Job Education is here. Job Education is here. Job Education is here. Job Education is here. Job Education is here. Job Education is here. Job Education is here. Job Education is here. Job Education is here. Job Education is here. Job Education is here. Job Education is here. Job Education is here. Job Education is here. Job Education is here. Job Education is here. Job Education is here. Job Education is here. Job Education is here. Job Education is here. Job Education is here. Job Education is here. Job Education is here. Job Education is here. Job Education is here. Job Education is here. Job Education is here. Job Education is here. Job Education is here. Job Education is here. Job Education is here. Job Education is here. Job Education is here. Job Education is here. Job Education is here. Job Education is here.</p>','<p>Other benefits example. Other benefits example. Other benefits example. Other benefits example. Other benefits example. Other benefits example. Other benefits example. Other benefits example. Other benefits example. Other benefits example. Other benefits example. Other benefits example. Other benefits example. Other benefits example. Other benefits example. Other benefits example. Other benefits example. Other benefits example. Other benefits example. Other benefits example. Other benefits example. Other benefits example. Other benefits example. Other benefits example. Other benefits example. Other benefits example. Other benefits example. Other benefits example. Other benefits example.</p>',NULL,NULL,NULL,0,'Qualification Example Two','<p>Company Profile Example. Company Profile Example. Company Profile Example. Company Profile Example. Company Profile Example. Company Profile Example. Company Profile Example. Company Profile Example. Company Profile Example. Company Profile Example. Company Profile Example. Company Profile Example. Company Profile Example. Company Profile Example. Company Profile Example.</p>',NULL,1,NULL,0,'','Featured Company Eight','job-post-example-company-nine-31872b16',0,0,'<p>Additional Education is here. Additional Education is here. Additional Education is here. Additional Education is here. Additional Education is here. Additional Education is here. Additional Education is here. Additional Education is here. Additional Education is here. Additional Education is here. Additional Education is here. Additional Education is here. Additional Education is here. Additional Education is here. Additional Education is here. Additional Education is here. Additional Education is here. Additional Education is here. Additional Education is here. Additional Education is here. Additional Education is here. Additional Education is here. Additional Education is here. Additional Education is here. Additional Education is here. Additional Education is here. Additional Education is here. Additional Education is here.</p>',NULL,NULL,NULL,NULL,NULL,'Bangladesh,Sylhet','Bangladesh','2020-08-11 05:59:03.197442','7','127.0.0.1','OPERATOR',0,'Job Area','Bangladesh,Khulna','Bangladesh','FULLTIME','ONSITE','CONTRACTUAL',NULL,NULL,NULL,'2020-09-14 07:10:25.311177','1','127.0.0.1','2020-01-15 07:10:22.000000',NULL,NULL,'PUBLISHED','Job Category Example Two','Male',NULL,NULL,NULL,0,NULL,NULL,NULL,NULL,NULL,'AMOUNT'),('957a5292657e42a0bebfa355bcea91ba','Job Post Example Two','Badda, Gulsan',2000.00,6000.00,'2022-01-01','Job Description Example is here. Job Description Example is here. Job Description Example is here. Job Description Example is here. Job Description Example is here. Job Description Example is here. Job Description Example is here. Job Description Example is here. Job Description Example is here. Job Description Example is here. Job Description Example is here. Job Description Example is here. Job Description Example is here. Job Description Example is here. Job Description Example is here. Job Description Example is here. Job Description Example is here. Job Description Example is here. Job Description Example is here. Job Description Example is here. Job Description Example is here. Job Description Example is here.','Job Responsibilities are. Job Responsibilities are. Job Responsibilities are. Job Responsibilities are. Job Responsibilities are. Job Responsibilities are. Job Responsibilities are. Job Responsibilities are. Job Responsibilities are. Job Responsibilities are. Job Responsibilities are. Job Responsibilities are. Job Responsibilities are. Job Responsibilities are. Job Responsibilities are. Job Responsibilities are. Job Responsibilities are. Job Responsibilities are. Job Responsibilities are. Job Responsibilities are. Job Responsibilities are. Job Responsibilities are. Job Responsibilities are. Job Responsibilities are. Job Responsibilities are. Job Responsibilities are. Job Responsibilities are. Job Responsibilities are. Job Responsibilities are. Job Responsibilities are. Job Responsibilities are.','Job Education is here. Job Education is here. Job Education is here. Job Education is here. Job Education is here. Job Education is here. Job Education is here. Job Education is here. Job Education is here. Job Education is here. Job Education is here. Job Education is here. Job Education is here. Job Education is here. Job Education is here. Job Education is here. Job Education is here. Job Education is here. Job Education is here. Job Education is here. Job Education is here. Job Education is here. Job Education is here. Job Education is here. Job Education is here. Job Education is here. Job Education is here. Job Education is here. Job Education is here. Job Education is here. Job Education is here. Job Education is here. Job Education is here. Job Education is here. Job Education is here. Job Education is here. Job Education is here.','Other benefits example. Other benefits example. Other benefits example. Other benefits example. Other benefits example. Other benefits example. Other benefits example. Other benefits example. Other benefits example. Other benefits example. Other benefits example. Other benefits example. Other benefits example. Other benefits example. Other benefits example. Other benefits example. Other benefits example. Other benefits example. Other benefits example. Other benefits example. Other benefits example. Other benefits example. Other benefits example. Other benefits example. Other benefits example. Other benefits example. Other benefits example. Other benefits example. Other benefits example.',NULL,NULL,NULL,2,'Qualification Example Two','Company Profile Example. Company Profile Example. Company Profile Example. Company Profile Example. Company Profile Example. Company Profile Example. Company Profile Example. Company Profile Example. Company Profile Example. Company Profile Example. Company Profile Example. Company Profile Example. Company Profile Example. Company Profile Example. Company Profile Example.','BDT',1,NULL,0,'','Company Example','job-post-example-two-bcea91ba',0,1,'Additional Education is here. Additional Education is here. Additional Education is here. Additional Education is here. Additional Education is here. Additional Education is here. Additional Education is here. Additional Education is here. Additional Education is here. Additional Education is here. Additional Education is here. Additional Education is here. Additional Education is here. Additional Education is here. Additional Education is here. Additional Education is here. Additional Education is here. Additional Education is here. Additional Education is here. Additional Education is here. Additional Education is here. Additional Education is here. Additional Education is here. Additional Education is here. Additional Education is here. Additional Education is here. Additional Education is here. Additional Education is here.',NULL,NULL,NULL,NULL,'Company Area','Dhaka, Bangladesh','Bangladesh','2020-07-14 04:39:56.937281','1','127.0.0.1','OPERATOR',0,'Job Area','Dhaka, Bangladesh','Bangladesh','FULLTIME','ONSITE','PERMANENT',NULL,NULL,NULL,'2020-07-18 04:23:28.312196','1','127.0.0.1','2020-06-03 04:41:42.000000',NULL,NULL,'PUBLISHED','Job Category Example Two','Female',NULL,NULL,NULL,1,NULL,NULL,NULL,NULL,NULL,'AMOUNT'),('97f614ffef5e45659625bb220dbd2a56','Job Post Example Company Two','Badda, Gulsan',15000.00,20000.00,'2022-01-01','<p>Job Description Example is here. Job Description Example is here. Job Description Example is here. Job Description Example is here. Job Description Example is here. Job Description Example is here. Job Description Example is here. Job Description Example is here. Job Description Example is here. Job Description Example is here. Job Description Example is here. Job Description Example is here. Job Description Example is here. Job Description Example is here. Job Description Example is here. Job Description Example is here. Job Description Example is here. Job Description Example is here. Job Description Example is here. Job Description Example is here. Job Description Example is here. Job Description Example is here.</p>','<p>Job Responsibilities are. Job Responsibilities are. Job Responsibilities are. Job Responsibilities are. Job Responsibilities are. Job Responsibilities are. Job Responsibilities are. Job Responsibilities are. Job Responsibilities are. Job Responsibilities are. Job Responsibilities are. Job Responsibilities are. Job Responsibilities are. Job Responsibilities are. Job Responsibilities are. Job Responsibilities are. Job Responsibilities are. Job Responsibilities are. Job Responsibilities are. Job Responsibilities are. Job Responsibilities are. Job Responsibilities are. Job Responsibilities are. Job Responsibilities are. Job Responsibilities are. Job Responsibilities are. Job Responsibilities are. Job Responsibilities are. Job Responsibilities are. Job Responsibilities are. Job Responsibilities are.</p>','<p>Job Education is here. Job Education is here. Job Education is here. Job Education is here. Job Education is here. Job Education is here. Job Education is here. Job Education is here. Job Education is here. Job Education is here. Job Education is here. Job Education is here. Job Education is here. Job Education is here. Job Education is here. Job Education is here. Job Education is here. Job Education is here. Job Education is here. Job Education is here. Job Education is here. Job Education is here. Job Education is here. Job Education is here. Job Education is here. Job Education is here. Job Education is here. Job Education is here. Job Education is here. Job Education is here. Job Education is here. Job Education is here. Job Education is here. Job Education is here. Job Education is here. Job Education is here. Job Education is here.</p>','<p>Other benefits example. Other benefits example. Other benefits example. Other benefits example. Other benefits example. Other benefits example. Other benefits example. Other benefits example. Other benefits example. Other benefits example. Other benefits example. Other benefits example. Other benefits example. Other benefits example. Other benefits example. Other benefits example. Other benefits example. Other benefits example. Other benefits example. Other benefits example. Other benefits example. Other benefits example. Other benefits example. Other benefits example. Other benefits example. Other benefits example. Other benefits example. Other benefits example. Other benefits example.</p>',NULL,NULL,NULL,0,'Qualification Example Two','<p>Company Profile Example. Company Profile Example. Company Profile Example. Company Profile Example. Company Profile Example. Company Profile Example. Company Profile Example. Company Profile Example. Company Profile Example. Company Profile Example. Company Profile Example. Company Profile Example. Company Profile Example. Company Profile Example. Company Profile Example.</p>',NULL,1,NULL,0,'','Featured Company Eight','job-post-example-company-two-0dbd2a56',1,0,'<p>Additional Education is here. Additional Education is here. Additional Education is here. Additional Education is here. Additional Education is here. Additional Education is here. Additional Education is here. Additional Education is here. Additional Education is here. Additional Education is here. Additional Education is here. Additional Education is here. Additional Education is here. Additional Education is here. Additional Education is here. Additional Education is here. Additional Education is here. Additional Education is here. Additional Education is here. Additional Education is here. Additional Education is here. Additional Education is here. Additional Education is here. Additional Education is here. Additional Education is here. Additional Education is here. Additional Education is here. Additional Education is here.</p>',NULL,NULL,NULL,NULL,NULL,'Bangladesh,Khulna','Bangladesh','2020-08-11 05:44:41.736214','7','127.0.0.1','OPERATOR',0,'Job Area','Bangladesh,Chattagram','Bangladesh','PARTTIME','ONSITE','CONTRACTUAL',NULL,NULL,NULL,'2020-09-14 07:10:10.362011','1','127.0.0.1','2020-01-15 07:09:37.000000',NULL,NULL,'PUBLISHED','Job Category Example One','Any',NULL,NULL,NULL,0,NULL,NULL,NULL,NULL,NULL,'AMOUNT'),('9db7d9a76153406883fab4b405f9024e','Job Post Example Twelve','Badda, Gulsan',15000.00,20000.00,'2022-01-01','Job Description Example is here. Job Description Example is here. Job Description Example is here. Job Description Example is here. Job Description Example is here. Job Description Example is here. Job Description Example is here. Job Description Example is here. Job Description Example is here. Job Description Example is here. Job Description Example is here. Job Description Example is here. Job Description Example is here. Job Description Example is here. Job Description Example is here. Job Description Example is here. Job Description Example is here. Job Description Example is here. Job Description Example is here. Job Description Example is here. Job Description Example is here. Job Description Example is here.','Job Responsibilities are. Job Responsibilities are. Job Responsibilities are. Job Responsibilities are. Job Responsibilities are. Job Responsibilities are. Job Responsibilities are. Job Responsibilities are. Job Responsibilities are. Job Responsibilities are. Job Responsibilities are. Job Responsibilities are. Job Responsibilities are. Job Responsibilities are. Job Responsibilities are. Job Responsibilities are. Job Responsibilities are. Job Responsibilities are. Job Responsibilities are. Job Responsibilities are. Job Responsibilities are. Job Responsibilities are. Job Responsibilities are. Job Responsibilities are. Job Responsibilities are. Job Responsibilities are. Job Responsibilities are. Job Responsibilities are. Job Responsibilities are. Job Responsibilities are. Job Responsibilities are.','Job Education is here. Job Education is here. Job Education is here. Job Education is here. Job Education is here. Job Education is here. Job Education is here. Job Education is here. Job Education is here. Job Education is here. Job Education is here. Job Education is here. Job Education is here. Job Education is here. Job Education is here. Job Education is here. Job Education is here. Job Education is here. Job Education is here. Job Education is here. Job Education is here. Job Education is here. Job Education is here. Job Education is here. Job Education is here. Job Education is here. Job Education is here. Job Education is here. Job Education is here. Job Education is here. Job Education is here. Job Education is here. Job Education is here. Job Education is here. Job Education is here. Job Education is here. Job Education is here.','Other benefits example. Other benefits example. Other benefits example. Other benefits example. Other benefits example. Other benefits example. Other benefits example. Other benefits example. Other benefits example. Other benefits example. Other benefits example. Other benefits example. Other benefits example. Other benefits example. Other benefits example. Other benefits example. Other benefits example. Other benefits example. Other benefits example. Other benefits example. Other benefits example. Other benefits example. Other benefits example. Other benefits example. Other benefits example. Other benefits example. Other benefits example. Other benefits example. Other benefits example.',NULL,NULL,NULL,5,'Qualification Example Two','Company Profile Example. Company Profile Example. Company Profile Example. Company Profile Example. Company Profile Example. Company Profile Example. Company Profile Example. Company Profile Example. Company Profile Example. Company Profile Example. Company Profile Example. Company Profile Example. Company Profile Example. Company Profile Example. Company Profile Example.','BDT',1,NULL,0,'','Company Example','job-post-example-twelve-05f9024e',0,0,'Additional Education is here. Additional Education is here. Additional Education is here. Additional Education is here. Additional Education is here. Additional Education is here. Additional Education is here. Additional Education is here. Additional Education is here. Additional Education is here. Additional Education is here. Additional Education is here. Additional Education is here. Additional Education is here. Additional Education is here. Additional Education is here. Additional Education is here. Additional Education is here. Additional Education is here. Additional Education is here. Additional Education is here. Additional Education is here. Additional Education is here. Additional Education is here. Additional Education is here. Additional Education is here. Additional Education is here. Additional Education is here.',NULL,NULL,NULL,NULL,'Company Area','Dhaka, Bangladesh','Bangladesh','2020-07-14 04:49:05.214340','1','127.0.0.1','OPERATOR',0,'Job Area','Dhaka, Bangladesh','Bangladesh','PARTTIME','ONSITE','PERMANENT',NULL,NULL,NULL,'2020-07-18 04:24:54.404055','1','127.0.0.1','2020-04-15 04:41:23.000000',NULL,NULL,'PUBLISHED','Job Category Example Three','Female',NULL,NULL,NULL,1,NULL,NULL,NULL,NULL,NULL,'AMOUNT'),('ab635de045d74b6380410aca0eb8081c','Job Post Example Fourteen','Badda, Gulsan',15000.00,20000.00,'2022-01-01','<p>Job Description Example is here. Job Description Example is here. Job Description Example is here. Job Description Example is here. Job Description Example is here. Job Description Example is here. Job Description Example is here. Job Description Example is here. Job Description Example is here. Job Description Example is here. Job Description Example is here. Job Description Example is here. Job Description Example is here. Job Description Example is here. Job Description Example is here. Job Description Example is here. Job Description Example is here. Job Description Example is here. Job Description Example is here. Job Description Example is here. Job Description Example is here. Job Description Example is here.</p>','<p>Job Responsibilities are. Job Responsibilities are. Job Responsibilities are. Job Responsibilities are. Job Responsibilities are. Job Responsibilities are. Job Responsibilities are. Job Responsibilities are. Job Responsibilities are. Job Responsibilities are. Job Responsibilities are. Job Responsibilities are. Job Responsibilities are. Job Responsibilities are. Job Responsibilities are. Job Responsibilities are. Job Responsibilities are. Job Responsibilities are. Job Responsibilities are. Job Responsibilities are. Job Responsibilities are. Job Responsibilities are. Job Responsibilities are. Job Responsibilities are. Job Responsibilities are. Job Responsibilities are. Job Responsibilities are. Job Responsibilities are. Job Responsibilities are. Job Responsibilities are. Job Responsibilities are.</p>','<p>Job Education is here. Job Education is here. Job Education is here. Job Education is here. Job Education is here. Job Education is here. Job Education is here. Job Education is here. Job Education is here. Job Education is here. Job Education is here. Job Education is here. Job Education is here. Job Education is here. Job Education is here. Job Education is here. Job Education is here. Job Education is here. Job Education is here. Job Education is here. Job Education is here. Job Education is here. Job Education is here. Job Education is here. Job Education is here. Job Education is here. Job Education is here. Job Education is here. Job Education is here. Job Education is here. Job Education is here. Job Education is here. Job Education is here. Job Education is here. Job Education is here. Job Education is here. Job Education is here.</p>','<p>Other benefits example. Other benefits example. Other benefits example. Other benefits example. Other benefits example. Other benefits example. Other benefits example. Other benefits example. Other benefits example. Other benefits example. Other benefits example. Other benefits example. Other benefits example. Other benefits example. Other benefits example. Other benefits example. Other benefits example. Other benefits example. Other benefits example. Other benefits example. Other benefits example. Other benefits example. Other benefits example. Other benefits example. Other benefits example. Other benefits example. Other benefits example. Other benefits example. Other benefits example.</p>',NULL,NULL,NULL,8,'Qualification Example Two','<p>Company Profile Example. Company Profile Example. Company Profile Example. Company Profile Example. Company Profile Example. Company Profile Example. Company Profile Example. Company Profile Example. Company Profile Example. Company Profile Example. Company Profile Example. Company Profile Example. Company Profile Example. Company Profile Example. Company Profile Example.</p>','USD',1,NULL,0,'','Company Example View','job-post-example-fourteen-0eb8081c',1,1,'<p>Additional Education is here. Additional Education is here. Additional Education is here. Additional Education is here. Additional Education is here. Additional Education is here. Additional Education is here. Additional Education is here. Additional Education is here. Additional Education is here. Additional Education is here. Additional Education is here. Additional Education is here. Additional Education is here. Additional Education is here. Additional Education is here. Additional Education is here. Additional Education is here. Additional Education is here. Additional Education is here. Additional Education is here. Additional Education is here. Additional Education is here. Additional Education is here. Additional Education is here. Additional Education is here. Additional Education is here. Additional Education is here.</p>',NULL,NULL,NULL,NULL,'Company Area','Bangladesh,Mymensingh','Bangladesh','2020-07-14 04:51:16.527248','1','127.0.0.1','OPERATOR',0,'Job Area','Bangladesh,Dhaka','Bangladesh','PARTTIME','ONSITE','PERMANENT',NULL,NULL,NULL,'2020-08-11 05:21:42.190579','1','127.0.0.1','2020-07-14 04:41:23.000000',NULL,NULL,'PUBLISHED','Job Category Example One','Female',NULL,NULL,NULL,1,NULL,NULL,NULL,NULL,NULL,'AMOUNT'),('b927b49f86484f5c87c945fa48c6ccb6','Job Post Example Twenty Three','Badda, Gulsan',NULL,NULL,'2022-01-02','Job Description Example is here. Job Description Example is here. Job Description Example is here. Job Description Example is here. Job Description Example is here. Job Description Example is here. Job Description Example is here. Job Description Example is here. Job Description Example is here. Job Description Example is here. Job Description Example is here. Job Description Example is here. Job Description Example is here. Job Description Example is here. Job Description Example is here. Job Description Example is here. Job Description Example is here. Job Description Example is here. Job Description Example is here. Job Description Example is here. Job Description Example is here. Job Description Example is here.','Job Responsibilities are. Job Responsibilities are. Job Responsibilities are. Job Responsibilities are. Job Responsibilities are. Job Responsibilities are. Job Responsibilities are. Job Responsibilities are. Job Responsibilities are. Job Responsibilities are. Job Responsibilities are. Job Responsibilities are. Job Responsibilities are. Job Responsibilities are. Job Responsibilities are. Job Responsibilities are. Job Responsibilities are. Job Responsibilities are. Job Responsibilities are. Job Responsibilities are. Job Responsibilities are. Job Responsibilities are. Job Responsibilities are. Job Responsibilities are. Job Responsibilities are. Job Responsibilities are. Job Responsibilities are. Job Responsibilities are. Job Responsibilities are. Job Responsibilities are. Job Responsibilities are.','Job Education is here. Job Education is here. Job Education is here. Job Education is here. Job Education is here. Job Education is here. Job Education is here. Job Education is here. Job Education is here. Job Education is here. Job Education is here. Job Education is here. Job Education is here. Job Education is here. Job Education is here. Job Education is here. Job Education is here. Job Education is here. Job Education is here. Job Education is here. Job Education is here. Job Education is here. Job Education is here. Job Education is here. Job Education is here. Job Education is here. Job Education is here. Job Education is here. Job Education is here. Job Education is here. Job Education is here. Job Education is here. Job Education is here. Job Education is here. Job Education is here. Job Education is here. Job Education is here.','Other benefits example. Other benefits example. Other benefits example. Other benefits example. Other benefits example. Other benefits example. Other benefits example. Other benefits example. Other benefits example. Other benefits example. Other benefits example. Other benefits example. Other benefits example. Other benefits example. Other benefits example. Other benefits example. Other benefits example. Other benefits example. Other benefits example. Other benefits example. Other benefits example. Other benefits example. Other benefits example. Other benefits example. Other benefits example. Other benefits example. Other benefits example. Other benefits example. Other benefits example.',NULL,NULL,NULL,6,'Qualification Example One','Company Profile Example. Company Profile Example. Company Profile Example. Company Profile Example. Company Profile Example. Company Profile Example. Company Profile Example. Company Profile Example. Company Profile Example. Company Profile Example. Company Profile Example. Company Profile Example. Company Profile Example. Company Profile Example. Company Profile Example.','BDT',1,NULL,0,'','Company Example','job-post-example-twenty-three-48c6ccb6',0,0,'Additional Education is here. Additional Education is here. Additional Education is here. Additional Education is here. Additional Education is here. Additional Education is here. Additional Education is here. Additional Education is here. Additional Education is here. Additional Education is here. Additional Education is here. Additional Education is here. Additional Education is here. Additional Education is here. Additional Education is here. Additional Education is here. Additional Education is here. Additional Education is here. Additional Education is here. Additional Education is here. Additional Education is here. Additional Education is here. Additional Education is here. Additional Education is here. Additional Education is here. Additional Education is here. Additional Education is here. Additional Education is here.',NULL,NULL,NULL,NULL,'Company Area','Khulna, Bangladesh','Bangladesh','2020-07-14 04:59:22.752304','1','127.0.0.1','OPERATOR',0,'Job Area','Khulna, Bangladesh','Bangladesh','FULLTIME','ONSITE','CONTRACTUAL',NULL,NULL,NULL,'2020-07-18 04:24:34.615342','1','127.0.0.1','2020-05-08 04:41:23.000000',NULL,NULL,'PUBLISHED','Job Category Example Two','Male',NULL,NULL,NULL,0,NULL,NULL,NULL,NULL,NULL,'AMOUNT'),('d6a93c0ce39b457b8e93bc57dbe87367','Job Post Example Fourteen Single','Badda, Gulsan',15000.00,20000.00,'2022-01-01','<p>Job Description Example is here. Job Description Example is here. Job Description Example is here. Job Description Example is here. Job Description Example is here. Job Description Example is here. Job Description Example is here. Job Description Example is here. Job Description Example is here. Job Description Example is here. Job Description Example is here. Job Description Example is here. Job Description Example is here. Job Description Example is here. Job Description Example is here. Job Description Example is here. Job Description Example is here. Job Description Example is here. Job Description Example is here. Job Description Example is here. Job Description Example is here. Job Description Example is here.</p>','<p>Job Responsibilities are. Job Responsibilities are. Job Responsibilities are. Job Responsibilities are. Job Responsibilities are. Job Responsibilities are. Job Responsibilities are. Job Responsibilities are. Job Responsibilities are. Job Responsibilities are. Job Responsibilities are. Job Responsibilities are. Job Responsibilities are. Job Responsibilities are. Job Responsibilities are. Job Responsibilities are. Job Responsibilities are. Job Responsibilities are. Job Responsibilities are. Job Responsibilities are. Job Responsibilities are. Job Responsibilities are. Job Responsibilities are. Job Responsibilities are. Job Responsibilities are. Job Responsibilities are. Job Responsibilities are. Job Responsibilities are. Job Responsibilities are. Job Responsibilities are. Job Responsibilities are.</p>','<p>Job Education is here. Job Education is here. Job Education is here. Job Education is here. Job Education is here. Job Education is here. Job Education is here. Job Education is here. Job Education is here. Job Education is here. Job Education is here. Job Education is here. Job Education is here. Job Education is here. Job Education is here. Job Education is here. Job Education is here. Job Education is here. Job Education is here. Job Education is here. Job Education is here. Job Education is here. Job Education is here. Job Education is here. Job Education is here. Job Education is here. Job Education is here. Job Education is here. Job Education is here. Job Education is here. Job Education is here. Job Education is here. Job Education is here. Job Education is here. Job Education is here. Job Education is here. Job Education is here.</p>','<p>Other benefits example. Other benefits example. Other benefits example. Other benefits example. Other benefits example. Other benefits example. Other benefits example. Other benefits example. Other benefits example. Other benefits example. Other benefits example. Other benefits example. Other benefits example. Other benefits example. Other benefits example. Other benefits example. Other benefits example. Other benefits example. Other benefits example. Other benefits example. Other benefits example. Other benefits example. Other benefits example. Other benefits example. Other benefits example. Other benefits example. Other benefits example. Other benefits example. Other benefits example.</p>',NULL,NULL,NULL,8,'Qualification Example Two','<p>Company Profile Example. Company Profile Example. Company Profile Example. Company Profile Example. Company Profile Example. Company Profile Example. Company Profile Example. Company Profile Example. Company Profile Example. Company Profile Example. Company Profile Example. Company Profile Example. Company Profile Example. Company Profile Example. Company Profile Example.</p>','USD',1,NULL,0,'','Company Example View','job-post-example-fourteen-dbe87367',1,1,'<p>Additional Education is here. Additional Education is here. Additional Education is here. Additional Education is here. Additional Education is here. Additional Education is here. Additional Education is here. Additional Education is here. Additional Education is here. Additional Education is here. Additional Education is here. Additional Education is here. Additional Education is here. Additional Education is here. Additional Education is here. Additional Education is here. Additional Education is here. Additional Education is here. Additional Education is here. Additional Education is here. Additional Education is here. Additional Education is here. Additional Education is here. Additional Education is here. Additional Education is here. Additional Education is here. Additional Education is here. Additional Education is here.</p>',NULL,NULL,NULL,NULL,'Company Area','Bangladesh,Dhaka','Bangladesh','2020-07-14 04:51:47.510882','1','127.0.0.1','OPERATOR',0,'Job Area','Bangladesh,Chattagram','Bangladesh','PARTTIME','ONSITE','CONTRACTUAL',NULL,NULL,NULL,'2020-08-11 04:59:12.465747','1','127.0.0.1','2020-07-14 04:41:23.000000',NULL,NULL,'PUBLISHED','Job Category Example One','Any',NULL,NULL,NULL,1,NULL,NULL,NULL,NULL,NULL,'AMOUNT'),('db463589adc84da4b562aaa5cba03869','Job Post Example Eighteen','Badda, Gulsan',40000.00,60000.00,'2022-01-01','Job Description Example is here. Job Description Example is here. Job Description Example is here. Job Description Example is here. Job Description Example is here. Job Description Example is here. Job Description Example is here. Job Description Example is here. Job Description Example is here. Job Description Example is here. Job Description Example is here. Job Description Example is here. Job Description Example is here. Job Description Example is here. Job Description Example is here. Job Description Example is here. Job Description Example is here. Job Description Example is here. Job Description Example is here. Job Description Example is here. Job Description Example is here. Job Description Example is here.','Job Responsibilities are. Job Responsibilities are. Job Responsibilities are. Job Responsibilities are. Job Responsibilities are. Job Responsibilities are. Job Responsibilities are. Job Responsibilities are. Job Responsibilities are. Job Responsibilities are. Job Responsibilities are. Job Responsibilities are. Job Responsibilities are. Job Responsibilities are. Job Responsibilities are. Job Responsibilities are. Job Responsibilities are. Job Responsibilities are. Job Responsibilities are. Job Responsibilities are. Job Responsibilities are. Job Responsibilities are. Job Responsibilities are. Job Responsibilities are. Job Responsibilities are. Job Responsibilities are. Job Responsibilities are. Job Responsibilities are. Job Responsibilities are. Job Responsibilities are. Job Responsibilities are.','Job Education is here. Job Education is here. Job Education is here. Job Education is here. Job Education is here. Job Education is here. Job Education is here. Job Education is here. Job Education is here. Job Education is here. Job Education is here. Job Education is here. Job Education is here. Job Education is here. Job Education is here. Job Education is here. Job Education is here. Job Education is here. Job Education is here. Job Education is here. Job Education is here. Job Education is here. Job Education is here. Job Education is here. Job Education is here. Job Education is here. Job Education is here. Job Education is here. Job Education is here. Job Education is here. Job Education is here. Job Education is here. Job Education is here. Job Education is here. Job Education is here. Job Education is here. Job Education is here.','Other benefits example. Other benefits example. Other benefits example. Other benefits example. Other benefits example. Other benefits example. Other benefits example. Other benefits example. Other benefits example. Other benefits example. Other benefits example. Other benefits example. Other benefits example. Other benefits example. Other benefits example. Other benefits example. Other benefits example. Other benefits example. Other benefits example. Other benefits example. Other benefits example. Other benefits example. Other benefits example. Other benefits example. Other benefits example. Other benefits example. Other benefits example. Other benefits example. Other benefits example.',NULL,NULL,NULL,6,'Qualification Example Two','Company Profile Example. Company Profile Example. Company Profile Example. Company Profile Example. Company Profile Example. Company Profile Example. Company Profile Example. Company Profile Example. Company Profile Example. Company Profile Example. Company Profile Example. Company Profile Example. Company Profile Example. Company Profile Example. Company Profile Example.','BDT',1,NULL,0,'','Company Example Two','job-post-example-eighteen-cba03869',0,0,'Additional Education is here. Additional Education is here. Additional Education is here. Additional Education is here. Additional Education is here. Additional Education is here. Additional Education is here. Additional Education is here. Additional Education is here. Additional Education is here. Additional Education is here. Additional Education is here. Additional Education is here. Additional Education is here. Additional Education is here. Additional Education is here. Additional Education is here. Additional Education is here. Additional Education is here. Additional Education is here. Additional Education is here. Additional Education is here. Additional Education is here. Additional Education is here. Additional Education is here. Additional Education is here. Additional Education is here. Additional Education is here.',NULL,NULL,NULL,NULL,'Company Area','Dhaka, Bangladesh','Bangladesh','2020-07-14 04:55:13.941406','1','127.0.0.1','OPERATOR',0,'Job Area','Khulna, Bangladesh','Bangladesh','FULLTIME','ONSITE','PERMANENT',NULL,NULL,NULL,'2020-07-18 04:26:40.310152','1','127.0.0.1','2020-04-21 04:41:23.000000',NULL,NULL,'PUBLISHED','Job Category Example Two','Male',NULL,NULL,NULL,1,NULL,NULL,NULL,NULL,NULL,'AMOUNT'),('db8b4285f8c84240925e420743e869dd','Job Post Example Six','Badda, Gulsan',10000.00,20000.00,'2022-01-01','Job Description Example is here. Job Description Example is here. Job Description Example is here. Job Description Example is here. Job Description Example is here. Job Description Example is here. Job Description Example is here. Job Description Example is here. Job Description Example is here. Job Description Example is here. Job Description Example is here. Job Description Example is here. Job Description Example is here. Job Description Example is here. Job Description Example is here. Job Description Example is here. Job Description Example is here. Job Description Example is here. Job Description Example is here. Job Description Example is here. Job Description Example is here. Job Description Example is here.','Job Responsibilities are. Job Responsibilities are. Job Responsibilities are. Job Responsibilities are. Job Responsibilities are. Job Responsibilities are. Job Responsibilities are. Job Responsibilities are. Job Responsibilities are. Job Responsibilities are. Job Responsibilities are. Job Responsibilities are. Job Responsibilities are. Job Responsibilities are. Job Responsibilities are. Job Responsibilities are. Job Responsibilities are. Job Responsibilities are. Job Responsibilities are. Job Responsibilities are. Job Responsibilities are. Job Responsibilities are. Job Responsibilities are. Job Responsibilities are. Job Responsibilities are. Job Responsibilities are. Job Responsibilities are. Job Responsibilities are. Job Responsibilities are. Job Responsibilities are. Job Responsibilities are.','Job Education is here. Job Education is here. Job Education is here. Job Education is here. Job Education is here. Job Education is here. Job Education is here. Job Education is here. Job Education is here. Job Education is here. Job Education is here. Job Education is here. Job Education is here. Job Education is here. Job Education is here. Job Education is here. Job Education is here. Job Education is here. Job Education is here. Job Education is here. Job Education is here. Job Education is here. Job Education is here. Job Education is here. Job Education is here. Job Education is here. Job Education is here. Job Education is here. Job Education is here. Job Education is here. Job Education is here. Job Education is here. Job Education is here. Job Education is here. Job Education is here. Job Education is here. Job Education is here.','Other benefits example. Other benefits example. Other benefits example. Other benefits example. Other benefits example. Other benefits example. Other benefits example. Other benefits example. Other benefits example. Other benefits example. Other benefits example. Other benefits example. Other benefits example. Other benefits example. Other benefits example. Other benefits example. Other benefits example. Other benefits example. Other benefits example. Other benefits example. Other benefits example. Other benefits example. Other benefits example. Other benefits example. Other benefits example. Other benefits example. Other benefits example. Other benefits example. Other benefits example.',NULL,NULL,NULL,3,'Qualification Example One','Company Profile Example. Company Profile Example. Company Profile Example. Company Profile Example. Company Profile Example. Company Profile Example. Company Profile Example. Company Profile Example. Company Profile Example. Company Profile Example. Company Profile Example. Company Profile Example. Company Profile Example. Company Profile Example. Company Profile Example.','BDT',1,NULL,0,'','Company Example','job-post-example-six-43e869dd',0,0,'Additional Education is here. Additional Education is here. Additional Education is here. Additional Education is here. Additional Education is here. Additional Education is here. Additional Education is here. Additional Education is here. Additional Education is here. Additional Education is here. Additional Education is here. Additional Education is here. Additional Education is here. Additional Education is here. Additional Education is here. Additional Education is here. Additional Education is here. Additional Education is here. Additional Education is here. Additional Education is here. Additional Education is here. Additional Education is here. Additional Education is here. Additional Education is here. Additional Education is here. Additional Education is here. Additional Education is here. Additional Education is here.',NULL,NULL,NULL,NULL,'Company Area','Dhaka, Bangladesh','Bangladesh','2020-07-14 04:44:13.111646','1','127.0.0.1','OPERATOR',0,'Job Area','Dhaka, Bangladesh','Bangladesh','FULLTIME','REMOTE','CONTRACTUAL',NULL,NULL,NULL,'2020-07-18 04:24:18.302034','1','127.0.0.1','2020-05-06 04:41:23.000000',NULL,NULL,'PUBLISHED','Job Category Example One','Any',NULL,NULL,NULL,1,NULL,NULL,NULL,NULL,NULL,'AMOUNT'),('e89067bb33524f17a8d1d8df9601b714','Job Post Example Nine','Badda, Gulsan',25000.00,40000.00,'2022-01-01','Job Description Example is here. Job Description Example is here. Job Description Example is here. Job Description Example is here. Job Description Example is here. Job Description Example is here. Job Description Example is here. Job Description Example is here. Job Description Example is here. Job Description Example is here. Job Description Example is here. Job Description Example is here. Job Description Example is here. Job Description Example is here. Job Description Example is here. Job Description Example is here. Job Description Example is here. Job Description Example is here. Job Description Example is here. Job Description Example is here. Job Description Example is here. Job Description Example is here.','Job Responsibilities are. Job Responsibilities are. Job Responsibilities are. Job Responsibilities are. Job Responsibilities are. Job Responsibilities are. Job Responsibilities are. Job Responsibilities are. Job Responsibilities are. Job Responsibilities are. Job Responsibilities are. Job Responsibilities are. Job Responsibilities are. Job Responsibilities are. Job Responsibilities are. Job Responsibilities are. Job Responsibilities are. Job Responsibilities are. Job Responsibilities are. Job Responsibilities are. Job Responsibilities are. Job Responsibilities are. Job Responsibilities are. Job Responsibilities are. Job Responsibilities are. Job Responsibilities are. Job Responsibilities are. Job Responsibilities are. Job Responsibilities are. Job Responsibilities are. Job Responsibilities are.','Job Education is here. Job Education is here. Job Education is here. Job Education is here. Job Education is here. Job Education is here. Job Education is here. Job Education is here. Job Education is here. Job Education is here. Job Education is here. Job Education is here. Job Education is here. Job Education is here. Job Education is here. Job Education is here. Job Education is here. Job Education is here. Job Education is here. Job Education is here. Job Education is here. Job Education is here. Job Education is here. Job Education is here. Job Education is here. Job Education is here. Job Education is here. Job Education is here. Job Education is here. Job Education is here. Job Education is here. Job Education is here. Job Education is here. Job Education is here. Job Education is here. Job Education is here. Job Education is here.','Other benefits example. Other benefits example. Other benefits example. Other benefits example. Other benefits example. Other benefits example. Other benefits example. Other benefits example. Other benefits example. Other benefits example. Other benefits example. Other benefits example. Other benefits example. Other benefits example. Other benefits example. Other benefits example. Other benefits example. Other benefits example. Other benefits example. Other benefits example. Other benefits example. Other benefits example. Other benefits example. Other benefits example. Other benefits example. Other benefits example. Other benefits example. Other benefits example. Other benefits example.',NULL,NULL,NULL,5,'Qualification Example One','Company Profile Example. Company Profile Example. Company Profile Example. Company Profile Example. Company Profile Example. Company Profile Example. Company Profile Example. Company Profile Example. Company Profile Example. Company Profile Example. Company Profile Example. Company Profile Example. Company Profile Example. Company Profile Example. Company Profile Example.','BDT',1,NULL,0,'','Company Example','job-post-example-nine-9601b714',1,1,'Additional Education is here. Additional Education is here. Additional Education is here. Additional Education is here. Additional Education is here. Additional Education is here. Additional Education is here. Additional Education is here. Additional Education is here. Additional Education is here. Additional Education is here. Additional Education is here. Additional Education is here. Additional Education is here. Additional Education is here. Additional Education is here. Additional Education is here. Additional Education is here. Additional Education is here. Additional Education is here. Additional Education is here. Additional Education is here. Additional Education is here. Additional Education is here. Additional Education is here. Additional Education is here. Additional Education is here. Additional Education is here.',NULL,NULL,NULL,NULL,'Company Area','Dhaka, Bangladesh','Bangladesh','2020-07-14 04:46:24.866562','1','127.0.0.1','OPERATOR',0,'Job Area','Dhaka, Bangladesh','Bangladesh','PARTTIME','ONSITE','PERMANENT',NULL,NULL,NULL,'2020-07-18 04:23:55.650847','1','127.0.0.1','2020-06-24 04:41:23.000000',NULL,NULL,'PUBLISHED','Job Category Example Two','Male',NULL,NULL,NULL,1,NULL,NULL,NULL,NULL,NULL,'AMOUNT'),('f8b30e6cbc214fe59c3cadd8673fb865','Job Post Example Fifteen','Badda, Gulsan',15000.00,20000.00,'2022-01-01','<p>Job Description Example is here. Job Description Example is here. Job Description Example is here. Job Description Example is here. Job Description Example is here. Job Description Example is here. Job Description Example is here. Job Description Example is here. Job Description Example is here. Job Description Example is here. Job Description Example is here. Job Description Example is here. Job Description Example is here. Job Description Example is here. Job Description Example is here. Job Description Example is here. Job Description Example is here. Job Description Example is here. Job Description Example is here. Job Description Example is here. Job Description Example is here. Job Description Example is here.</p>','<p>Job Responsibilities are. Job Responsibilities are. Job Responsibilities are. Job Responsibilities are. Job Responsibilities are. Job Responsibilities are. Job Responsibilities are. Job Responsibilities are. Job Responsibilities are. Job Responsibilities are. Job Responsibilities are. Job Responsibilities are. Job Responsibilities are. Job Responsibilities are. Job Responsibilities are. Job Responsibilities are. Job Responsibilities are. Job Responsibilities are. Job Responsibilities are. Job Responsibilities are. Job Responsibilities are. Job Responsibilities are. Job Responsibilities are. Job Responsibilities are. Job Responsibilities are. Job Responsibilities are. Job Responsibilities are. Job Responsibilities are. Job Responsibilities are. Job Responsibilities are. Job Responsibilities are.</p>','<p>Job Education is here. Job Education is here. Job Education is here. Job Education is here. Job Education is here. Job Education is here. Job Education is here. Job Education is here. Job Education is here. Job Education is here. Job Education is here. Job Education is here. Job Education is here. Job Education is here. Job Education is here. Job Education is here. Job Education is here. Job Education is here. Job Education is here. Job Education is here. Job Education is here. Job Education is here. Job Education is here. Job Education is here. Job Education is here. Job Education is here. Job Education is here. Job Education is here. Job Education is here. Job Education is here. Job Education is here. Job Education is here. Job Education is here. Job Education is here. Job Education is here. Job Education is here. Job Education is here.</p>','<p>Other benefits example. Other benefits example. Other benefits example. Other benefits example. Other benefits example. Other benefits example. Other benefits example. Other benefits example. Other benefits example. Other benefits example. Other benefits example. Other benefits example. Other benefits example. Other benefits example. Other benefits example. Other benefits example. Other benefits example. Other benefits example. Other benefits example. Other benefits example. Other benefits example. Other benefits example. Other benefits example. Other benefits example. Other benefits example. Other benefits example. Other benefits example. Other benefits example. Other benefits example.</p>',NULL,NULL,NULL,8,'Qualification Example Two','<p>Company Profile Example. Company Profile Example. Company Profile Example. Company Profile Example. Company Profile Example. Company Profile Example. Company Profile Example. Company Profile Example. Company Profile Example. Company Profile Example. Company Profile Example. Company Profile Example. Company Profile Example. Company Profile Example. Company Profile Example.</p>','USD',1,NULL,0,'','Company Example View','job-post-example-fifteen-673fb865',0,1,'<p>Additional Education is here. Additional Education is here. Additional Education is here. Additional Education is here. Additional Education is here. Additional Education is here. Additional Education is here. Additional Education is here. Additional Education is here. Additional Education is here. Additional Education is here. Additional Education is here. Additional Education is here. Additional Education is here. Additional Education is here. Additional Education is here. Additional Education is here. Additional Education is here. Additional Education is here. Additional Education is here. Additional Education is here. Additional Education is here. Additional Education is here. Additional Education is here. Additional Education is here. Additional Education is here. Additional Education is here. Additional Education is here.</p>',NULL,NULL,NULL,NULL,'Company Area','Bangladesh,Chattagram','Bangladesh','2020-07-14 04:52:39.664469','1','127.0.0.1','OPERATOR',0,'Job Area','Bangladesh,Rajshahi','Bangladesh','PARTTIME','ONSITE','CONTRACTUAL',NULL,NULL,NULL,'2020-08-11 04:59:23.097052','1','127.0.0.1','2020-07-14 04:41:23.000000',NULL,NULL,'PUBLISHED','Job Category Example One','Any',NULL,NULL,NULL,1,NULL,NULL,NULL,NULL,NULL,'AMOUNT');
/*!40000 ALTER TABLE `jobs` ENABLE KEYS */;
UNLOCK TABLES;

--
-- Table structure for table `jobs_job_skills`
--

DROP TABLE IF EXISTS `jobs_job_skills`;
/*!40101 SET @saved_cs_client     = @@character_set_client */;
/*!40101 SET character_set_client = utf8 */;
CREATE TABLE `jobs_job_skills` (
  `id` int(11) NOT NULL AUTO_INCREMENT,
  `job_id` char(32) NOT NULL,
  `skill_id` int(11) NOT NULL,
  PRIMARY KEY (`id`),
  UNIQUE KEY `jobs_job_skills_job_id_skill_id_1a073345_uniq` (`job_id`,`skill_id`),
  KEY `jobs_job_skills_skill_id_bfb4f93e_fk_skills_id` (`skill_id`),
  CONSTRAINT `jobs_job_skills_job_id_81ac3e26_fk_jobs_id` FOREIGN KEY (`job_id`) REFERENCES `jobs` (`id`),
  CONSTRAINT `jobs_job_skills_skill_id_bfb4f93e_fk_skills_id` FOREIGN KEY (`skill_id`) REFERENCES `skills` (`id`)
) ENGINE=InnoDB AUTO_INCREMENT=127 DEFAULT CHARSET=utf8;
/*!40101 SET character_set_client = @saved_cs_client */;

--
-- Dumping data for table `jobs_job_skills`
--

LOCK TABLES `jobs_job_skills` WRITE;
/*!40000 ALTER TABLE `jobs_job_skills` DISABLE KEYS */;
INSERT INTO `jobs_job_skills` VALUES (13,'0711248315e942adbf1c75fa9c64ad66',2),(36,'0c3533d6cb684d70ae8473db347e8097',3),(37,'0c3533d6cb684d70ae8473db347e8097',4),(28,'10ffa86496784a65a186336ab97b7bd6',2),(29,'10ffa86496784a65a186336ab97b7bd6',3),(30,'10ffa86496784a65a186336ab97b7bd6',5),(31,'10ffa86496784a65a186336ab97b7bd6',6),(40,'116f5561c71b40eeaaf9e86372f1f7c9',3),(41,'116f5561c71b40eeaaf9e86372f1f7c9',4),(64,'1272cf8f06e44cd2ad6e5b430f8ac2f9',1),(65,'1272cf8f06e44cd2ad6e5b430f8ac2f9',2),(66,'1272cf8f06e44cd2ad6e5b430f8ac2f9',3),(67,'1272cf8f06e44cd2ad6e5b430f8ac2f9',5),(68,'1272cf8f06e44cd2ad6e5b430f8ac2f9',7),(79,'15c98cfb735445829846f0b22452b850',1),(80,'15c98cfb735445829846f0b22452b850',2),(81,'15c98cfb735445829846f0b22452b850',3),(82,'15c98cfb735445829846f0b22452b850',5),(83,'15c98cfb735445829846f0b22452b850',7),(14,'18b882dd66d14885a9a511a86c34dcb5',5),(12,'1e824e4b9da942348b9afe2bdd54500b',6),(104,'2077571f56dd4ea28d167d5976f9155a',3),(105,'2077571f56dd4ea28d167d5976f9155a',4),(17,'287ddec6026f4e70b597de18b9438b1f',2),(18,'287ddec6026f4e70b597de18b9438b1f',4),(7,'2cfddc8ea6084ed3b75dd2907b147709',1),(8,'2cfddc8ea6084ed3b75dd2907b147709',3),(9,'2cfddc8ea6084ed3b75dd2907b147709',4),(108,'34b2ad7d25934a7d9e2079d0752f2baa',2),(109,'34b2ad7d25934a7d9e2079d0752f2baa',3),(110,'34b2ad7d25934a7d9e2079d0752f2baa',4),(111,'34b2ad7d25934a7d9e2079d0752f2baa',5),(61,'3e245a0ff1d845a0aade343265c23e46',1),(62,'3e245a0ff1d845a0aade343265c23e46',3),(63,'3e245a0ff1d845a0aade343265c23e46',5),(101,'4b13cd0efce6464da936b15b0638b040',1),(102,'4b13cd0efce6464da936b15b0638b040',3),(103,'4b13cd0efce6464da936b15b0638b040',5),(58,'4cc9d99a7b0648d99345a6bfca26ff17',1),(59,'4cc9d99a7b0648d99345a6bfca26ff17',3),(60,'4cc9d99a7b0648d99345a6bfca26ff17',5),(52,'4dec763b0d44439b9619010569cc8209',3),(53,'4dec763b0d44439b9619010569cc8209',4),(124,'528731050c7d4809a0f361db7136a87e',1),(125,'528731050c7d4809a0f361db7136a87e',2),(126,'528731050c7d4809a0f361db7136a87e',3),(19,'5a418791a4984e90add31841f34744a5',1),(20,'5a418791a4984e90add31841f34744a5',4),(106,'66d2e72f3fc04af69a2d5e75da4d0e06',3),(107,'66d2e72f3fc04af69a2d5e75da4d0e06',4),(121,'683b3e17d3f14a06a92ca37c52c31eaa',1),(122,'683b3e17d3f14a06a92ca37c52c31eaa',3),(123,'683b3e17d3f14a06a92ca37c52c31eaa',5),(50,'6a8dc51a9ad34a55a2d1b4d989c55bc8',3),(51,'6a8dc51a9ad34a55a2d1b4d989c55bc8',4),(84,'6d8981f45dda40de9034db67834dfd65',1),(85,'6d8981f45dda40de9034db67834dfd65',2),(86,'6d8981f45dda40de9034db67834dfd65',3),(87,'6d8981f45dda40de9034db67834dfd65',5),(88,'6d8981f45dda40de9034db67834dfd65',7),(25,'7769cb042df844b58df8487db5860fe4',3),(26,'7769cb042df844b58df8487db5860fe4',5),(27,'7769cb042df844b58df8487db5860fe4',6),(69,'7a1918eae5c2404795f98aedc11cc8f0',1),(70,'7a1918eae5c2404795f98aedc11cc8f0',2),(71,'7a1918eae5c2404795f98aedc11cc8f0',3),(72,'7a1918eae5c2404795f98aedc11cc8f0',5),(73,'7a1918eae5c2404795f98aedc11cc8f0',7),(112,'7a6b75abe3c04e45982119ccbec1ecde',1),(113,'7a6b75abe3c04e45982119ccbec1ecde',3),(114,'7a6b75abe3c04e45982119ccbec1ecde',5),(115,'7b76fa70103c45858fbf89fd283887d1',1),(116,'7b76fa70103c45858fbf89fd283887d1',3),(117,'7b76fa70103c45858fbf89fd283887d1',5),(34,'8677deca585441de87e9bf316066eca2',3),(35,'8677deca585441de87e9bf316066eca2',4),(96,'8677deca585441de87e9bf316066eca2',7),(118,'873797281cdc4fdab5e43aec31872b16',1),(119,'873797281cdc4fdab5e43aec31872b16',3),(120,'873797281cdc4fdab5e43aec31872b16',5),(89,'957a5292657e42a0bebfa355bcea91ba',1),(10,'957a5292657e42a0bebfa355bcea91ba',2),(90,'957a5292657e42a0bebfa355bcea91ba',3),(91,'957a5292657e42a0bebfa355bcea91ba',4),(11,'957a5292657e42a0bebfa355bcea91ba',5),(92,'957a5292657e42a0bebfa355bcea91ba',7),(97,'97f614ffef5e45659625bb220dbd2a56',2),(98,'97f614ffef5e45659625bb220dbd2a56',3),(99,'97f614ffef5e45659625bb220dbd2a56',4),(100,'97f614ffef5e45659625bb220dbd2a56',5),(32,'9db7d9a76153406883fab4b405f9024e',3),(33,'9db7d9a76153406883fab4b405f9024e',4),(95,'9db7d9a76153406883fab4b405f9024e',7),(38,'ab635de045d74b6380410aca0eb8081c',3),(39,'ab635de045d74b6380410aca0eb8081c',4),(74,'b927b49f86484f5c87c945fa48c6ccb6',1),(75,'b927b49f86484f5c87c945fa48c6ccb6',2),(76,'b927b49f86484f5c87c945fa48c6ccb6',3),(77,'b927b49f86484f5c87c945fa48c6ccb6',5),(78,'b927b49f86484f5c87c945fa48c6ccb6',7),(42,'d6a93c0ce39b457b8e93bc57dbe87367',2),(43,'d6a93c0ce39b457b8e93bc57dbe87367',3),(44,'d6a93c0ce39b457b8e93bc57dbe87367',4),(45,'d6a93c0ce39b457b8e93bc57dbe87367',5),(54,'db463589adc84da4b562aaa5cba03869',1),(55,'db463589adc84da4b562aaa5cba03869',3),(56,'db463589adc84da4b562aaa5cba03869',4),(57,'db463589adc84da4b562aaa5cba03869',5),(15,'db8b4285f8c84240925e420743e869dd',1),(16,'db8b4285f8c84240925e420743e869dd',5),(94,'db8b4285f8c84240925e420743e869dd',7),(21,'e89067bb33524f17a8d1d8df9601b714',1),(22,'e89067bb33524f17a8d1d8df9601b714',2),(23,'e89067bb33524f17a8d1d8df9601b714',3),(93,'e89067bb33524f17a8d1d8df9601b714',7),(46,'f8b30e6cbc214fe59c3cadd8673fb865',2),(47,'f8b30e6cbc214fe59c3cadd8673fb865',3),(48,'f8b30e6cbc214fe59c3cadd8673fb865',4),(49,'f8b30e6cbc214fe59c3cadd8673fb865',5);
/*!40000 ALTER TABLE `jobs_job_skills` ENABLE KEYS */;
UNLOCK TABLES;

--
-- Table structure for table `majors`
--

DROP TABLE IF EXISTS `majors`;
/*!40101 SET @saved_cs_client     = @@character_set_client */;
/*!40101 SET character_set_client = utf8 */;
CREATE TABLE `majors` (
  `id` int(11) NOT NULL AUTO_INCREMENT,
  `name` varchar(255) NOT NULL,
  `archived_at` datetime(6) DEFAULT NULL,
  `archived_by` varchar(255) DEFAULT NULL,
  `archived_from` varchar(255) DEFAULT NULL,
  `created_at` datetime(6) DEFAULT NULL,
  `created_by` varchar(255) DEFAULT NULL,
  `created_from` varchar(255) DEFAULT NULL,
  `is_archived` tinyint(1) NOT NULL,
  `modified_at` datetime(6) DEFAULT NULL,
  `modified_by` varchar(255) DEFAULT NULL,
  `modified_from` varchar(255) DEFAULT NULL,
  PRIMARY KEY (`id`)
) ENGINE=InnoDB AUTO_INCREMENT=3 DEFAULT CHARSET=utf8;
/*!40101 SET character_set_client = @saved_cs_client */;

--
-- Dumping data for table `majors`
--

LOCK TABLES `majors` WRITE;
/*!40000 ALTER TABLE `majors` DISABLE KEYS */;
INSERT INTO `majors` VALUES (1,'Major Example Three',NULL,NULL,NULL,'2020-07-14 05:02:53.256415','1','127.0.0.1',0,'2020-08-11 07:09:23.608628','1','127.0.0.1'),(2,'Major Example Two',NULL,NULL,NULL,'2020-07-14 05:03:00.877433','1','127.0.0.1',0,NULL,NULL,NULL);
/*!40000 ALTER TABLE `majors` ENABLE KEYS */;
UNLOCK TABLES;

--
-- Table structure for table `membership_organizations`
--

DROP TABLE IF EXISTS `membership_organizations`;
/*!40101 SET @saved_cs_client     = @@character_set_client */;
/*!40101 SET character_set_client = utf8 */;
CREATE TABLE `membership_organizations` (
  `id` int(11) NOT NULL AUTO_INCREMENT,
  `created_by` varchar(255) DEFAULT NULL,
  `created_at` datetime(6) DEFAULT NULL,
  `created_from` varchar(255) DEFAULT NULL,
  `modified_by` varchar(255) DEFAULT NULL,
  `modified_at` datetime(6) DEFAULT NULL,
  `modified_from` varchar(255) DEFAULT NULL,
  `is_archived` tinyint(1) NOT NULL,
  `archived_by` varchar(255) DEFAULT NULL,
  `archived_at` datetime(6) DEFAULT NULL,
  `archived_from` varchar(255) DEFAULT NULL,
  `name` varchar(255) NOT NULL,
  `image` varchar(100) DEFAULT NULL,
  PRIMARY KEY (`id`)
) ENGINE=InnoDB AUTO_INCREMENT=5 DEFAULT CHARSET=utf8;
/*!40101 SET character_set_client = @saved_cs_client */;

--
-- Dumping data for table `membership_organizations`
--

LOCK TABLES `membership_organizations` WRITE;
/*!40000 ALTER TABLE `membership_organizations` DISABLE KEYS */;
INSERT INTO `membership_organizations` VALUES (1,'1','2020-08-11 07:10:01.970303','127.0.0.1','1','2020-08-11 07:17:09.568613','127.0.0.1',0,NULL,NULL,NULL,'Membership Organization Example One','images/2_2AGUDwD.jpeg'),(2,'1','2020-08-11 07:10:12.237254','127.0.0.1','1','2020-08-11 07:17:25.030710','127.0.0.1',0,NULL,NULL,NULL,'Membership Organization Example Two','images/3_0D1M5G0.jpeg'),(3,'1','2020-08-11 07:10:21.685952','127.0.0.1','1','2020-08-11 07:17:33.557338','127.0.0.1',0,NULL,NULL,NULL,'Membership Organization Example Three','images/7.jpg'),(4,'1','2020-08-11 07:10:32.628808','127.0.0.1','1','2020-08-11 07:17:42.017503','127.0.0.1',0,NULL,NULL,NULL,'Membership Organization Example Four','images/7_sFNxx4W.jpg');
/*!40000 ALTER TABLE `membership_organizations` ENABLE KEYS */;
UNLOCK TABLES;

--
-- Table structure for table `memberships`
--

DROP TABLE IF EXISTS `memberships`;
/*!40101 SET @saved_cs_client     = @@character_set_client */;
/*!40101 SET character_set_client = utf8 */;
CREATE TABLE `memberships` (
  `id` int(11) NOT NULL AUTO_INCREMENT,
  `position_held` varchar(255) DEFAULT NULL,
  `membership_ongoing` tinyint(1) NOT NULL,
  `start_date` date DEFAULT NULL,
  `end_date` date DEFAULT NULL,
  `description` longtext,
  `professional_id` char(32) NOT NULL,
  `is_archived` tinyint(1) NOT NULL,
  `created_by` varchar(255) DEFAULT NULL,
  `modified_by` varchar(255) DEFAULT NULL,
  `organization` varchar(255) NOT NULL,
  `archived_at` datetime(6) DEFAULT NULL,
  `archived_by` varchar(255) DEFAULT NULL,
  `archived_from` varchar(255) DEFAULT NULL,
  `created_from` varchar(255) DEFAULT NULL,
  `modified_from` varchar(255) DEFAULT NULL,
  `created_at` datetime(6) DEFAULT NULL,
  `modified_at` datetime(6) DEFAULT NULL,
  `organization_key_id` int(11) DEFAULT NULL,
  PRIMARY KEY (`id`),
  KEY `memberships_professional_id_605f7b81_fk_professionals_id` (`professional_id`),
  KEY `memberships_organization_key_id_ef087785_fk_membershi` (`organization_key_id`),
  CONSTRAINT `memberships_organization_key_id_ef087785_fk_membershi` FOREIGN KEY (`organization_key_id`) REFERENCES `membership_organizations` (`id`),
  CONSTRAINT `memberships_professional_id_605f7b81_fk_professionals_id` FOREIGN KEY (`professional_id`) REFERENCES `professionals` (`id`)
) ENGINE=InnoDB AUTO_INCREMENT=3 DEFAULT CHARSET=utf8;
/*!40101 SET character_set_client = @saved_cs_client */;

--
-- Dumping data for table `memberships`
--

LOCK TABLES `memberships` WRITE;
/*!40000 ALTER TABLE `memberships` DISABLE KEYS */;
INSERT INTO `memberships` VALUES (1,'Member',0,'2020-01-01','2020-07-18','<p>Test about me.&nbsp;Test about me.&nbsp;Test about me.&nbsp;Test about me.&nbsp;Test about me.&nbsp;Test about me.&nbsp;Test about me.&nbsp;Test about me.&nbsp;Test about me.&nbsp;Test about me.&nbsp;Test about me.&nbsp;Test about me.&nbsp;Test about me.&nbsp;Test about me.&nbsp;Test about me.&nbsp;Test about me.&nbsp;</p>\r\n<ol>\r\n<li>Test about me.&nbsp;Test about me.&nbsp;</li>\r\n<li>Test about me.&nbsp;Test about me.&nbsp;</li>\r\n<li><strong>Test about me.&nbsp;</strong></li>\r\n</ol>','781d597065fe4136af3520c38eb8042b',0,'6','1','Example organization',NULL,NULL,NULL,'127.0.0.1','127.0.0.1','2020-07-18 04:08:13.864208','2020-08-11 07:16:27.594850',1),(2,'dsfgdg',1,'2020-08-03',NULL,'<p>dgfdgg</p>','5ec333621826464fafe0501d0cf39fc8',1,'4','4','Organisation','2020-08-11 06:59:15.218606','4','127.0.0.1','127.0.0.1','127.0.0.1','2020-08-11 06:48:06.451163','2020-08-11 06:59:15.218567',NULL);
/*!40000 ALTER TABLE `memberships` ENABLE KEYS */;
UNLOCK TABLES;

--
-- Table structure for table `messaging_employermessage`
--

DROP TABLE IF EXISTS `messaging_employermessage`;
/*!40101 SET @saved_cs_client     = @@character_set_client */;
/*!40101 SET character_set_client = utf8 */;
CREATE TABLE `messaging_employermessage` (
  `id` int(11) NOT NULL AUTO_INCREMENT,
  `created_by` varchar(255) DEFAULT NULL,
  `created_at` datetime(6) DEFAULT NULL,
  `created_from` varchar(255) DEFAULT NULL,
  `modified_by` varchar(255) DEFAULT NULL,
  `modified_at` datetime(6) DEFAULT NULL,
  `modified_from` varchar(255) DEFAULT NULL,
  `is_archived` tinyint(1) NOT NULL,
  `archived_by` varchar(255) DEFAULT NULL,
  `archived_at` datetime(6) DEFAULT NULL,
  `archived_from` varchar(255) DEFAULT NULL,
  `message` longtext NOT NULL,
  `is_read` tinyint(1) NOT NULL,
  `receiver_id` int(11) DEFAULT NULL,
  `receiver_company_id` varchar(255) DEFAULT NULL,
  `receiver_pro_id` char(32) DEFAULT NULL,
  `receiver_type` varchar(30) DEFAULT NULL,
  `sender_id` int(11) DEFAULT NULL,
  `sender_company_id` varchar(255) DEFAULT NULL,
  `sender_pro_id` char(32) DEFAULT NULL,
  `sender_type` varchar(30) DEFAULT NULL,
  PRIMARY KEY (`id`),
  KEY `messaging_employermessage_receiver_id_abd95e3a_fk_auth_user_id` (`receiver_id`),
  KEY `messaging_employerme_receiver_company_id_04ca7023_fk_companies` (`receiver_company_id`),
  KEY `messaging_employerme_receiver_pro_id_521ed258_fk_professio` (`receiver_pro_id`),
  KEY `messaging_employermessage_sender_id_e941cf85_fk_auth_user_id` (`sender_id`),
  KEY `messaging_employerme_sender_company_id_89824513_fk_companies` (`sender_company_id`),
  KEY `messaging_employerme_sender_pro_id_c462dfa6_fk_professio` (`sender_pro_id`),
  CONSTRAINT `messaging_employerme_receiver_company_id_04ca7023_fk_companies` FOREIGN KEY (`receiver_company_id`) REFERENCES `companies` (`name`),
  CONSTRAINT `messaging_employerme_receiver_pro_id_521ed258_fk_professio` FOREIGN KEY (`receiver_pro_id`) REFERENCES `professionals` (`id`),
  CONSTRAINT `messaging_employerme_sender_company_id_89824513_fk_companies` FOREIGN KEY (`sender_company_id`) REFERENCES `companies` (`name`),
  CONSTRAINT `messaging_employerme_sender_pro_id_c462dfa6_fk_professio` FOREIGN KEY (`sender_pro_id`) REFERENCES `professionals` (`id`),
  CONSTRAINT `messaging_employermessage_receiver_id_abd95e3a_fk_auth_user_id` FOREIGN KEY (`receiver_id`) REFERENCES `auth_user` (`id`),
  CONSTRAINT `messaging_employermessage_sender_id_e941cf85_fk_auth_user_id` FOREIGN KEY (`sender_id`) REFERENCES `auth_user` (`id`)
) ENGINE=InnoDB AUTO_INCREMENT=11 DEFAULT CHARSET=utf8;
/*!40101 SET character_set_client = @saved_cs_client */;

--
-- Dumping data for table `messaging_employermessage`
--

LOCK TABLES `messaging_employermessage` WRITE;
/*!40000 ALTER TABLE `messaging_employermessage` DISABLE KEYS */;
INSERT INTO `messaging_employermessage` VALUES (1,'5','2020-08-12 06:11:53.759264','127.0.0.1',NULL,'2020-08-12 07:17:56.148844',NULL,0,NULL,NULL,NULL,'Hi prof example',0,4,NULL,'5ec333621826464fafe0501d0cf39fc8','Professional',5,'Company Example',NULL,'Company'),(2,'4','2020-08-12 06:16:19.259992','127.0.0.1',NULL,NULL,NULL,0,NULL,NULL,NULL,'Hi Company Example',0,5,'Company Example',NULL,'Company',4,NULL,'5ec333621826464fafe0501d0cf39fc8','Professional'),(3,'5','2020-08-12 06:16:36.754634','127.0.0.1',NULL,NULL,NULL,0,NULL,NULL,NULL,'How are you?',0,4,NULL,'5ec333621826464fafe0501d0cf39fc8','Professional',5,'Company Example',NULL,'Company'),(4,'4','2020-08-12 06:16:52.255288','127.0.0.1',NULL,NULL,NULL,0,NULL,NULL,NULL,'I am fine.',0,5,'Company Example',NULL,'Company',4,NULL,'5ec333621826464fafe0501d0cf39fc8','Professional'),(5,'7','2020-08-12 06:18:16.495553','127.0.0.1',NULL,NULL,NULL,0,NULL,NULL,NULL,'Hi Prof Example',0,4,NULL,'5ec333621826464fafe0501d0cf39fc8','Professional',7,'Company Example View',NULL,'Company'),(6,'4','2020-08-12 06:18:42.791695','127.0.0.1',NULL,NULL,NULL,0,NULL,NULL,NULL,'Hi Company Example View',0,7,'Company Example View',NULL,'Company',4,NULL,'5ec333621826464fafe0501d0cf39fc8','Professional'),(7,'7','2020-08-12 06:19:07.812015','127.0.0.1',NULL,NULL,NULL,0,NULL,NULL,NULL,'How are you',0,4,NULL,'5ec333621826464fafe0501d0cf39fc8','Professional',7,'Company Example View',NULL,'Company'),(8,'4','2020-08-12 06:19:32.140681','127.0.0.1',NULL,NULL,NULL,0,NULL,NULL,NULL,'I am fine.',0,7,'Company Example View',NULL,'Company',4,NULL,'5ec333621826464fafe0501d0cf39fc8','Professional'),(9,'7','2020-08-12 06:20:37.949473','127.0.0.1',NULL,NULL,NULL,0,NULL,NULL,NULL,'Hi prof example View',0,6,NULL,'781d597065fe4136af3520c38eb8042b','Professional',7,'Company Example View',NULL,'Company'),(10,'6','2020-08-12 06:21:06.924696','127.0.0.1',NULL,NULL,NULL,0,NULL,NULL,NULL,'Hi Company Example View',0,7,'Company Example View',NULL,'Company',6,NULL,'781d597065fe4136af3520c38eb8042b','Professional');
/*!40000 ALTER TABLE `messaging_employermessage` ENABLE KEYS */;
UNLOCK TABLES;

--
-- Table structure for table `messaging_fcmcloudmessaging`
--

DROP TABLE IF EXISTS `messaging_fcmcloudmessaging`;
/*!40101 SET @saved_cs_client     = @@character_set_client */;
/*!40101 SET character_set_client = utf8 */;
CREATE TABLE `messaging_fcmcloudmessaging` (
  `id` int(11) NOT NULL AUTO_INCREMENT,
  `created_by` varchar(255) DEFAULT NULL,
  `created_at` datetime(6) DEFAULT NULL,
  `created_from` varchar(255) DEFAULT NULL,
  `modified_by` varchar(255) DEFAULT NULL,
  `modified_at` datetime(6) DEFAULT NULL,
  `modified_from` varchar(255) DEFAULT NULL,
  `is_archived` tinyint(1) NOT NULL,
  `archived_by` varchar(255) DEFAULT NULL,
  `archived_at` datetime(6) DEFAULT NULL,
  `archived_from` varchar(255) DEFAULT NULL,
  `fcm_token` varchar(500) NOT NULL,
  `device_id` varchar(255) NOT NULL,
  `device_os_type` varchar(255) DEFAULT NULL,
  `device_os_version` varchar(255) DEFAULT NULL,
  `device_model` varchar(255) DEFAULT NULL,
  `device_brand` varchar(255) DEFAULT NULL,
  `app_version` varchar(255) DEFAULT NULL,
  `is_company` tinyint(1) DEFAULT NULL,
  `is_professional` tinyint(1) DEFAULT NULL,
  `company_id` varchar(255) DEFAULT NULL,
  `professional_id` char(32) DEFAULT NULL,
  `user_id` int(11) NOT NULL,
  PRIMARY KEY (`id`),
  UNIQUE KEY `messaging_fcmcloudmessag_user_id_fcm_token_device_122e9c26_uniq` (`user_id`,`fcm_token`,`device_id`),
  KEY `messaging_fcmcloudme_company_id_31903354_fk_companies` (`company_id`),
  KEY `messaging_fcmcloudme_professional_id_c3d51995_fk_professio` (`professional_id`),
  CONSTRAINT `messaging_fcmcloudme_company_id_31903354_fk_companies` FOREIGN KEY (`company_id`) REFERENCES `companies` (`name`),
  CONSTRAINT `messaging_fcmcloudme_professional_id_c3d51995_fk_professio` FOREIGN KEY (`professional_id`) REFERENCES `professionals` (`id`),
  CONSTRAINT `messaging_fcmcloudmessaging_user_id_bccb3c0e_fk_auth_user_id` FOREIGN KEY (`user_id`) REFERENCES `auth_user` (`id`)
) ENGINE=InnoDB DEFAULT CHARSET=utf8;
/*!40101 SET character_set_client = @saved_cs_client */;

--
-- Dumping data for table `messaging_fcmcloudmessaging`
--

LOCK TABLES `messaging_fcmcloudmessaging` WRITE;
/*!40000 ALTER TABLE `messaging_fcmcloudmessaging` DISABLE KEYS */;
/*!40000 ALTER TABLE `messaging_fcmcloudmessaging` ENABLE KEYS */;
UNLOCK TABLES;

--
-- Table structure for table `messaging_notification`
--

DROP TABLE IF EXISTS `messaging_notification`;
/*!40101 SET @saved_cs_client     = @@character_set_client */;
/*!40101 SET character_set_client = utf8 */;
CREATE TABLE `messaging_notification` (
  `id` int(11) NOT NULL AUTO_INCREMENT,
  `created_by` varchar(255) DEFAULT NULL,
  `created_at` datetime(6) DEFAULT NULL,
  `created_from` varchar(255) DEFAULT NULL,
  `modified_by` varchar(255) DEFAULT NULL,
  `modified_at` datetime(6) DEFAULT NULL,
  `modified_from` varchar(255) DEFAULT NULL,
  `is_archived` tinyint(1) NOT NULL,
  `archived_by` varchar(255) DEFAULT NULL,
  `archived_at` datetime(6) DEFAULT NULL,
  `archived_from` varchar(255) DEFAULT NULL,
  `title` varchar(255) NOT NULL,
  `message` longtext NOT NULL,
  `recipient` varchar(255) DEFAULT NULL,
  `is_read` tinyint(1) NOT NULL,
  PRIMARY KEY (`id`)
) ENGINE=InnoDB DEFAULT CHARSET=utf8;
/*!40101 SET character_set_client = @saved_cs_client */;

--
-- Dumping data for table `messaging_notification`
--

LOCK TABLES `messaging_notification` WRITE;
/*!40000 ALTER TABLE `messaging_notification` DISABLE KEYS */;
/*!40000 ALTER TABLE `messaging_notification` ENABLE KEYS */;
UNLOCK TABLES;

--
-- Table structure for table `nationalities`
--

DROP TABLE IF EXISTS `nationalities`;
/*!40101 SET @saved_cs_client     = @@character_set_client */;
/*!40101 SET character_set_client = utf8 */;
CREATE TABLE `nationalities` (
  `id` int(11) NOT NULL AUTO_INCREMENT,
  `name` varchar(255) NOT NULL,
  `archived_at` datetime(6) DEFAULT NULL,
  `archived_by` varchar(255) DEFAULT NULL,
  `archived_from` varchar(255) DEFAULT NULL,
  `created_at` datetime(6) DEFAULT NULL,
  `created_by` varchar(255) DEFAULT NULL,
  `created_from` varchar(255) DEFAULT NULL,
  `is_archived` tinyint(1) NOT NULL,
  `modified_at` datetime(6) DEFAULT NULL,
  `modified_by` varchar(255) DEFAULT NULL,
  `modified_from` varchar(255) DEFAULT NULL,
  PRIMARY KEY (`id`)
) ENGINE=InnoDB AUTO_INCREMENT=3 DEFAULT CHARSET=utf8;
/*!40101 SET character_set_client = @saved_cs_client */;

--
-- Dumping data for table `nationalities`
--

LOCK TABLES `nationalities` WRITE;
/*!40000 ALTER TABLE `nationalities` DISABLE KEYS */;
INSERT INTO `nationalities` VALUES (1,'Bangladeshi',NULL,NULL,NULL,'2020-07-14 05:03:24.672318','1','127.0.0.1',0,NULL,NULL,NULL),(2,'India',NULL,NULL,NULL,'2020-07-14 05:03:34.915141','1','127.0.0.1',0,NULL,NULL,NULL);
/*!40000 ALTER TABLE `nationalities` ENABLE KEYS */;
UNLOCK TABLES;

--
-- Table structure for table `organizations`
--

DROP TABLE IF EXISTS `organizations`;
/*!40101 SET @saved_cs_client     = @@character_set_client */;
/*!40101 SET character_set_client = utf8 */;
CREATE TABLE `organizations` (
  `id` int(11) NOT NULL AUTO_INCREMENT,
  `name` varchar(255) NOT NULL,
  `archived_at` datetime(6) DEFAULT NULL,
  `archived_by` varchar(255) DEFAULT NULL,
  `archived_from` varchar(255) DEFAULT NULL,
  `created_at` datetime(6) DEFAULT NULL,
  `created_by` varchar(255) DEFAULT NULL,
  `created_from` varchar(255) DEFAULT NULL,
  `is_archived` tinyint(1) NOT NULL,
  `modified_at` datetime(6) DEFAULT NULL,
  `modified_by` varchar(255) DEFAULT NULL,
  `modified_from` varchar(255) DEFAULT NULL,
  PRIMARY KEY (`id`)
) ENGINE=InnoDB AUTO_INCREMENT=3 DEFAULT CHARSET=utf8;
/*!40101 SET character_set_client = @saved_cs_client */;

--
-- Dumping data for table `organizations`
--

LOCK TABLES `organizations` WRITE;
/*!40000 ALTER TABLE `organizations` DISABLE KEYS */;
INSERT INTO `organizations` VALUES (1,'Organization Example One',NULL,NULL,NULL,'2020-08-11 07:11:33.484120','1','127.0.0.1',0,NULL,NULL,NULL),(2,'Organization Example Two',NULL,NULL,NULL,'2020-08-11 07:11:39.534582','1','127.0.0.1',0,NULL,NULL,NULL);
/*!40000 ALTER TABLE `organizations` ENABLE KEYS */;
UNLOCK TABLES;

--
-- Table structure for table `portfolios`
--

DROP TABLE IF EXISTS `portfolios`;
/*!40101 SET @saved_cs_client     = @@character_set_client */;
/*!40101 SET character_set_client = utf8 */;
CREATE TABLE `portfolios` (
  `id` int(11) NOT NULL AUTO_INCREMENT,
  `name` varchar(255) NOT NULL,
  `image` varchar(500) DEFAULT NULL,
  `description` longtext,
  `professional_id` char(32) NOT NULL,
  `is_archived` tinyint(1) NOT NULL,
  `created_by` varchar(255) DEFAULT NULL,
  `modified_by` varchar(255) DEFAULT NULL,
  `archived_at` datetime(6) DEFAULT NULL,
  `archived_by` varchar(255) DEFAULT NULL,
  `archived_from` varchar(255) DEFAULT NULL,
  `created_from` varchar(255) DEFAULT NULL,
  `modified_from` varchar(255) DEFAULT NULL,
  `created_at` datetime(6) DEFAULT NULL,
  `modified_at` datetime(6) DEFAULT NULL,
  PRIMARY KEY (`id`),
  KEY `portfolios_professional_id_4c891def_fk_professionals_id` (`professional_id`),
  CONSTRAINT `portfolios_professional_id_4c891def_fk_professionals_id` FOREIGN KEY (`professional_id`) REFERENCES `professionals` (`id`)
) ENGINE=InnoDB AUTO_INCREMENT=3 DEFAULT CHARSET=utf8;
/*!40101 SET character_set_client = @saved_cs_client */;

--
-- Dumping data for table `portfolios`
--

LOCK TABLES `portfolios` WRITE;
/*!40000 ALTER TABLE `portfolios` DISABLE KEYS */;
INSERT INTO `portfolios` VALUES (1,'Example Portfolio','/media/c37933ec-6678-4c57-9b7c-066c5e9dfcac-professional.png','<p>Test about me.&nbsp;Test about me.&nbsp;Test about me.&nbsp;Test about me.&nbsp;Test about me.&nbsp;Test about me.&nbsp;Test about me.&nbsp;Test about me.&nbsp;Test about me.&nbsp;Test about me.&nbsp;Test about me.&nbsp;Test about me.&nbsp;Test about me.&nbsp;Test about me.&nbsp;Test about me.&nbsp;Test about me.&nbsp;</p>\n<ol>\n<li>Test about me.&nbsp;Test about me.&nbsp;</li>\n<li>Test about me.&nbsp;Test about me.&nbsp;</li>\n<li><strong>Test about me.&nbsp;</strong></li>\n</ol>','781d597065fe4136af3520c38eb8042b',0,'6','6',NULL,NULL,NULL,'127.0.0.1','127.0.0.1','2020-07-18 04:08:38.404137','2020-08-11 07:26:56.594666'),(2,'Title port','/media/a774cf9c-1878-4675-a7a9-1228031ea053-professional.jpeg','<p>sdgfsgs</p>','5ec333621826464fafe0501d0cf39fc8',1,'4','4','2020-08-11 06:59:19.117476','4','127.0.0.1','127.0.0.1','127.0.0.1','2020-08-11 06:48:22.980374','2020-08-11 06:59:19.117438');
/*!40000 ALTER TABLE `portfolios` ENABLE KEYS */;
UNLOCK TABLES;

--
-- Table structure for table `professional_educations`
--

DROP TABLE IF EXISTS `professional_educations`;
/*!40101 SET @saved_cs_client     = @@character_set_client */;
/*!40101 SET character_set_client = utf8 */;
CREATE TABLE `professional_educations` (
  `id` int(11) NOT NULL AUTO_INCREMENT,
  `cgpa` varchar(255) DEFAULT NULL,
  `enrolled_date` date DEFAULT NULL,
  `graduation_date` date DEFAULT NULL,
  `institution_id` int(11) DEFAULT NULL,
  `major_id` int(11) DEFAULT NULL,
  `professional_id` char(32) NOT NULL,
  `degree_id` varchar(255) DEFAULT NULL,
  `is_archived` tinyint(1) NOT NULL,
  `created_by` varchar(255) DEFAULT NULL,
  `institution_text` varchar(255) DEFAULT NULL,
  `modified_by` varchar(255) DEFAULT NULL,
  `major_text` varchar(255) DEFAULT NULL,
  `description` longtext,
  `is_ongoing` tinyint(1) NOT NULL,
  `archived_at` datetime(6) DEFAULT NULL,
  `archived_by` varchar(255) DEFAULT NULL,
  `archived_from` varchar(255) DEFAULT NULL,
  `created_from` varchar(255) DEFAULT NULL,
  `modified_from` varchar(255) DEFAULT NULL,
  `created_at` datetime(6) DEFAULT NULL,
  `modified_at` datetime(6) DEFAULT NULL,
  `degree_text` varchar(255) DEFAULT NULL,
  `education_level_id` int(11) DEFAULT NULL,
  PRIMARY KEY (`id`),
  KEY `professional_educations_institution_id_2651ee67_fk_institutes_id` (`institution_id`),
  KEY `professional_educations_major_id_6904647e_fk_majors_id` (`major_id`),
  KEY `professional_educati_degree_id_ffbfb075_fk_qualifica` (`degree_id`),
  KEY `professional_educati_professional_id_3e574910_fk_professio` (`professional_id`),
  KEY `professional_educati_education_level_id_ff82de78_fk_education` (`education_level_id`),
  CONSTRAINT `professional_educati_degree_id_ffbfb075_fk_qualifica` FOREIGN KEY (`degree_id`) REFERENCES `qualifications` (`name`),
  CONSTRAINT `professional_educati_education_level_id_ff82de78_fk_education` FOREIGN KEY (`education_level_id`) REFERENCES `education_level` (`id`),
  CONSTRAINT `professional_educati_professional_id_3e574910_fk_professio` FOREIGN KEY (`professional_id`) REFERENCES `professionals` (`id`),
  CONSTRAINT `professional_educations_institution_id_2651ee67_fk_institutes_id` FOREIGN KEY (`institution_id`) REFERENCES `institutes` (`id`),
  CONSTRAINT `professional_educations_major_id_6904647e_fk_majors_id` FOREIGN KEY (`major_id`) REFERENCES `majors` (`id`)
) ENGINE=InnoDB AUTO_INCREMENT=7 DEFAULT CHARSET=utf8;
/*!40101 SET character_set_client = @saved_cs_client */;

--
-- Dumping data for table `professional_educations`
--

LOCK TABLES `professional_educations` WRITE;
/*!40000 ALTER TABLE `professional_educations` DISABLE KEYS */;
INSERT INTO `professional_educations` VALUES (1,'4.00','2020-01-01','2020-07-18',1,1,'781d597065fe4136af3520c38eb8042b','Qualification Example One',1,'6','Institution example one','6','Major Example One','<p>Test about me.&nbsp;Test about me.&nbsp;Test about me.&nbsp;Test about me.&nbsp;Test about me.&nbsp;Test about me.&nbsp;Test about me.&nbsp;Test about me.&nbsp;Test about me.&nbsp;Test about me.&nbsp;Test about me.&nbsp;Test about me.&nbsp;Test about me.&nbsp;Test about me.&nbsp;Test about me.&nbsp;Test about me.&nbsp;</p>\n<ol>\n<li>Test about me.&nbsp;Test about me.&nbsp;</li>\n<li>Test about me.&nbsp;Test about me.&nbsp;</li>\n<li><strong>Test about me.&nbsp;</strong></li>\n</ol>',0,'2020-08-26 09:59:17.520281','6','127.0.0.1','127.0.0.1','127.0.0.1','2020-07-18 04:04:48.828891','2020-08-26 09:59:17.520236',NULL,1),(2,'4','2020-08-04',NULL,NULL,NULL,'5ec333621826464fafe0501d0cf39fc8',NULL,1,'4','Institution example one','4','Major Example One','<p>Heklmlkn</p>',1,'2020-08-11 06:58:53.899837','4','127.0.0.1','127.0.0.1','127.0.0.1','2020-08-11 06:46:22.219711','2020-08-11 06:58:53.899803','Degree One',1),(3,NULL,'2020-08-03','2020-08-13',NULL,NULL,'5ec333621826464fafe0501d0cf39fc8',NULL,1,'4','Institution example five','4',NULL,NULL,0,'2020-08-11 06:59:00.299595','4','127.0.0.1','127.0.0.1','127.0.0.1','2020-08-11 06:55:26.372688','2020-08-11 06:59:00.299556','wfdsf',1),(4,NULL,'2020-08-04',NULL,NULL,NULL,'5ec333621826464fafe0501d0cf39fc8',NULL,1,'4','dfdsfsdfs','4',NULL,NULL,1,'2020-08-11 06:58:57.087494','4','127.0.0.1','127.0.0.1','127.0.0.1','2020-08-11 06:56:49.719074','2020-08-11 06:58:57.087458','dded',2),(5,NULL,'2020-08-03',NULL,NULL,NULL,'5ec333621826464fafe0501d0cf39fc8',NULL,1,'4','Institution example five','4','Major Example One',NULL,1,'2020-08-11 07:03:28.483798','4','127.0.0.1','127.0.0.1','127.0.0.1','2020-08-11 07:03:16.946956','2020-08-11 07:03:28.483780','One',1),(6,'4,00','2020-01-01','2020-07-18',1,NULL,'781d597065fe4136af3520c38eb8042b',NULL,0,'6','Institution example one',NULL,'Major Example Two','<p>Test about me.&nbsp;Test about me.&nbsp;Test about me.&nbsp;Test about me.&nbsp;Test about me.&nbsp;Test about me.&nbsp;Test about me.&nbsp;Test about me.&nbsp;Test about me.&nbsp;Test about me.&nbsp;Test about me.&nbsp;Test about me.&nbsp;Test about me.&nbsp;Test about me.&nbsp;Test about me.&nbsp;Test about me.&nbsp;</p>\n<ol>\n<li>Test about me.&nbsp;Test about me.&nbsp;</li>\n<li>Test about me.&nbsp;Test about me.&nbsp;</li>\n<li><strong>Test about me.&nbsp;</strong></li>\n</ol>',0,NULL,NULL,NULL,'127.0.0.1',NULL,'2020-08-26 10:00:52.454754',NULL,'Qualification Example One',1);
/*!40000 ALTER TABLE `professional_educations` ENABLE KEYS */;
UNLOCK TABLES;

--
-- Table structure for table `professional_skills`
--

DROP TABLE IF EXISTS `professional_skills`;
/*!40101 SET @saved_cs_client     = @@character_set_client */;
/*!40101 SET character_set_client = utf8 */;
CREATE TABLE `professional_skills` (
  `id` int(11) NOT NULL AUTO_INCREMENT,
  `rating` decimal(4,2) NOT NULL,
  `verified_by_skillcheck` tinyint(1) NOT NULL,
  `skill_name_id` int(11) NOT NULL,
  `professional_id` char(32) NOT NULL,
  `is_archived` tinyint(1) NOT NULL,
  `created_by` varchar(255) DEFAULT NULL,
  `modified_by` varchar(255) DEFAULT NULL,
  `archived_at` datetime(6) DEFAULT NULL,
  `archived_by` varchar(255) DEFAULT NULL,
  `archived_from` varchar(255) DEFAULT NULL,
  `created_from` varchar(255) DEFAULT NULL,
  `modified_from` varchar(255) DEFAULT NULL,
  `created_at` datetime(6) DEFAULT NULL,
  `modified_at` datetime(6) DEFAULT NULL,
  PRIMARY KEY (`id`),
  KEY `professional_skills_skill_name_id_c6f8abff_fk_skills_id` (`skill_name_id`),
  KEY `professional_skills_professional_id_dce31332` (`professional_id`),
  CONSTRAINT `professional_skills_professional_id_dce31332_fk_professionals_id` FOREIGN KEY (`professional_id`) REFERENCES `professionals` (`id`),
  CONSTRAINT `professional_skills_skill_name_id_c6f8abff_fk_skills_id` FOREIGN KEY (`skill_name_id`) REFERENCES `skills` (`id`)
) ENGINE=InnoDB AUTO_INCREMENT=7 DEFAULT CHARSET=utf8;
/*!40101 SET character_set_client = @saved_cs_client */;

--
-- Dumping data for table `professional_skills`
--

LOCK TABLES `professional_skills` WRITE;
/*!40000 ALTER TABLE `professional_skills` DISABLE KEYS */;
INSERT INTO `professional_skills` VALUES (1,5.00,0,4,'781d597065fe4136af3520c38eb8042b',0,'6',NULL,NULL,NULL,NULL,'127.0.0.1',NULL,'2020-07-18 04:05:48.798051',NULL),(2,4.00,0,2,'781d597065fe4136af3520c38eb8042b',0,'6',NULL,NULL,NULL,NULL,'127.0.0.1',NULL,'2020-07-18 04:05:57.363219',NULL),(3,7.00,0,1,'781d597065fe4136af3520c38eb8042b',0,'6',NULL,NULL,NULL,NULL,'127.0.0.1',NULL,'2020-07-18 04:06:06.924839',NULL),(4,3.00,0,4,'5ec333621826464fafe0501d0cf39fc8',1,'4','4','2020-08-11 06:59:07.855675','4','127.0.0.1','127.0.0.1','127.0.0.1','2020-08-11 06:47:20.570166','2020-08-11 06:59:07.855638'),(5,4.00,0,3,'781d597065fe4136af3520c38eb8042b',0,'6',NULL,NULL,NULL,NULL,'127.0.0.1',NULL,'2020-08-11 07:20:15.647960',NULL),(6,10.00,0,8,'5ec333621826464fafe0501d0cf39fc8',0,'4',NULL,NULL,NULL,NULL,'127.0.0.1',NULL,'2020-08-31 03:28:59.926710',NULL);
/*!40000 ALTER TABLE `professional_skills` ENABLE KEYS */;
UNLOCK TABLES;

--
-- Table structure for table `professionals`
--

DROP TABLE IF EXISTS `professionals`;
/*!40101 SET @saved_cs_client     = @@character_set_client */;
/*!40101 SET character_set_client = utf8 */;
CREATE TABLE `professionals` (
  `id` char(32) NOT NULL,
  `professional_id` varchar(255) DEFAULT NULL,
  `full_name` varchar(255) NOT NULL,
  `email` varchar(255) NOT NULL,
  `phone` varchar(255) DEFAULT NULL,
  `address` varchar(255) DEFAULT NULL,
  `industry_expertise_id` varchar(255) DEFAULT NULL,
  `about_me` longtext,
  `image` varchar(500) DEFAULT NULL,
  `password` varchar(255) NOT NULL,
  `terms_and_condition_status` tinyint(1) NOT NULL,
  `user_id` int(11) DEFAULT NULL,
  `signup_verification_code` varchar(200) DEFAULT NULL,
  `date_of_birth` date DEFAULT NULL,
  `expected_salary_max` decimal(10,2) DEFAULT NULL,
  `expected_salary_min` decimal(10,2) DEFAULT NULL,
  `experience_id` varchar(255) DEFAULT NULL,
  `facebook_id` varchar(255) DEFAULT NULL,
  `father_name` varchar(255) DEFAULT NULL,
  `gender_id` varchar(255) DEFAULT NULL,
  `linkedin_id` varchar(255) DEFAULT NULL,
  `mother_name` varchar(255) DEFAULT NULL,
  `qualification_id` varchar(255) DEFAULT NULL,
  `status_id` varchar(255) DEFAULT NULL,
  `twitter_id` varchar(255) DEFAULT NULL,
  `nationality_id` int(11) DEFAULT NULL,
  `permanent_address` varchar(255) DEFAULT NULL,
  `religion_id` int(11) DEFAULT NULL,
  `job_alert_status` tinyint(1) NOT NULL,
  `current_location` varchar(255) DEFAULT NULL,
  `created_by` varchar(255) DEFAULT NULL,
  `current_company` varchar(255) DEFAULT NULL,
  `current_designation` varchar(255) DEFAULT NULL,
  `modified_by` varchar(255) DEFAULT NULL,
  `blood_group` varchar(5) DEFAULT NULL,
  `archived_at` datetime(6) DEFAULT NULL,
  `archived_by` varchar(255) DEFAULT NULL,
  `archived_from` varchar(255) DEFAULT NULL,
  `created_from` varchar(255) DEFAULT NULL,
  `is_archived` tinyint(1) NOT NULL,
  `modified_from` varchar(255) DEFAULT NULL,
  `slug` varchar(255) DEFAULT NULL,
  `created_at` datetime(6) DEFAULT NULL,
  `modified_at` datetime(6) DEFAULT NULL,
  PRIMARY KEY (`id`),
  UNIQUE KEY `professionals_email_f12a4ab3_uniq` (`email`),
  UNIQUE KEY `user_id_id` (`user_id`),
  UNIQUE KEY `slug` (`slug`),
  KEY `professionals_industry_expertise_id_cc13dcf4` (`industry_expertise_id`),
  KEY `professionals_experience_id_d7ad70f5_fk_experiences_name` (`experience_id`),
  KEY `professionals_gender_id_94cc3f30_fk_genders_name` (`gender_id`),
  KEY `professionals_qualification_id_1465793d_fk_qualifications_name` (`qualification_id`),
  KEY `professionals_status_id_052e9b17_fk_job_types_name` (`status_id`),
  KEY `professionals_nationality_id_82bf6ec2_fk_nationalities_id` (`nationality_id`),
  KEY `professionals_religion_id_fc0b0dd8_fk_religions_id` (`religion_id`),
  CONSTRAINT `professionals_experience_id_d7ad70f5_fk_experiences_name` FOREIGN KEY (`experience_id`) REFERENCES `experiences` (`name`),
  CONSTRAINT `professionals_gender_id_94cc3f30_fk_genders_name` FOREIGN KEY (`gender_id`) REFERENCES `genders` (`name`),
  CONSTRAINT `professionals_industry_expertise_id_cc13dcf4_fk_industries_name` FOREIGN KEY (`industry_expertise_id`) REFERENCES `industries` (`name`),
  CONSTRAINT `professionals_nationality_id_82bf6ec2_fk_nationalities_id` FOREIGN KEY (`nationality_id`) REFERENCES `nationalities` (`id`),
  CONSTRAINT `professionals_qualification_id_1465793d_fk_qualifications_name` FOREIGN KEY (`qualification_id`) REFERENCES `qualifications` (`name`),
  CONSTRAINT `professionals_religion_id_fc0b0dd8_fk_religions_id` FOREIGN KEY (`religion_id`) REFERENCES `religions` (`id`),
  CONSTRAINT `professionals_status_id_052e9b17_fk_job_types_name` FOREIGN KEY (`status_id`) REFERENCES `job_types` (`name`),
  CONSTRAINT `professionals_user_id_fffd0a74_fk_auth_user_id` FOREIGN KEY (`user_id`) REFERENCES `auth_user` (`id`)
) ENGINE=InnoDB DEFAULT CHARSET=utf8;
/*!40101 SET character_set_client = @saved_cs_client */;

--
-- Dumping data for table `professionals`
--

LOCK TABLES `professionals` WRITE;
/*!40000 ALTER TABLE `professionals` DISABLE KEYS */;
INSERT INTO `professionals` VALUES ('3dfbcfb27884438d9f9092a6a362b262',NULL,'Mr Com Example','com_example@ishraak.com','01911111111',NULL,NULL,NULL,NULL,'pbkdf2_sha256$180000$2ApWsgz8Tjb0$w9hZ+CYKoXB55ycQcthXs8HE27ycMchkbgINqeyQ3FA=',1,5,'4828696963978637992',NULL,NULL,NULL,NULL,NULL,NULL,NULL,NULL,NULL,NULL,NULL,NULL,NULL,NULL,NULL,0,NULL,'5',NULL,NULL,NULL,NULL,NULL,NULL,NULL,'127.0.0.1',0,NULL,'b52d8ad0','2020-07-14 03:47:14.883105','2020-07-14 03:47:14.888553'),('5ec333621826464fafe0501d0cf39fc8',NULL,'Mr Prof Example','prof_example@ishraak.com','01911111111','',NULL,'','/media/5f7528f7-21a3-48de-83ab-ad511578df20-professional.jpeg','pbkdf2_sha256$180000$isIhHSE6vq1Y$a7Wio8Sg6VnwgXpEcZd6Ol8Emo38OUzZO56R4cwLv20=',1,4,'2594928987395852033',NULL,NULL,NULL,NULL,NULL,'',NULL,NULL,'',NULL,NULL,NULL,NULL,'',NULL,0,'Current Location','4','','','4','',NULL,NULL,NULL,'127.0.0.1',0,'127.0.0.1','f4d31653','2020-07-14 03:46:16.004890','2020-08-12 06:11:14.807054'),('781d597065fe4136af3520c38eb8042b',NULL,'Mr Prof Example view','pro_example_view@ishraak.com','01900000001','Niketon, Gulshan','Example Industry One','<p>Test about me.&nbsp;Test about me.&nbsp;Test about me.&nbsp;Test about me.&nbsp;Test about me.&nbsp;Test about me.&nbsp;Test about me.&nbsp;Test about me.&nbsp;Test about me.&nbsp;Test about me.&nbsp;Test about me.&nbsp;Test about me.&nbsp;Test about me.&nbsp;Test about me.&nbsp;Test about me.&nbsp;Test about me.&nbsp;</p>\n<ol>\n<li>Test about me.&nbsp;Test about me.&nbsp;</li>\n<li>Test about me.&nbsp;Test about me.&nbsp;</li>\n<li><strong>Test about me.&nbsp;</strong></li>\n</ol>\n<p>&nbsp;</p>','/media/fd2ab2f8-1fda-4a0d-b40c-a88c30efec47-professional.jpeg','pbkdf2_sha256$180000$HNOYexefaXhi$Y50cZM3lQOGNhlRpZZeqJymUbVyAD9lm6CdWmxSJZto=',1,6,'2238894264015270565','2020-01-01',NULL,NULL,'Experience Example One','example_view','Mr pro view father','Male','example_linkdin','Mrs pro view mother','Qualification Example One',NULL,'example_twitter',1,'Niketon, Gulshan, Dhaka, Bangladesh',1,0,'Current Location','6','Company Example','DevOps','6','A+',NULL,NULL,NULL,'127.0.0.1',0,'127.0.0.1','eef29447','2020-07-18 03:58:33.149463','2020-08-26 09:56:25.158700'),('84adf58a2fd4432c90647fd2d69fbc78',NULL,'Example Name','test@ishraak.com','01900000000',NULL,NULL,NULL,NULL,'pbkdf2_sha256$180000$W1GGehA8Oe8R$wTtpMHuy8QdbzG2YqGI5s2SbK0ejEhd13buudt9QFvA=',1,2,'3666547702253589618','2020-07-09',NULL,NULL,NULL,NULL,NULL,NULL,NULL,NULL,NULL,NULL,NULL,NULL,NULL,NULL,0,NULL,'2',NULL,NULL,NULL,NULL,NULL,NULL,NULL,'127.0.0.1',0,NULL,'4c5413b9','2020-07-09 08:27:08.682243','2020-07-09 08:27:08.688629'),('aa7361e0a08d4790b2bd5dbed2ac3755',NULL,'Mr Example ','example@ishraak.com','01911111111',NULL,NULL,NULL,NULL,'pbkdf2_sha256$180000$Lzgjz2dXR9Mt$7+Vmd3NQHS3Pucq8wNLMtew6jGlglL8lUFZrskgti/I=',1,3,'-2452854309155401754',NULL,NULL,NULL,NULL,NULL,NULL,NULL,NULL,NULL,NULL,NULL,NULL,NULL,NULL,NULL,0,NULL,'3',NULL,NULL,NULL,NULL,NULL,NULL,NULL,'127.0.0.1',0,NULL,'ad47030d','2020-07-14 03:43:29.130479','2020-07-14 03:43:29.138609'),('c333cb53927e47d6bf56e9ebda8d6afe',NULL,'Syaff','staff@ishraak.com','01911111111',NULL,NULL,NULL,NULL,'pbkdf2_sha256$180000$HDRdax69uyyv$dNi6MbcX0wuFuCqp7wiYmU2FbpO4B9uo+gVX/LkYX+Y=',1,11,'-8927790046864357450',NULL,NULL,NULL,NULL,NULL,NULL,NULL,NULL,NULL,NULL,NULL,NULL,NULL,NULL,NULL,0,NULL,'11',NULL,NULL,NULL,NULL,NULL,NULL,NULL,'127.0.0.1',0,NULL,'875e25f1','2020-08-24 13:09:57.223945','2020-08-24 13:09:57.241416'),('d3b1863b99d84166b85cbe402283b32a',NULL,'Professional Example View Blank','pro_example_view_blank@ishraak.com','01900000000',NULL,NULL,NULL,NULL,'pbkdf2_sha256$180000$Q0u85pNTzGyB$OJLIbk1VxHN6hu/xgl8wwiOv2mmzsu1JVm8Bxb0845k=',1,8,'-4522113926825583074',NULL,NULL,NULL,NULL,NULL,NULL,NULL,NULL,NULL,NULL,NULL,NULL,NULL,NULL,NULL,0,NULL,'8',NULL,NULL,NULL,NULL,NULL,NULL,NULL,'127.0.0.1',0,NULL,'4f59a17b','2020-08-11 07:34:22.698372','2020-08-11 07:34:22.709938');
/*!40000 ALTER TABLE `professionals` ENABLE KEYS */;
UNLOCK TABLES;

--
-- Table structure for table `qualifications`
--

DROP TABLE IF EXISTS `qualifications`;
/*!40101 SET @saved_cs_client     = @@character_set_client */;
/*!40101 SET character_set_client = utf8 */;
CREATE TABLE `qualifications` (
  `name` varchar(255) NOT NULL,
  `archived_at` datetime(6) DEFAULT NULL,
  `archived_by` varchar(255) DEFAULT NULL,
  `archived_from` varchar(255) DEFAULT NULL,
  `created_at` datetime(6) DEFAULT NULL,
  `created_by` varchar(255) DEFAULT NULL,
  `created_from` varchar(255) DEFAULT NULL,
  `is_archived` tinyint(1) NOT NULL,
  `modified_at` datetime(6) DEFAULT NULL,
  `modified_by` varchar(255) DEFAULT NULL,
  `modified_from` varchar(255) DEFAULT NULL,
  PRIMARY KEY (`name`)
) ENGINE=InnoDB DEFAULT CHARSET=utf8;
/*!40101 SET character_set_client = @saved_cs_client */;

--
-- Dumping data for table `qualifications`
--

LOCK TABLES `qualifications` WRITE;
/*!40000 ALTER TABLE `qualifications` DISABLE KEYS */;
INSERT INTO `qualifications` VALUES ('Qualification Example Five',NULL,NULL,NULL,'2020-07-14 04:13:38.984676','1','127.0.0.1',0,NULL,NULL,NULL),('Qualification Example Four',NULL,NULL,NULL,'2020-07-14 04:13:30.396936','1','127.0.0.1',0,NULL,NULL,NULL),('Qualification Example One',NULL,NULL,NULL,'2020-07-14 04:12:58.832007','1','127.0.0.1',0,NULL,NULL,NULL),('Qualification Example Three',NULL,NULL,NULL,'2020-07-14 04:13:21.815635','1','127.0.0.1',0,NULL,NULL,NULL),('Qualification Example Two',NULL,NULL,NULL,'2020-07-14 04:13:11.330941','1','127.0.0.1',0,NULL,NULL,NULL);
/*!40000 ALTER TABLE `qualifications` ENABLE KEYS */;
UNLOCK TABLES;

--
-- Table structure for table `recent_activities`
--

DROP TABLE IF EXISTS `recent_activities`;
/*!40101 SET @saved_cs_client     = @@character_set_client */;
/*!40101 SET character_set_client = utf8 */;
CREATE TABLE `recent_activities` (
  `id` int(11) NOT NULL AUTO_INCREMENT,
  `created_by` varchar(255) DEFAULT NULL,
  `created_at` datetime(6) DEFAULT NULL,
  `created_from` varchar(255) DEFAULT NULL,
  `modified_by` varchar(255) DEFAULT NULL,
  `modified_at` datetime(6) DEFAULT NULL,
  `modified_from` varchar(255) DEFAULT NULL,
  `is_archived` tinyint(1) NOT NULL,
  `archived_by` varchar(255) DEFAULT NULL,
  `archived_at` datetime(6) DEFAULT NULL,
  `archived_from` varchar(255) DEFAULT NULL,
  `description` longtext NOT NULL,
  `time` datetime(6) NOT NULL,
  `type` varchar(255) DEFAULT NULL,
  `user_id` int(11) NOT NULL,
  PRIMARY KEY (`id`),
  KEY `recent_activities_user_id_8e5e3f16_fk_auth_user_id` (`user_id`),
  CONSTRAINT `recent_activities_user_id_8e5e3f16_fk_auth_user_id` FOREIGN KEY (`user_id`) REFERENCES `auth_user` (`id`)
) ENGINE=InnoDB AUTO_INCREMENT=59 DEFAULT CHARSET=utf8;
/*!40101 SET character_set_client = @saved_cs_client */;

--
-- Dumping data for table `recent_activities`
--

LOCK TABLES `recent_activities` WRITE;
/*!40000 ALTER TABLE `recent_activities` DISABLE KEYS */;
INSERT INTO `recent_activities` VALUES (1,NULL,'2020-07-18 04:00:44.210543',NULL,NULL,NULL,NULL,0,NULL,NULL,NULL,'Profile Updated','2020-07-18 04:00:44.210372','profile_pro',6),(2,NULL,'2020-07-18 04:02:22.905254',NULL,NULL,NULL,NULL,0,NULL,NULL,NULL,'Profile Updated','2020-07-18 04:02:22.905129','profile_pro',6),(3,NULL,'2020-07-18 04:09:52.909629',NULL,NULL,NULL,NULL,0,NULL,NULL,NULL,'Profile Updated','2020-07-18 04:09:52.909542','profile_pro',6),(4,NULL,'2020-07-18 04:11:21.740193',NULL,NULL,NULL,NULL,0,NULL,NULL,NULL,'Profile Updated','2020-07-18 04:11:21.740109','profile_pro',6),(5,NULL,'2020-07-18 04:12:40.572423',NULL,NULL,NULL,NULL,0,NULL,NULL,NULL,'Profile Updated','2020-07-18 04:12:40.572345','profile_pro',6),(6,NULL,'2020-07-18 04:19:12.615862',NULL,NULL,NULL,NULL,0,NULL,NULL,NULL,'Applied job','2020-07-18 04:19:12.615679','apply_pro',6),(7,NULL,'2020-07-18 04:19:24.568053',NULL,NULL,NULL,NULL,0,NULL,NULL,NULL,'Applied job','2020-07-18 04:19:24.567932','apply_pro',6),(8,NULL,'2020-07-18 04:19:24.574879',NULL,NULL,NULL,NULL,0,NULL,NULL,NULL,'Professional apply for this job','2020-07-18 04:19:24.574687','apply_com',5),(9,NULL,'2020-07-18 04:19:42.672720',NULL,NULL,NULL,NULL,0,NULL,NULL,NULL,'Applied job','2020-07-18 04:19:42.672276','apply_pro',6),(10,NULL,'2020-07-18 04:19:42.678387',NULL,NULL,NULL,NULL,0,NULL,NULL,NULL,'Professional apply for this job','2020-07-18 04:19:42.678285','apply_com',5),(11,NULL,'2020-07-18 04:20:23.032494',NULL,NULL,NULL,NULL,0,NULL,NULL,NULL,'Applied job','2020-07-18 04:20:23.032308','apply_pro',6),(12,NULL,'2020-07-18 04:20:23.038720',NULL,NULL,NULL,NULL,0,NULL,NULL,NULL,'Professional apply for this job','2020-07-18 04:20:23.037894','apply_com',5),(13,NULL,'2020-07-18 04:20:39.733987',NULL,NULL,NULL,NULL,0,NULL,NULL,NULL,'Applied job','2020-07-18 04:20:39.733832','apply_pro',6),(14,NULL,'2020-07-18 04:20:39.738693',NULL,NULL,NULL,NULL,0,NULL,NULL,NULL,'Professional apply for this job','2020-07-18 04:20:39.738598','apply_com',5),(15,NULL,'2020-07-18 04:55:49.189584',NULL,NULL,NULL,NULL,0,NULL,NULL,NULL,'Profile Updated','2020-07-18 04:55:49.189468','profile_pro',6),(16,NULL,'2020-07-29 04:31:22.609731',NULL,NULL,NULL,NULL,0,NULL,NULL,NULL,'Profile Updated','2020-07-29 04:31:22.609631','profile_pro',6),(17,NULL,'2020-08-11 04:52:12.468659',NULL,NULL,NULL,NULL,0,NULL,NULL,NULL,'Professional apply for this job','2020-08-11 04:52:12.468482','apply_com',6),(18,NULL,'2020-08-11 04:52:12.473079',NULL,NULL,NULL,NULL,0,NULL,NULL,NULL,'Professional apply for this job','2020-08-11 04:52:12.473004','apply_com',7),(19,NULL,'2020-08-11 04:52:34.930526',NULL,NULL,NULL,NULL,0,NULL,NULL,NULL,'Applied job','2020-08-11 04:52:34.930427','apply_pro',6),(20,NULL,'2020-08-11 04:52:34.938395',NULL,NULL,NULL,NULL,0,NULL,NULL,NULL,'Professional apply for this job','2020-08-11 04:52:34.938298','apply_com',7),(21,NULL,'2020-08-11 04:52:44.425025',NULL,NULL,NULL,NULL,0,NULL,NULL,NULL,'Professional apply for this job','2020-08-11 04:52:44.424969','apply_com',6),(22,NULL,'2020-08-11 04:52:44.427935',NULL,NULL,NULL,NULL,0,NULL,NULL,NULL,'Professional apply for this job','2020-08-11 04:52:44.427886','apply_com',7),(23,NULL,'2020-08-11 04:53:00.082880',NULL,NULL,NULL,NULL,0,NULL,NULL,NULL,'Applied job','2020-08-11 04:53:00.082814','apply_pro',6),(24,NULL,'2020-08-11 04:53:00.087884',NULL,NULL,NULL,NULL,0,NULL,NULL,NULL,'Professional apply for this job','2020-08-11 04:53:00.087798','apply_com',7),(25,NULL,'2020-08-11 05:06:43.191660',NULL,NULL,NULL,NULL,0,NULL,NULL,NULL,'Profile Updated','2020-08-11 05:06:43.191566','profile_pro',6),(26,NULL,'2020-08-11 05:21:42.198384',NULL,NULL,NULL,NULL,0,NULL,NULL,NULL,'Professional apply for this job','2020-08-11 05:21:42.198313','apply_com',6),(27,NULL,'2020-08-11 05:21:42.202130',NULL,NULL,NULL,NULL,0,NULL,NULL,NULL,'Professional apply for this job','2020-08-11 05:21:42.202080','apply_com',7),(28,NULL,'2020-08-11 05:21:59.514323',NULL,NULL,NULL,NULL,0,NULL,NULL,NULL,'Applied job','2020-08-11 05:21:59.514093','apply_pro',6),(29,NULL,'2020-08-11 05:21:59.519258',NULL,NULL,NULL,NULL,0,NULL,NULL,NULL,'Professional apply for this job','2020-08-11 05:21:59.519110','apply_com',7),(30,NULL,'2020-08-11 05:28:57.264058',NULL,NULL,NULL,NULL,0,NULL,NULL,NULL,'Applied job','2020-08-11 05:28:57.263914','apply_pro',6),(31,NULL,'2020-08-11 05:28:57.268146',NULL,NULL,NULL,NULL,0,NULL,NULL,NULL,'Professional apply for this job','2020-08-11 05:28:57.268087','apply_com',7),(32,NULL,'2020-08-11 05:49:39.523465',NULL,NULL,NULL,NULL,0,NULL,NULL,NULL,'Applied job','2020-08-11 05:49:39.523411','apply_pro',6),(33,NULL,'2020-08-11 05:49:39.527081',NULL,NULL,NULL,NULL,0,NULL,NULL,NULL,'Professional apply for this job','2020-08-11 05:49:39.526760','apply_com',7),(34,NULL,'2020-08-11 06:05:51.006418',NULL,NULL,NULL,NULL,0,NULL,NULL,NULL,'Applied job','2020-08-11 06:05:51.006356','apply_pro',4),(35,NULL,'2020-08-11 06:05:51.012122',NULL,NULL,NULL,NULL,0,NULL,NULL,NULL,'Professional apply for this job','2020-08-11 06:05:51.012004','apply_com',7),(36,NULL,'2020-08-11 06:05:54.046899',NULL,NULL,NULL,NULL,0,NULL,NULL,NULL,'Professional apply for this job','2020-08-11 06:05:54.046834','apply_com',4),(37,NULL,'2020-08-11 06:05:54.050074',NULL,NULL,NULL,NULL,0,NULL,NULL,NULL,'Professional apply for this job','2020-08-11 06:05:54.050023','apply_com',7),(38,NULL,'2020-08-11 06:49:06.159418',NULL,NULL,NULL,NULL,0,NULL,NULL,NULL,'Profile Updated','2020-08-11 06:49:06.159347','profile_pro',4),(39,NULL,'2020-08-11 06:51:24.339818',NULL,NULL,NULL,NULL,0,NULL,NULL,NULL,'Profile Updated','2020-08-11 06:51:24.339716','profile_pro',4),(40,NULL,'2020-08-11 06:52:53.895811',NULL,NULL,NULL,NULL,0,NULL,NULL,NULL,'Profile Updated','2020-08-11 06:52:53.895541','profile_pro',4),(41,NULL,'2020-08-11 06:56:06.129676',NULL,NULL,NULL,NULL,0,NULL,NULL,NULL,'Profile Updated','2020-08-11 06:56:06.129595','profile_pro',4),(42,NULL,'2020-08-11 06:59:42.858094',NULL,NULL,NULL,NULL,0,NULL,NULL,NULL,'Profile Updated','2020-08-11 06:59:42.858000','profile_pro',4),(43,NULL,'2020-08-11 07:00:18.558971',NULL,NULL,NULL,NULL,0,NULL,NULL,NULL,'Profile Updated','2020-08-11 07:00:18.558835','profile_pro',4),(44,NULL,'2020-08-11 07:00:41.988372',NULL,NULL,NULL,NULL,0,NULL,NULL,NULL,'Profile Updated','2020-08-11 07:00:41.988282','profile_pro',4),(45,NULL,'2020-08-11 07:03:38.670375',NULL,NULL,NULL,NULL,0,NULL,NULL,NULL,'Profile Updated','2020-08-11 07:03:38.670325','profile_pro',4),(46,NULL,'2020-08-11 07:25:27.783551',NULL,NULL,NULL,NULL,0,NULL,NULL,NULL,'Profile Updated','2020-08-11 07:25:27.783411','profile_pro',6),(47,NULL,'2020-08-12 06:07:52.629029',NULL,NULL,NULL,NULL,0,NULL,NULL,NULL,'Applied job','2020-08-12 06:07:52.628483','apply_pro',4),(48,NULL,'2020-08-12 06:07:52.633600',NULL,NULL,NULL,NULL,0,NULL,NULL,NULL,'Professional apply for this job','2020-08-12 06:07:52.633515','apply_com',5),(49,NULL,'2020-08-12 06:08:06.517627',NULL,NULL,NULL,NULL,0,NULL,NULL,NULL,'Applied job','2020-08-12 06:08:06.517510','apply_pro',4),(50,NULL,'2020-08-12 06:08:06.522350',NULL,NULL,NULL,NULL,0,NULL,NULL,NULL,'Professional apply for this job','2020-08-12 06:08:06.522177','apply_com',5),(51,NULL,'2020-08-12 06:08:56.136342',NULL,NULL,NULL,NULL,0,NULL,NULL,NULL,'Profile Updated','2020-08-12 06:08:56.136279','profile_pro',4),(52,NULL,'2020-08-12 06:11:14.824785',NULL,NULL,NULL,NULL,0,NULL,NULL,NULL,'Profile Updated','2020-08-12 06:11:14.824654','profile_pro',4),(53,NULL,'2020-08-26 09:56:25.168400',NULL,NULL,NULL,NULL,0,NULL,NULL,NULL,'Profile Updated','2020-08-26 09:56:25.168192','profile_pro',6),(54,NULL,'2020-09-14 07:23:20.727022',NULL,NULL,NULL,NULL,0,NULL,NULL,NULL,'Applied job','2020-09-14 07:23:20.726947','apply_pro',6),(55,NULL,'2020-09-14 07:23:20.731100',NULL,NULL,NULL,NULL,0,NULL,NULL,NULL,'Professional apply for this job','2020-09-14 07:23:20.731068','apply_com',5),(56,NULL,'2020-09-14 07:23:55.890394',NULL,NULL,NULL,NULL,0,NULL,NULL,NULL,'Applied job','2020-09-14 07:23:55.890359','apply_pro',6),(57,NULL,'2020-09-14 07:41:48.114375',NULL,NULL,NULL,NULL,0,NULL,NULL,NULL,'Applied job','2020-09-14 07:41:48.114316','apply_pro',6),(58,NULL,'2020-09-14 07:41:48.117837',NULL,NULL,NULL,NULL,0,NULL,NULL,NULL,'Professional apply for this job','2020-09-14 07:41:48.117791','apply_com',5);
/*!40000 ALTER TABLE `recent_activities` ENABLE KEYS */;
UNLOCK TABLES;

--
-- Table structure for table `references`
--

DROP TABLE IF EXISTS `references`;
/*!40101 SET @saved_cs_client     = @@character_set_client */;
/*!40101 SET character_set_client = utf8 */;
CREATE TABLE `references` (
  `id` int(11) NOT NULL AUTO_INCREMENT,
  `professional_id` char(32) NOT NULL,
  `is_archived` tinyint(1) NOT NULL,
  `created_by` varchar(255) DEFAULT NULL,
  `description` longtext NOT NULL,
  `modified_by` varchar(255) DEFAULT NULL,
  `archived_at` datetime(6) DEFAULT NULL,
  `archived_by` varchar(255) DEFAULT NULL,
  `archived_from` varchar(255) DEFAULT NULL,
  `created_from` varchar(255) DEFAULT NULL,
  `modified_from` varchar(255) DEFAULT NULL,
  `created_at` datetime(6) DEFAULT NULL,
  `modified_at` datetime(6) DEFAULT NULL,
  PRIMARY KEY (`id`),
  KEY `references_professional_id_ad437847_fk_professionals_id` (`professional_id`),
  CONSTRAINT `references_professional_id_ad437847_fk_professionals_id` FOREIGN KEY (`professional_id`) REFERENCES `professionals` (`id`)
) ENGINE=InnoDB AUTO_INCREMENT=3 DEFAULT CHARSET=utf8;
/*!40101 SET character_set_client = @saved_cs_client */;

--
-- Dumping data for table `references`
--

LOCK TABLES `references` WRITE;
/*!40000 ALTER TABLE `references` DISABLE KEYS */;
INSERT INTO `references` VALUES (1,'781d597065fe4136af3520c38eb8042b',0,'6','Reference Example Descriptions.\nReference Example Descriptions.\nReference Example Descriptions.\nReference Example Descriptions.','6',NULL,NULL,NULL,'127.0.0.1','127.0.0.1','2020-07-29 04:30:32.646331','2020-07-29 04:30:49.441425'),(2,'5ec333621826464fafe0501d0cf39fc8',1,'4','sdfgg rgg g g','4','2020-08-11 06:59:27.878289','4','127.0.0.1','127.0.0.1','127.0.0.1','2020-08-11 06:48:29.600805','2020-08-11 06:59:27.878272');
/*!40000 ALTER TABLE `references` ENABLE KEYS */;
UNLOCK TABLES;

--
-- Table structure for table `religions`
--

DROP TABLE IF EXISTS `religions`;
/*!40101 SET @saved_cs_client     = @@character_set_client */;
/*!40101 SET character_set_client = utf8 */;
CREATE TABLE `religions` (
  `id` int(11) NOT NULL AUTO_INCREMENT,
  `name` varchar(255) NOT NULL,
  `archived_at` datetime(6) DEFAULT NULL,
  `archived_by` varchar(255) DEFAULT NULL,
  `archived_from` varchar(255) DEFAULT NULL,
  `created_at` datetime(6) DEFAULT NULL,
  `created_by` varchar(255) DEFAULT NULL,
  `created_from` varchar(255) DEFAULT NULL,
  `is_archived` tinyint(1) NOT NULL,
  `modified_at` datetime(6) DEFAULT NULL,
  `modified_by` varchar(255) DEFAULT NULL,
  `modified_from` varchar(255) DEFAULT NULL,
  PRIMARY KEY (`id`)
) ENGINE=InnoDB AUTO_INCREMENT=3 DEFAULT CHARSET=utf8;
/*!40101 SET character_set_client = @saved_cs_client */;

--
-- Dumping data for table `religions`
--

LOCK TABLES `religions` WRITE;
/*!40000 ALTER TABLE `religions` DISABLE KEYS */;
INSERT INTO `religions` VALUES (1,'Islam',NULL,NULL,NULL,'2020-07-14 05:03:48.002187','1','127.0.0.1',0,NULL,NULL,NULL),(2,'Hindu',NULL,NULL,NULL,'2020-07-14 05:03:56.467119','1','127.0.0.1',0,NULL,NULL,NULL);
/*!40000 ALTER TABLE `religions` ENABLE KEYS */;
UNLOCK TABLES;

--
-- Table structure for table `settings`
--

DROP TABLE IF EXISTS `settings`;
/*!40101 SET @saved_cs_client     = @@character_set_client */;
/*!40101 SET character_set_client = utf8 */;
CREATE TABLE `settings` (
  `id` int(11) NOT NULL AUTO_INCREMENT,
  `facebook_url` varchar(200) NOT NULL,
  `linkedin_url` varchar(200) DEFAULT NULL,
  `twitter_url` varchar(200) DEFAULT NULL,
  `logo_url` varchar(100) NOT NULL,
  `appstore_url` varchar(200) DEFAULT NULL,
  `playstore_url` varchar(200) DEFAULT NULL,
  `address` longtext NOT NULL,
  `admin_email` varchar(50) NOT NULL,
  `latitude` decimal(10,6) DEFAULT NULL,
  `longitude` decimal(10,6) DEFAULT NULL,
  `phone` varchar(50) NOT NULL,
  `support_email` varchar(50) NOT NULL,
  `zoom` int(11) DEFAULT NULL,
  `archived_at` datetime(6) DEFAULT NULL,
  `archived_by` varchar(255) DEFAULT NULL,
  `archived_from` varchar(255) DEFAULT NULL,
  `created_at` datetime(6) DEFAULT NULL,
  `created_by` varchar(255) DEFAULT NULL,
  `created_from` varchar(255) DEFAULT NULL,
  `is_archived` tinyint(1) NOT NULL,
  `modified_at` datetime(6) DEFAULT NULL,
  `modified_by` varchar(255) DEFAULT NULL,
  `modified_from` varchar(255) DEFAULT NULL,
  `minimum_profile_completeness` int(11) DEFAULT NULL,
  `email_use_tls` tinyint(1) NOT NULL,
  `no_reply_sender_host_password` varchar(50) NOT NULL,
  `no_reply_sender_host_user` varchar(50) NOT NULL,
  `sender_email_host` varchar(50) NOT NULL,
  `sender_email_port` varchar(10) NOT NULL,
  PRIMARY KEY (`id`)
) ENGINE=InnoDB AUTO_INCREMENT=2 DEFAULT CHARSET=utf8;
/*!40101 SET character_set_client = @saved_cs_client */;

--
-- Dumping data for table `settings`
--

LOCK TABLES `settings` WRITE;
/*!40000 ALTER TABLE `settings` DISABLE KEYS */;
INSERT INTO `settings` VALUES (1,'http://facebook.com/example','http://bd.linkedin.com/example','http://twitter.com/example','logo/download.jpeg','http://www.apple.com/shop','http://play.google.com/store/apps','Badda, Gulsan','example@ishraak.com',NULL,NULL,'01900000000','support@ishrak.com',NULL,NULL,NULL,NULL,'2020-07-14 05:09:04.365077','1','127.0.0.1',0,'2020-09-15 06:28:07.613397','1','127.0.0.1',20,1,'L?D0Y{M.N+6T','no-reply@jobxprss.com','vps30780.inmotionhosting.com','465');
/*!40000 ALTER TABLE `settings` ENABLE KEYS */;
UNLOCK TABLES;

--
-- Table structure for table `skills`
--

DROP TABLE IF EXISTS `skills`;
/*!40101 SET @saved_cs_client     = @@character_set_client */;
/*!40101 SET character_set_client = utf8 */;
CREATE TABLE `skills` (
  `id` int(11) NOT NULL AUTO_INCREMENT,
  `name` varchar(255) NOT NULL,
  `archived_at` datetime(6) DEFAULT NULL,
  `archived_by` varchar(255) DEFAULT NULL,
  `archived_from` varchar(255) DEFAULT NULL,
  `created_at` datetime(6) DEFAULT NULL,
  `created_by` varchar(255) DEFAULT NULL,
  `created_from` varchar(255) DEFAULT NULL,
  `is_archived` tinyint(1) NOT NULL,
  `modified_at` datetime(6) DEFAULT NULL,
  `modified_by` varchar(255) DEFAULT NULL,
  `modified_from` varchar(255) DEFAULT NULL,
  PRIMARY KEY (`id`),
  UNIQUE KEY `name` (`name`)
) ENGINE=InnoDB AUTO_INCREMENT=9 DEFAULT CHARSET=utf8;
/*!40101 SET character_set_client = @saved_cs_client */;

--
-- Dumping data for table `skills`
--

LOCK TABLES `skills` WRITE;
/*!40000 ALTER TABLE `skills` DISABLE KEYS */;
INSERT INTO `skills` VALUES (1,'Python',NULL,NULL,NULL,'2020-07-14 04:26:28.267902','1','127.0.0.1',0,NULL,NULL,NULL),(2,'Django',NULL,NULL,NULL,'2020-07-14 04:26:39.474217','1','127.0.0.1',0,NULL,NULL,NULL),(3,'CSS',NULL,NULL,NULL,'2020-07-14 04:26:52.977348','1','127.0.0.1',0,NULL,NULL,NULL),(4,'HTML',NULL,NULL,NULL,'2020-07-14 04:27:01.217118','1','127.0.0.1',0,NULL,NULL,NULL),(5,'AWS',NULL,NULL,NULL,'2020-07-14 04:27:16.701061','1','127.0.0.1',0,NULL,NULL,NULL),(6,'Java',NULL,NULL,NULL,'2020-07-14 04:27:27.829001','1','127.0.0.1',0,NULL,NULL,NULL),(7,'PHP',NULL,NULL,NULL,'2020-07-14 04:27:40.825055','1','127.0.0.1',0,NULL,NULL,NULL),(8,'NoSkill',NULL,NULL,NULL,'2020-08-24 04:30:34.301417','1','127.0.0.1',0,'2020-08-24 04:31:54.310154','1','127.0.0.1');
/*!40000 ALTER TABLE `skills` ENABLE KEYS */;
UNLOCK TABLES;

--
-- Table structure for table `testimonials`
--

DROP TABLE IF EXISTS `testimonials`;
/*!40101 SET @saved_cs_client     = @@character_set_client */;
/*!40101 SET character_set_client = utf8 */;
CREATE TABLE `testimonials` (
  `id` int(11) NOT NULL AUTO_INCREMENT,
  `client_name` varchar(255) NOT NULL,
  `comment` longtext NOT NULL,
  `profile_picture` varchar(100) NOT NULL,
  `archived_at` datetime(6) DEFAULT NULL,
  `archived_by` varchar(255) DEFAULT NULL,
  `archived_from` varchar(255) DEFAULT NULL,
  `created_at` datetime(6) DEFAULT NULL,
  `created_by` varchar(255) DEFAULT NULL,
  `created_from` varchar(255) DEFAULT NULL,
  `is_archived` tinyint(1) NOT NULL,
  `modified_at` datetime(6) DEFAULT NULL,
  `modified_by` varchar(255) DEFAULT NULL,
  `modified_from` varchar(255) DEFAULT NULL,
  PRIMARY KEY (`id`),
  UNIQUE KEY `name` (`client_name`)
) ENGINE=InnoDB AUTO_INCREMENT=4 DEFAULT CHARSET=utf8;
/*!40101 SET character_set_client = @saved_cs_client */;

--
-- Dumping data for table `testimonials`
--

LOCK TABLES `testimonials` WRITE;
/*!40000 ALTER TABLE `testimonials` DISABLE KEYS */;
INSERT INTO `testimonials` VALUES (1,'Example One','Comment example is here. Comment example is here. Comment example is here. Comment example is here. Comment example is here. Comment example is here. Comment example is here. Comment example is here. Comment example is here. Comment example is here. Comment example is here. Comment example is here. Comment example is here. Comment example is here. Comment example is here. Comment example is here. Comment example is here. Comment example is here. Comment example is here. Comment example is here. Comment example is here. Comment example is here. Comment example is here. Comment example is here.','testimonials/career_advice_one.jpg',NULL,NULL,NULL,'2020-07-14 05:10:00.359938','1','127.0.0.1',0,'2020-07-29 03:59:41.551868','1','127.0.0.1'),(2,'Example Two','Comment example is here. Comment example is here. Comment example is here. Comment example is here. Comment example is here. Comment example is here. Comment example is here. Comment example is here. Comment example is here. Comment example is here. Comment example is here. Comment example is here. Comment example is here. Comment example is here. Comment example is here. Comment example is here. Comment example is here. Comment example is here. Comment example is here. Comment example is here. Comment example is here. Comment example is here. Comment example is here. Comment example is here.','testimonials/career_advice_two.jpeg',NULL,NULL,NULL,'2020-07-14 05:10:38.518477','1','127.0.0.1',0,'2020-07-29 04:00:54.034095','1','127.0.0.1'),(3,'Example Three','Comment example is here. Comment example is here. Comment example is here. Comment example is here. Comment example is here. Comment example is here. Comment example is here. Comment example is here. Comment example is here. Comment example is here. Comment example is here. Comment example is here. Comment example is here. Comment example is here. Comment example is here. Comment example is here. Comment example is here. Comment example is here. Comment example is here. Comment example is here. Comment example is here. Comment example is here. Comment example is here. Comment example is here.','testimonials/career_advice_three.jpg',NULL,NULL,NULL,'2020-07-14 05:10:47.826749','1','127.0.0.1',0,'2020-07-29 04:01:04.088599','1','127.0.0.1');
/*!40000 ALTER TABLE `testimonials` ENABLE KEYS */;
UNLOCK TABLES;

--
-- Table structure for table `trending_keywords`
--

DROP TABLE IF EXISTS `trending_keywords`;
/*!40101 SET @saved_cs_client     = @@character_set_client */;
/*!40101 SET character_set_client = utf8 */;
CREATE TABLE `trending_keywords` (
  `id` int(11) NOT NULL AUTO_INCREMENT,
  `keyword` varchar(255) NOT NULL,
  `location` varchar(255) NOT NULL,
  `browser` varchar(255) NOT NULL,
  `operating_system` varchar(255) NOT NULL,
  `device` varchar(255) NOT NULL,
  `archived_at` datetime(6) DEFAULT NULL,
  `archived_by` varchar(255) DEFAULT NULL,
  `archived_from` varchar(255) DEFAULT NULL,
  `created_at` datetime(6) DEFAULT NULL,
  `created_by` varchar(255) DEFAULT NULL,
  `created_from` varchar(255) DEFAULT NULL,
  `is_archived` tinyint(1) NOT NULL,
  `modified_at` datetime(6) DEFAULT NULL,
  `modified_by` varchar(255) DEFAULT NULL,
  `modified_from` varchar(255) DEFAULT NULL,
  PRIMARY KEY (`id`)
) ENGINE=InnoDB AUTO_INCREMENT=6 DEFAULT CHARSET=utf8;
/*!40101 SET character_set_client = @saved_cs_client */;

--
-- Dumping data for table `trending_keywords`
--

LOCK TABLES `trending_keywords` WRITE;
/*!40000 ALTER TABLE `trending_keywords` DISABLE KEYS */;
INSERT INTO `trending_keywords` VALUES (1,'Example','','Chrome','Linux','Computer',NULL,NULL,NULL,'2020-08-11 04:10:19.487034',NULL,NULL,0,NULL,NULL,NULL),(2,'One','','Chrome','Linux','Computer',NULL,NULL,NULL,'2020-08-11 04:13:13.607794',NULL,NULL,0,NULL,NULL,NULL),(3,'Twenty','','Chrome','Linux','Computer',NULL,NULL,NULL,'2020-08-11 04:13:30.964610',NULL,NULL,0,NULL,NULL,NULL),(4,'Twenty','','Chrome','Linux','Computer',NULL,NULL,NULL,'2020-08-11 04:13:45.576155',NULL,NULL,0,NULL,NULL,NULL),(5,'Twenty','','Chrome','Linux','Computer',NULL,NULL,NULL,'2020-08-11 05:25:45.189724',NULL,NULL,0,NULL,NULL,NULL);
/*!40000 ALTER TABLE `trending_keywords` ENABLE KEYS */;
UNLOCK TABLES;

--
-- Table structure for table `work_experiences`
--

DROP TABLE IF EXISTS `work_experiences`;
/*!40101 SET @saved_cs_client     = @@character_set_client */;
/*!40101 SET character_set_client = utf8 */;
CREATE TABLE `work_experiences` (
  `id` int(11) NOT NULL AUTO_INCREMENT,
  `designation` varchar(255) DEFAULT NULL,
  `start_date` date DEFAULT NULL,
  `end_date` date DEFAULT NULL,
  `company_id` varchar(255) DEFAULT NULL,
  `professional_id` char(32) NOT NULL,
  `is_archived` tinyint(1) NOT NULL,
  `is_currently_working` tinyint(1) NOT NULL,
  `company_text` varchar(255) NOT NULL,
  `created_by` varchar(255) DEFAULT NULL,
  `modified_by` varchar(255) DEFAULT NULL,
  `description` longtext,
  `archived_at` datetime(6) DEFAULT NULL,
  `archived_by` varchar(255) DEFAULT NULL,
  `archived_from` varchar(255) DEFAULT NULL,
  `created_from` varchar(255) DEFAULT NULL,
  `modified_from` varchar(255) DEFAULT NULL,
  `created_at` datetime(6) DEFAULT NULL,
  `modified_at` datetime(6) DEFAULT NULL,
  PRIMARY KEY (`id`),
  KEY `work_experiences_company_id_5b72c179_fk_companies_name` (`company_id`),
  KEY `work_experiences_professional_id_3db46ccd_fk_professionals_id` (`professional_id`),
  CONSTRAINT `work_experiences_company_id_5b72c179_fk_companies_name` FOREIGN KEY (`company_id`) REFERENCES `companies` (`name`),
  CONSTRAINT `work_experiences_professional_id_3db46ccd_fk_professionals_id` FOREIGN KEY (`professional_id`) REFERENCES `professionals` (`id`)
) ENGINE=InnoDB AUTO_INCREMENT=3 DEFAULT CHARSET=utf8;
/*!40101 SET character_set_client = @saved_cs_client */;

--
-- Dumping data for table `work_experiences`
--

LOCK TABLES `work_experiences` WRITE;
/*!40000 ALTER TABLE `work_experiences` DISABLE KEYS */;
INSERT INTO `work_experiences` VALUES (1,'DevOps','2020-01-01','2020-07-18','Company Example View','781d597065fe4136af3520c38eb8042b',0,0,'Company Example','6','1','<p>Test about me.&nbsp;Test about me.&nbsp;Test about me.&nbsp;Test about me.&nbsp;Test about me.&nbsp;Test about me.&nbsp;Test about me.&nbsp;Test about me.&nbsp;Test about me.&nbsp;Test about me.&nbsp;Test about me.&nbsp;Test about me.&nbsp;Test about me.&nbsp;Test about me.&nbsp;Test about me.&nbsp;Test about me.&nbsp;</p>\r\n<ol>\r\n<li>Test about me.&nbsp;Test about me.&nbsp;</li>\r\n<li>Test about me.&nbsp;Test about me.&nbsp;</li>\r\n<li><strong>Test about me.&nbsp;</strong></li>\r\n</ol>',NULL,NULL,NULL,'127.0.0.1','127.0.0.1','2020-07-18 04:05:38.183043','2020-08-11 07:13:04.967949'),(2,'Designaton One','2020-08-03',NULL,'Company Example','5ec333621826464fafe0501d0cf39fc8',1,1,'Company Example','4','1','<p>sfg</p>','2020-08-11 06:59:03.783229','4','127.0.0.1','127.0.0.1','127.0.0.1','2020-08-11 06:47:11.463874','2020-08-11 07:13:42.120873');
/*!40000 ALTER TABLE `work_experiences` ENABLE KEYS */;
UNLOCK TABLES;
/*!40103 SET TIME_ZONE=@OLD_TIME_ZONE */;

/*!40101 SET SQL_MODE=@OLD_SQL_MODE */;
/*!40014 SET FOREIGN_KEY_CHECKS=@OLD_FOREIGN_KEY_CHECKS */;
/*!40014 SET UNIQUE_CHECKS=@OLD_UNIQUE_CHECKS */;
/*!40101 SET CHARACTER_SET_CLIENT=@OLD_CHARACTER_SET_CLIENT */;
/*!40101 SET CHARACTER_SET_RESULTS=@OLD_CHARACTER_SET_RESULTS */;
/*!40101 SET COLLATION_CONNECTION=@OLD_COLLATION_CONNECTION */;
/*!40111 SET SQL_NOTES=@OLD_SQL_NOTES */;

-- Dump completed on 2020-09-26 17:55:31
